latitude,longitude,near_highway,near_mall,near_river,near_mountain
23.0445921,72.517344,True,True,True,False
23.0260111,72.5567179,True,False,True,False
23.0169268,72.5204317,True,True,True,False
23.0238876,72.3851475,True,False,True,False
23.0359998,72.5643429,True,False,True,False
23.0069372,72.5208415,True,False,True,False
23.0063315,72.536517,True,False,True,False
23.0589329,72.6718737,True,False,True,False
23.0225,72.5714,True,False,True,False
22.9986596,72.6114013,True,False,True,False
23.075569,72.549728,True,False,True,False
23.0544372,72.4720756,True,False,True,False
23.0400861,72.5290418,True,True,True,False
23.0272347,72.5071124,True,True,True,False
23.1100643,72.5811205,True,True,False,False
23.0385802,72.4587752,False,False,True,False
22.9999369,72.5050111,True,False,True,False
23.0020055,72.5472413,True,False,True,False
23.0108213,72.4427119,False,False,True,False
22.996342,72.5043085,True,False,True,False
23.0008422,72.6186315,True,False,True,False
23.0295113,72.4506006,False,False,True,False
23.0516973,72.535169,True,True,True,False
23.0225299,72.5416944,True,True,True,False
23.077854,72.494798,True,False,True,False
23.0485393,72.511742,True,True,True,False
23.1144034,72.5477704,True,False,True,False
23.0917717,72.5973345,True,True,True,False
23.0804086,72.6340502,True,False,True,False
23.0011144,72.5168855,True,False,True,False
23.0145531,72.5635432,True,False,True,False
23.0040778,72.5285046,True,False,True,False
22.9306513,72.4407996,True,False,False,False
23.1010002,72.5408363,True,False,True,False
22.9589978,72.6297981,True,False,True,False
23.0233196,72.4087089,False,False,True,False
23.0287179,72.481643,True,True,True,False
23.0766234,72.5764197,True,False,True,False
23.069237,72.5111307,True,True,True,False
22.9729765,72.5895984,True,False,True,False
23.0231657,72.5602628,True,False,True,False
23.0457058,72.5268056,True,True,True,False
22.9645191,72.4704112,True,False,True,False
23.0110669,72.5137432,True,False,True,False
22.9811295,72.6012948,True,False,True,False
23.0264444,72.5120935,True,True,True,False
23.092529,72.561323,False,False,True,False
23.0355463,72.4221954,False,False,True,False
23.0682238,72.5640995,True,False,False,False
23.086171,72.534872,True,False,True,False
23.1559206,72.5483,True,False,True,False
23.0393458,72.2748933,False,False,True,False
23.1060238,72.4759517,False,False,True,False
22.9964913,72.5774026,True,False,True,False
23.0945918,72.6119846,True,True,True,False
23.0311771,72.5641637,True,False,True,False
23.0263944,72.5610565,True,False,True,False
22.983483,72.5007203,True,False,True,False
23.0329288,72.5766297,True,True,True,False
23.058825,72.3686102,True,False,True,False
22.9993349,72.6245126,True,False,True,False
23.1283467,72.558657,True,False,True,False
23.018494,72.495454,True,False,True,False
22.9999238,72.6006692,True,False,True,False
23.0868734,72.4835036,True,False,True,False
23.1177924,72.5136803,True,False,True,False
23.0472488,72.6088046,True,False,True,False
23.0556364,72.5965538,True,True,True,False
23.0255796,72.6653505,True,False,True,False
23.0017632,72.5940885,True,False,True,False
23.0265739,72.5489628,True,False,True,False
23.0302382,72.6372435,True,False,True,False
22.9411139,72.6674473,True,False,False,False
23.0836489,72.5520835,False,False,True,False
22.9950077,72.4724656,True,False,True,False
23.0687402,72.6734956,True,False,True,False
23.0697965,72.5524459,True,False,True,False
23.1170709,72.6283409,True,False,True,False
23.022456,72.5505847,True,False,True,False
23.1092602,72.5947005,True,True,True,False
23.0526146,72.4817156,True,False,True,False
23.024974,72.5568313,True,False,True,False
23.0180393,72.55112,True,False,True,False
23.1361229,72.5426754,True,False,True,False
22.9954909,72.5335463,True,False,True,False
23.0235385,72.470527,True,True,True,False
22.9402206,72.4567127,True,False,False,False
23.0188317,72.6004561,True,False,True,False
23.0770712,72.5890677,True,False,False,False
23.0819604,72.6070596,True,False,True,False
23.0139664,72.5288636,True,True,True,False
23.0516211,72.5190509,True,True,True,False
23.3450938,72.3130173,False,False,False,False
23.0611627,72.5858628,True,True,True,False
23.0263264,72.5077538,True,True,True,False
23.0791714,72.6107869,True,False,True,False
23.0601652,72.5806382,True,True,True,False
23.049496,72.5932852,True,True,True,False
23.0362408,72.630339,True,False,True,False
23.0892382,72.5222394,True,False,True,False
23.0458688,72.5348755,True,True,True,False
23.0439485,72.5067183,True,False,True,False
23.0045991,72.5096372,True,False,True,False
23.0212928,72.5847376,True,False,True,False
23.0735173,72.6415892,True,False,True,False
23.1263903,72.5400089,True,False,True,False
23.0242311,72.5713983,True,False,True,False
23.0811398,72.1741575,False,False,False,False
22.9993547,72.6137203,True,False,True,False
22.9948656,72.6624431,True,False,True,False
23.1296579,72.5896904,True,False,True,False
23.0751633,72.5440359,True,False,True,False
23.0458191,72.5523558,True,False,True,False
23.0494743,72.5243905,True,True,True,False
23.0214082,72.5198974,True,True,True,False
23.0392105,72.5810327,True,True,True,False
23.0274015,72.5064443,True,True,True,False
22.1398631,72.1004929,False,False,False,False
23.0057574,72.6269822,True,False,True,False
23.0168635,72.4725529,True,True,True,False
23.0854097,72.6580946,True,False,True,False
22.9552343,72.4222572,False,False,True,False
23.0848516,72.5303277,True,False,True,False
23.0459268,72.5368259,True,False,True,False
23.020404,72.556059,True,False,True,False
23.0484229,72.5288598,True,True,True,False
23.0759257,72.630564,True,False,False,False
23.0585119,72.5174406,True,True,True,False
22.8278859,72.3684741,True,False,False,False
23.0474293,72.5566266,True,False,True,False
23.1031114,72.6021329,True,True,True,False
23.003723,72.5538743,True,False,True,False
23.0616704,72.6721767,True,False,False,False
23.0388616,72.6358575,True,False,True,False
22.9109566,72.4869293,True,False,False,False
22.8032995,72.448175,True,False,False,False
23.0263312,72.601,True,False,False,False
23.016933,72.4729214,True,True,True,False
23.0329173,72.6830623,True,False,True,False
22.9825505,72.6258224,True,False,True,False
23.0256526,72.5265946,True,True,True,False
23.0154366,72.5292622,True,True,True,False
12.9858669,77.5331755,True,False,True,False
12.9907478,77.7467309,True,False,True,True
12.9357366,77.624081,True,True,True,False
12.9716,77.5946,True,True,True,False
12.8009043,77.7114908,True,False,True,False
13.0978039,77.5811889,True,False,True,False
12.9034581,77.6230028,True,False,True,False
12.9229728,77.4842926,True,False,True,False
13.0427796,77.5129645,True,False,True,False
12.7751249,77.7709216,True,False,True,False
12.8977737,77.6745075,True,False,True,False
13.0125961,77.5333145,True,False,True,True
12.9730088,77.5804711,True,True,True,False
13.0382184,77.5919,True,False,True,False
13.0141618,77.6518539,True,False,True,False
12.9957428,77.7579489,True,False,True,False
13.1067228,77.6173956,True,False,True,False
13.037077,77.6413572,True,False,True,False
12.8964767,77.6216675,True,False,True,False
12.9278196,77.556621,True,False,True,False
12.9999024,77.6776703,True,False,True,False
12.9732913,77.6404672,True,False,True,False
12.9058923,77.675465,True,False,True,False
12.9109539,77.5978198,True,False,True,False
12.8633887,77.6130112,True,False,True,True
12.9140008,77.6102821,True,True,True,False
12.9417261,77.5755021,True,False,True,False
12.9181024,77.5576638,True,False,True,False
13.0005232,77.5496166,True,False,True,True
13.0766407,77.5577315,True,False,True,False
12.9676625,77.6761038,True,False,True,False
12.8496783,77.6649749,True,False,True,False
12.9812262,77.6745845,True,False,True,False
13.1014045,77.6356543,True,False,True,False
12.910206,77.5639218,True,False,True,False
13.0333587,77.5581786,True,False,True,False
12.8473999,77.6724452,True,False,True,False
12.9096941,77.5866067,True,False,True,False
13.031992,77.6280789,True,False,True,False
12.9551213,77.5174955,True,False,True,False
13.0027048,77.6346165,True,False,True,False
12.945245,77.6274776,True,True,True,False
13.0254156,77.5960071,True,False,True,False
13.0522499,77.6316152,True,False,True,False
13.0394104,77.5197351,True,False,True,False
12.9975851,77.6136744,True,True,True,False
12.9652094,77.717936,True,True,True,False
12.9589406,77.6555917,True,False,True,False
13.0662319,77.6007646,True,False,True,False
12.9855509,77.668072,True,False,True,False
13.0784743,77.6068938,True,False,True,False
12.963555,77.6015856,True,True,True,False
12.8792861,77.5697529,True,False,True,False
13.050194,77.6075951,True,False,True,False
12.9406508,77.746988,True,False,True,False
12.9314733,77.5290964,True,False,True,True
13.0221416,77.6403368,True,False,True,False
12.8505644,77.6466948,True,False,True,False
13.0021998,77.6251814,True,False,True,False
12.9512353,77.519054,True,False,True,False
12.9046331,77.6070945,True,True,True,False
12.9565103,77.6759082,True,False,True,False
13.0784176,77.5245316,False,False,True,False
12.9454643,77.6805505,True,False,True,False
12.9176571,77.4837568,True,False,True,False
13.0462134,77.7504125,True,False,True,False
13.0093949,77.6267881,True,False,True,False
12.9934858,77.6251081,True,True,True,False
13.0148544,77.6382029,True,False,True,False
12.997343,77.6036815,True,True,True,False
12.8795774,77.6719842,False,False,True,False
13.0275463,77.5905718,True,False,True,False
13.0120218,77.6777817,True,False,True,False
12.8992578,77.5321721,True,False,True,True
12.9116225,77.6388622,True,False,True,False
13.0200235,77.6092887,True,False,True,False
12.9959233,77.7192796,True,False,True,False
12.9624669,77.6381958,True,False,True,False
13.0271999,77.6792114,False,False,True,False
12.9552572,77.6984163,True,True,True,False
13.0031666,77.7272835,True,False,True,False
13.0221838,77.5530824,True,False,True,True
12.8854515,77.6034249,True,True,True,False
12.8468545,77.6769267,True,False,True,False
13.0475147,77.5709945,True,False,True,False
12.8750432,77.6164914,True,False,True,True
12.9783896,77.637303,True,False,True,False
12.7678915,77.7043732,False,False,True,False
12.9150398,77.5678879,True,False,True,False
13.0273312,77.6601508,True,False,True,False
12.9954832,77.6239259,True,False,True,False
13.0979667,77.3945591,True,False,True,False
12.9292731,77.5824229,True,False,True,False
12.9713194,77.6964768,True,True,True,False
13.0015277,77.6512362,True,False,True,False
13.0578901,77.6721894,False,False,True,False
12.9055682,77.5455438,True,False,True,True
12.97516,77.7703403,True,False,True,False
12.9965445,77.6927176,True,False,True,False
12.9117853,77.5976188,True,False,True,False
12.9320495,77.6842915,True,False,True,False
12.9555367,77.5924278,True,False,True,False
13.0529146,77.6312831,True,False,True,False
13.0479536,77.5001422,True,False,True,False
12.9578658,77.6958748,True,True,True,False
12.8793396,77.5034003,True,False,True,False
12.9770585,77.6318947,True,False,True,False
12.9644251,77.6349677,True,False,True,False
13.1310462,77.574511,True,False,True,False
12.8291084,77.42703,True,False,True,False
12.8871751,77.6112689,True,True,True,False
13.0052451,77.7132511,True,False,True,False
12.9115381,77.6934164,True,False,True,False
12.8905129,77.7133427,True,False,True,False
12.9111998,77.7065133,True,False,True,False
12.9168164,77.6223685,True,True,True,False
13.0705182,77.5869662,True,False,True,False
12.9778793,77.6246697,True,True,True,False
12.9366109,77.7047316,True,False,True,False
12.9528478,77.5819643,True,False,True,False
12.8773486,77.6028031,True,True,True,True
12.8847643,77.6218621,True,False,True,False
13.0278454,77.7206079,True,False,True,False
12.9312736,77.5704231,True,False,False,False
12.8787382,77.642089,True,False,True,False
12.8722557,77.663486,True,False,True,False
13.0464819,77.5176977,True,False,True,False
13.0281982,77.5796524,True,False,True,False
12.9757853,77.6725875,True,False,True,False
13.0207029,77.6215464,True,False,True,False
13.0894554,77.556171,True,False,True,False
13.0544347,77.559327,True,False,True,False
12.8883623,77.6799727,False,False,True,False
12.9761264,77.660815,True,False,True,False
12.9618581,77.5335932,True,False,True,False
12.8899174,77.6396808,True,False,True,False
13.0742536,77.7465943,True,False,True,False
13.0308767,77.6521533,True,False,True,False
12.9194108,77.609966,True,True,True,False
12.9846295,77.7377329,True,False,True,True
13.0374647,77.623602,True,False,True,False
13.1305028,77.5804603,True,False,True,False
12.9041861,77.6778517,True,False,True,False
13.0155836,77.7063956,True,False,True,False
13.0988898,77.5806518,True,False,True,False
12.9694359,77.6092319,True,True,True,False
12.8966653,77.6855489,True,False,True,False
12.9425312,77.6027848,True,True,True,False
12.9746882,77.628026,True,True,True,False
13.0705989,77.5867134,True,False,True,False
12.9635497,77.6460411,True,False,True,False
13.015491,77.7631731,True,False,True,False
12.9489339,77.5968273,True,True,True,False
13.1006982,77.5963454,True,False,True,False
13.0648426,77.5993429,True,False,True,False
12.9138348,77.6775268,True,False,True,False
12.96218,77.6635462,True,False,True,False
12.8591407,77.5284991,True,False,True,False
13.068322,77.591006,True,False,True,False
12.9946631,77.5747183,True,True,True,False
12.7764978,77.6326204,True,False,True,False
12.8565317,77.5877237,True,False,True,False
12.9140082,77.607945,True,True,True,False
12.9558969,77.7405826,True,False,True,False
13.0027353,77.5703253,True,True,True,False
12.9709537,77.5373851,True,False,True,False
12.982522,77.7605253,True,False,True,True
13.0344453,77.6766779,False,False,True,False
13.142344,77.7339688,True,False,True,False
12.9771534,77.5800313,True,True,True,False
12.9162546,77.5891812,True,False,True,False
13.0638109,77.5717581,True,False,True,False
13.0837692,77.5860438,True,False,True,False
12.9636169,77.7342959,True,False,True,False
12.9694037,77.5870258,True,True,True,False
13.0880852,77.4949031,True,False,True,False
12.8509089,77.5986785,True,False,True,False
12.8930758,77.5961351,True,True,True,False
13.1403482,77.671269,True,False,True,False
12.8889126,77.6555716,True,False,True,False
13.0133522,77.6497417,True,False,True,False
12.969649,77.5023618,True,False,True,False
12.9921738,77.591459,True,True,True,False
13.0042369,77.6170601,True,False,True,False
12.9121916,77.5476337,True,False,True,True
12.9351457,77.7047541,True,False,True,False
12.9377243,77.7280705,True,False,True,False
12.8686664,77.6441741,True,False,True,False
13.0850788,77.6263539,True,False,True,False
12.864332,77.5879452,True,False,True,False
12.8802088,77.6658442,True,False,True,False
12.8699226,77.6272278,True,False,True,False
12.8160161,77.6892217,True,False,True,False
13.015119,77.7094485,True,False,True,False
13.1051471,77.5714776,True,False,True,False
13.0548302,77.5155741,True,False,True,False
13.0302592,77.6935252,True,False,True,False
12.8226963,77.6495447,False,False,True,False
12.9829907,77.5744995,True,True,True,False
12.9091524,77.6438684,True,False,True,False
12.8089587,77.5097006,True,False,True,False
12.8701259,77.5820178,True,False,True,False
12.915939,77.4932278,True,False,True,False
13.0978927,77.62596,True,False,True,False
12.8601269,77.6053051,True,False,True,True
15.3508066,75.1420273,False,False,False,False
13.0805925,77.6291328,True,False,True,False
13.0222132,77.5781101,True,False,True,False
13.1150894,77.5679972,True,False,True,False
13.0360109,77.5695288,True,False,True,False
13.0304962,77.6860657,False,False,True,False
12.9947771,77.676929,True,False,True,False
12.9451006,77.651534,True,False,True,False
12.9440234,77.6088867,True,True,True,False
12.9070833,77.6351607,True,False,True,False
12.9107357,77.5829631,True,False,True,False
12.9845768,77.6131984,True,True,True,False
13.0047061,77.5449492,True,False,True,True
12.9450536,77.5586486,True,False,True,False
13.0176937,77.5555009,True,False,True,True
13.0113153,77.5446972,True,False,True,True
12.9746062,77.6756305,True,False,True,False
12.9584184,77.5629161,True,False,True,False
12.9093675,77.6407794,True,False,True,False
12.9867445,77.7337049,True,False,True,False
13.0082113,77.652778,True,False,True,False
12.8931539,77.6219724,True,False,True,False
12.8415946,77.6479125,False,False,True,False
12.9208486,77.6636577,True,False,True,False
12.9873426,77.7538033,True,False,True,True
12.9848621,77.7559192,True,False,True,True
12.8994357,77.6524573,True,False,True,False
12.8856635,77.5416809,True,False,True,True
13.0588586,77.6232576,True,False,True,False
12.931045,77.6098888,True,True,True,False
12.7981134,77.5843744,True,False,True,False
13.0645394,77.6058512,True,False,True,False
12.9228378,77.7188315,True,False,True,False
12.9004224,77.4871294,True,False,True,True
12.9722287,77.5986661,True,True,True,False
12.8615644,77.5296769,True,False,True,False
12.9905037,77.7141324,True,False,True,False
12.9945223,77.5543647,True,True,True,True
12.898075,77.6452717,True,False,True,False
13.0059276,77.6594682,True,False,True,False
13.00317,77.6326118,True,False,True,False
13.0395699,77.6073304,True,False,True,False
12.9087963,77.6516734,True,False,True,False
12.9845259,77.5880134,True,True,True,False
12.8966996,77.6124269,True,True,True,False
12.9727668,77.6013071,True,True,True,False
13.0110193,77.5808641,True,True,True,False
12.9503678,77.546999,True,False,True,False
12.9599648,77.6503055,True,False,True,False
12.9870881,77.5949569,True,True,True,False
12.9755264,77.6067902,True,True,True,False
12.9989822,77.7408733,True,False,True,False
13.0806284,77.5528959,True,False,True,False
12.9937572,77.5391325,True,False,True,False
12.8742536,77.6260073,True,False,True,False
12.9656579,77.6142682,True,True,True,False
12.9877574,77.5378544,True,False,True,False
12.9767936,77.590082,True,True,True,False
12.8902062,77.6813108,False,False,True,False
12.9484488,77.5514971,True,False,True,False
12.9547872,77.7213154,True,True,True,False
12.9278968,77.5622171,True,False,True,False
12.9483382,77.5527644,True,False,True,False
12.8777098,77.7534769,True,False,True,False
13.045979,77.5222447,True,False,True,False
12.9413253,77.5212118,True,False,True,False
12.9605997,77.6401168,True,False,True,False
12.9912345,77.4870119,True,False,True,False
13.0506091,77.6212545,True,False,True,False
12.972681,77.5356957,True,False,True,False
13.0621474,77.5800614,True,False,True,False
13.063945,77.6335951,True,False,True,False
13.0222071,77.6319093,True,False,True,False
12.999489,77.5843469,True,True,True,False
12.9010682,77.5859397,True,True,True,False
13.0657041,77.4425319,True,False,True,False
13.0935051,77.5279929,True,False,True,False
12.9064203,77.6835161,True,False,True,False
12.9209772,77.7361016,True,False,True,False
13.0196883,77.4889451,True,False,True,False
12.9140788,77.6188862,True,True,True,False
12.9849379,77.7509365,True,False,True,True
13.1042269,77.4730361,True,False,True,False
12.9829027,77.7610972,True,False,True,True
12.9627471,77.6610345,True,False,True,False
12.9883249,77.6004488,True,True,True,False
12.9523859,77.6152058,True,True,True,False
12.9930575,77.6590555,True,False,True,False
12.9599794,77.4821948,True,False,True,False
12.8303925,77.5866537,True,False,True,False
12.9427346,77.558378,True,False,True,False
12.8003482,77.7630096,True,False,True,False
12.9457868,77.5706743,True,False,True,False
12.9650246,77.5700688,True,True,True,False
12.9959881,77.6014036,True,True,True,False
13.040022,77.6796248,False,False,True,False
13.12345,77.5752576,True,False,True,False
12.929217,77.549692,True,False,True,True
13.0720352,77.6333905,True,False,True,False
12.977594,77.7155586,True,False,True,False
12.965082,77.5982568,True,True,True,False
12.9959987,77.6578762,True,False,True,False
12.9578934,77.5464445,True,False,True,False
12.8761073,77.5961821,True,True,True,True
12.985503,77.485068,True,False,True,False
12.920456,77.6444991,True,False,True,False
13.0061898,77.7002059,True,False,True,False
13.0141515,77.6340564,True,False,True,False
12.8359685,77.6571728,True,False,True,False
12.993111,77.6666772,True,False,True,False
13.0064742,77.7504155,True,False,True,False
12.7930947,77.7000382,True,False,True,False
12.8881819,77.7292185,True,False,True,False
12.9520466,77.5370399,True,False,True,False
13.0318443,77.7618779,True,False,True,False
13.0677872,77.5445642,True,False,True,False
12.9584549,77.5808236,True,False,True,False
12.8364852,77.7260023,False,False,True,False
13.1398615,77.6230512,True,False,True,False
12.9933277,77.7220587,True,False,True,False
12.9459464,77.5409354,True,False,True,False
13.0645499,77.5275223,False,False,True,False
12.9951556,77.5022163,True,False,True,False
12.9253801,77.5499916,True,False,True,True
12.8528618,77.668169,True,False,True,False
13.0203359,77.5924292,True,False,True,False
13.0079918,77.6184726,True,False,True,False
12.9160293,77.497544,True,False,True,False
12.9706228,77.5553763,True,False,True,False
12.8137512,77.6953367,True,False,True,False
13.0368275,77.4882249,True,False,True,False
13.0546471,77.596317,True,False,True,False
12.8463294,77.679328,True,False,True,False
13.0550002,77.4789572,True,False,True,False
12.9289702,77.5839921,True,False,True,False
12.927699,77.6409796,True,False,True,False
12.9004719,77.6330038,True,False,True,False
12.943102,77.6556269,True,False,True,False
12.8829572,77.6500831,True,False,True,False
12.8114519,77.6603094,False,False,True,False
12.8525678,77.6436309,True,False,True,False
12.961396,77.4833965,True,False,True,False
12.9204015,77.6067432,True,True,True,False
12.8601312,77.5540587,True,False,True,False
13.0093485,77.7108379,True,False,True,False
12.9798772,77.5286425,True,False,True,False
12.9137089,77.6135724,True,True,True,False
13.0164987,77.6344298,True,False,True,False
13.032117,77.6363075,True,False,True,False
12.9396583,77.6288969,True,True,True,False
12.9732141,77.6820532,True,False,True,False
12.9746886,77.5310295,True,False,True,False
12.9693737,77.7416702,True,False,True,True
12.9393328,77.5539819,True,False,True,False
12.9256914,77.615365,True,True,True,False
13.0314059,77.6355596,True,False,True,False
12.8342646,77.6696262,True,False,True,False
12.9228686,77.7169652,True,False,True,False
13.0716969,77.6193949,True,False,True,False
12.9110032,77.5788747,True,False,True,False
13.0997677,77.6427148,True,False,True,False
12.9828479,77.7083437,True,False,True,False
12.9743823,77.6922506,True,False,True,False
12.9420196,77.552003,True,False,True,False
12.9922779,77.594615,True,True,True,False
12.9564486,77.6207504,True,False,True,False
13.0702817,77.6425172,True,False,True,False
13.0178699,77.6165505,True,False,True,False
13.0848014,77.6348471,True,False,True,False
13.0337321,77.5680068,True,False,True,False
12.9951007,77.6145607,True,True,True,False
12.965528,77.5467051,True,False,True,False
12.9490851,77.6184873,True,True,True,False
12.9299371,77.5374237,True,False,True,True
13.0025745,77.5256814,True,False,True,False
12.9031602,77.6052848,True,True,True,False
12.8835602,77.5140959,True,False,True,True
12.9182966,77.5741528,True,False,True,False
12.9175011,77.5611573,True,False,True,False
12.8849238,77.5154846,True,False,True,True
12.9150543,77.5988508,True,False,True,False
12.9381478,77.5828269,True,False,True,False
12.9301531,77.5763445,True,False,True,False
12.923008,77.5974581,True,False,True,False
12.9743212,77.6150015,True,True,True,False
12.9047595,77.6759172,True,False,True,False
13.0203163,77.6325425,True,False,True,False
13.0694707,77.6112448,True,False,True,False
12.8049438,77.6730314,False,False,True,False
12.8921814,77.6483362,True,False,True,False
12.969801,77.6303775,True,False,True,False
12.8646608,77.5938797,True,False,True,True
12.9977407,77.5418368,True,False,True,True
12.9564938,77.4831582,True,False,True,False
12.8785082,77.6408228,True,False,True,False
12.9364846,77.6134783,True,True,True,False
12.9994155,77.7530895,True,False,True,False
12.981538,77.680174,True,False,True,False
12.9611771,77.6558369,True,False,True,False
12.8819289,77.4854975,True,False,True,False
12.9700949,77.6561147,True,False,True,False
13.067129,77.621897,True,False,True,False
12.9129858,77.6037799,True,False,True,False
12.9178503,77.6352346,True,True,True,False
12.9297622,77.5333268,True,False,True,True
12.9876393,77.7377718,True,False,True,True
12.9479007,77.6994103,True,True,True,False
13.0543306,77.6710224,False,False,True,False
12.9039905,77.5859569,True,True,True,False
12.9206827,77.6357104,True,True,True,False
13.0071308,77.5345214,True,False,True,True
12.9808558,77.7087854,True,False,True,False
12.8762737,77.5668962,True,False,True,False
13.090997,77.5868301,True,False,True,False
12.975608,77.5553564,True,False,True,False
12.8197441,77.6556576,False,False,True,False
13.0034737,77.5107376,True,False,True,False
12.977178,77.7436455,True,False,True,True
12.8817809,77.5731796,True,False,True,False
12.8819431,77.6728073,False,False,True,False
12.9651927,77.5919645,True,False,True,False
13.0255533,77.6313982,True,False,True,False
13.0625664,77.4929925,True,False,True,False
12.9922767,77.677326,True,False,True,False
12.8389813,77.6750305,True,False,True,False
12.9633735,77.6419254,True,False,True,False
12.9728474,77.6087738,True,True,True,False
13.0413668,77.5678155,True,False,True,False
12.9214542,77.6211213,True,True,True,False
12.9327296,77.7039713,True,False,True,False
12.9600263,77.6449347,True,False,True,False
13.0076481,77.7258907,True,False,True,False
12.956763,77.6488827,True,False,True,False
12.9358121,77.5150011,True,False,True,False
12.9070818,77.6929357,True,False,True,False
12.9287596,77.6287122,True,True,True,False
12.824788,77.7070289,True,False,True,False
12.9682085,77.6823937,True,False,True,False
12.9529247,77.6231374,True,False,True,False
12.9233593,77.5418698,True,False,True,True
13.0232471,77.5883569,True,False,True,False
12.9556699,77.5402492,True,False,True,False
12.8774369,77.5447414,True,False,True,True
13.0815052,77.69505,False,False,True,False
13.0367681,77.5675668,True,False,True,False
12.7561242,77.6247388,False,False,True,False
12.9105609,77.6271039,True,True,True,False
13.0673987,77.5004877,True,False,True,False
12.9721131,77.5215397,True,False,True,False
12.8822711,77.4606466,True,False,True,False
12.9678103,77.6715478,True,False,True,False
13.0326126,77.6096168,True,False,True,False
12.9781922,77.7246451,True,False,True,False
12.9327778,77.6294052,True,True,True,False
12.8872086,77.5960493,True,True,True,False
12.8868411,77.5969514,True,True,True,False
12.9779079,77.5723936,True,True,True,False
12.9118559,77.6516888,True,False,True,False
12.9579825,77.609009,True,True,True,False
13.0509021,77.7405306,True,False,True,False
13.0272857,77.5934361,True,False,True,False
13.0227204,77.595715,True,False,True,False
13.0374664,77.628799,True,False,True,False
12.9794966,77.7498654,True,False,True,True
13.0039028,77.6736303,True,False,True,False
12.9173302,77.5851029,True,False,True,False
13.0041793,77.7569632,True,False,True,False
12.9725282,77.6512284,True,False,True,False
12.821203,77.6660463,True,False,True,False
12.9472552,77.7538267,True,False,True,False
12.9198212,77.6916244,True,False,True,False
13.0377061,77.6303636,True,False,True,False
12.972819,77.6172708,True,True,True,False
12.993425,77.7005156,True,False,True,False
12.9721432,77.5940073,True,True,True,False
12.9899098,77.7011259,True,False,True,False
12.9390255,77.6238477,True,True,True,False
12.8060574,77.7862873,True,False,True,False
13.0763895,77.6057269,True,False,True,False
13.0890496,77.5109895,True,False,True,False
13.0806375,77.6916126,False,False,True,False
12.8244922,77.6175213,False,False,True,False
12.9358666,77.7057343,True,False,True,False
12.939922,77.4913207,True,False,True,False
12.9844888,77.6467707,True,False,True,False
12.9706554,77.7115645,True,True,True,False
12.9763601,77.7102993,True,False,True,False
13.0173076,77.5917019,True,False,True,False
12.9388164,77.568326,True,False,True,False
12.964118,77.7130369,True,True,True,False
12.9612736,77.6152935,True,True,True,False
13.0011143,77.6123797,True,False,True,False
12.9117233,77.5707877,True,False,True,False
12.9458982,77.664893,True,False,True,False
13.0317246,77.570076,True,False,True,False
12.9719382,77.6148314,True,True,True,False
12.995932,77.5664598,True,True,True,False
12.9754968,77.6413605,True,False,True,False
12.9012176,77.5550809,True,False,True,True
12.9763044,77.614883,True,True,True,False
12.977372,77.6176665,True,True,True,False
12.9006508,77.569226,True,False,True,False
12.8454948,77.5831295,True,False,True,False
13.0424788,77.613342,True,False,True,False
12.955333,77.5238903,True,False,True,False
13.0288569,77.6157713,True,False,True,False
12.955703,77.5313329,True,False,True,False
12.9253851,77.5501586,True,False,True,True
13.0028324,77.5711904,True,True,True,False
12.9559212,77.5566879,True,False,True,False
13.0625424,77.4953754,True,False,True,False
12.9363569,77.554129,True,False,True,False
12.9366883,77.5488033,True,False,True,False
12.9685413,77.7558269,True,False,True,True
12.8172812,77.6695529,True,False,True,False
12.9258882,77.5270357,True,False,True,True
12.9744567,77.5842384,True,True,True,False
13.0400516,77.5573893,True,False,True,False
12.81114,77.6634021,False,False,True,False
12.8348726,77.666256,True,False,True,False
12.8921358,77.5720595,True,False,True,False
12.9173303,77.667161,True,False,True,False
12.9693761,77.6996751,True,True,True,False
12.9609115,77.5358407,True,False,True,False
12.9156177,77.6347321,True,True,True,False
12.8814296,77.6525387,True,False,True,False
12.933134,77.7043284,True,False,True,False
13.1177735,77.6261222,True,False,True,False
13.0353343,77.6094319,True,False,True,False
12.9125976,77.6639948,True,False,True,False
13.0014883,77.661624,True,False,True,False
12.9381829,77.6002563,True,True,True,False
13.079198,77.7136366,False,False,True,False
13.1679234,77.6372834,True,False,True,True
12.9776666,77.6364638,True,False,True,False
12.9763305,77.5258159,True,False,True,False
13.0228893,77.6309458,True,False,True,False
13.0441926,77.7566409,True,False,True,False
13.0574214,77.4728055,True,False,True,False
13.2458994,77.5526707,True,False,True,False
13.001385,77.6079476,True,False,True,False
12.91064,77.6238263,True,True,True,False
13.0004165,77.5803858,True,True,True,False
13.020102,77.7090994,True,False,True,False
13.0523616,77.4879154,True,False,True,False
13.0907444,77.4880563,True,False,True,False
13.0824543,77.4161472,True,False,True,False
12.9879478,77.5361198,True,False,True,False
12.9082413,77.6948847,True,False,True,False
12.9104062,77.5951099,True,False,True,False
12.9864077,77.7183756,True,False,True,False
12.9402212,77.7473001,True,False,True,False
12.9933298,77.4885321,True,False,True,False
12.8493518,77.5819746,True,False,True,False
12.9857708,77.4789451,True,False,True,False
12.9660431,77.5414979,True,False,True,False
13.0013162,77.6393491,True,False,True,False
13.0042636,77.5751704,True,True,True,False
12.9642313,77.569735,True,True,True,False
12.781144,77.7014486,False,False,True,False
12.7467724,77.7742876,True,False,False,False
12.7623143,77.6771375,False,False,True,False
12.9078438,77.7411592,True,False,True,False
12.7845589,77.7383327,True,False,True,False
12.97459,77.5447121,True,False,True,False
12.9864576,77.5956391,True,True,True,False
13.0276199,77.6768795,False,False,True,False
12.9779094,77.484086,True,False,True,False
13.0584954,77.6263659,True,False,True,False
12.9883162,77.6699776,True,False,True,False
12.8974283,77.5573828,True,False,True,True
12.8957216,77.5549142,True,False,True,True
13.0725802,77.6152451,False,False,True,False
12.9983185,77.6854248,True,False,True,False
12.9399039,77.5826382,True,False,True,False
13.0865656,77.6508546,True,False,True,False
12.9405735,77.4638884,True,False,True,False
13.0657381,77.6400483,True,False,True,False
12.9661219,77.7071156,True,True,True,False
12.9777008,77.4987763,True,False,True,False
12.9036108,77.6208615,True,False,True,False
12.9980556,77.6848622,True,False,True,False
12.9763666,77.5284996,True,False,True,False
13.0048574,77.6232065,True,False,True,False
13.0611892,77.5038993,True,False,True,False
13.0064054,77.6455841,True,False,True,False
13.1143694,77.5692582,True,False,True,False
12.8607674,77.7071019,False,False,True,False
12.9697837,77.5756901,True,True,True,False
12.8685628,77.7026913,False,False,True,False
12.8500983,77.660325,True,False,True,False
12.9243414,77.6448784,True,False,True,False
13.041662,77.5899438,True,False,True,False
12.9922249,77.6156808,True,True,True,False
12.9978135,77.5222628,True,False,True,False
12.9852006,77.5645066,True,True,True,False
13.0292813,77.4846821,True,False,True,False
13.0310241,77.5511385,True,False,True,False
12.9769861,77.5255041,True,False,True,False
12.7812983,77.742266,True,False,True,False
12.8328533,77.6917222,True,False,True,False
12.8447309,77.5001765,True,False,True,False
12.9704955,77.610006,True,True,True,False
13.0173894,77.4373676,False,False,True,False
12.8824311,77.5838923,True,True,True,False
13.0201988,77.569176,True,True,True,False
13.0045682,77.6069927,True,False,True,False
13.1189668,80.150864,True,False,True,False
12.7862487,80.221994,False,False,False,False
13.00645,80.2577791,True,False,True,False
12.9163642,80.1922349,True,False,True,False
13.0835142,80.1840779,True,False,True,False
13.0666515,80.230974,True,False,True,False
12.9202141,80.1872156,True,False,True,False
13.0503839,80.2117695,True,False,True,False
12.9050095,80.1968629,True,False,True,False
13.1309288,80.131225,True,False,True,False
13.0952439,80.1671663,True,False,True,False
13.0827,80.2707,True,True,True,False
13.1241127,80.2046276,True,False,True,False
12.9710239,80.2418051,True,False,True,False
13.0832149,80.2379864,True,False,True,False
12.9174426,80.2164902,True,False,True,False
13.0413233,80.1724294,True,True,True,False
13.0946157,80.23541,True,False,True,False
12.8439997,80.0603546,False,False,False,False
13.0419785,80.1253816,True,False,True,False
12.9575007,80.1435066,True,False,True,False
13.1263166,80.1508413,True,False,True,False
12.9996907,80.2682259,True,False,True,False
13.0378289,80.231836,True,True,True,False
13.0428296,80.2270184,True,True,True,False
12.9304748,80.2077692,True,False,True,False
12.9801242,80.184902,True,False,True,False
12.9858948,80.2644215,True,False,True,False
13.0554718,80.2639706,True,True,True,False
13.052264,80.1916925,True,False,True,False
13.0344253,80.1592048,True,True,True,False
13.0601732,80.1665988,True,False,True,False
13.1121242,80.245022,True,False,True,False
12.9801655,80.2228506,True,False,True,False
13.0365426,80.1346,True,False,True,False
13.0205798,80.1685163,True,False,True,False
12.9611348,80.2001292,True,False,True,False
13.0721399,80.2205453,True,False,True,False
13.0717448,80.2437973,True,True,True,False
13.1015119,80.2074046,True,False,True,False
13.0920917,80.2822426,True,True,True,False
13.0893275,80.2550331,True,False,True,False
13.0338602,80.2545491,True,True,True,False
13.0028216,80.1719186,True,False,True,False
13.020817,80.2239536,True,False,True,False
12.9397621,80.1818236,True,False,True,False
13.0443237,80.2498455,True,True,True,False
13.057293,80.1799027,True,False,True,False
12.8054706,80.2247264,True,False,True,False
13.049207,80.2242829,True,False,True,False
13.1035851,80.1920425,True,False,True,False
13.1062169,80.250519,True,False,True,False
13.0846503,80.2195323,True,False,True,False
13.0620626,80.240487,True,True,True,False
13.0497324,80.2582028,True,True,True,False
13.1115484,80.1846272,True,False,True,False
13.0728321,80.2576906,True,True,True,False
13.0347902,80.1994677,True,False,True,False
13.0320131,80.158304,True,True,True,False
13.0317092,80.2411957,True,True,True,False
13.074371,80.2081312,True,False,True,False
13.0244783,80.253937,True,False,True,False
12.8581117,80.2262771,True,False,True,False
13.0304402,80.2567984,True,True,True,False
12.9454955,80.2574692,True,False,True,False
12.9705053,80.2615033,True,False,True,False
13.1125875,80.2081378,True,False,True,False
13.0851247,80.2141968,True,False,True,False
12.96954,80.2575889,True,False,True,False
13.1591141,80.2031147,True,False,True,False
13.1130472,80.258722,True,False,True,False
13.0306501,80.1529176,True,True,True,False
12.95999,80.2560268,True,False,True,False
13.0209113,80.1259365,True,False,True,False
12.8012826,80.1991871,False,False,False,False
13.1089648,80.2820095,True,False,True,False
12.8985106,80.1809212,True,False,True,True
12.9256549,80.10437,True,True,True,False
12.9971511,80.1960766,True,False,True,False
12.9246286,80.1087409,True,True,True,False
13.0400731,80.2159247,True,False,True,False
13.0872004,80.2164421,True,False,True,False
13.0177793,80.224953,True,False,True,False
12.8751861,80.2106332,True,False,True,False
12.7867576,80.2496014,False,False,False,False
12.9008558,80.2280156,True,False,True,False
12.9851573,80.2409748,True,False,True,False
12.9521755,80.1860309,True,False,True,False
13.0316473,80.2700166,True,False,True,False
12.9942424,80.2569278,True,False,True,False
13.0147531,80.1744935,True,False,True,False
13.0407966,80.2029798,True,False,True,False
13.0193703,80.2435512,True,False,True,False
12.9491762,80.2406875,True,False,True,False
12.9189367,80.251295,True,False,True,False
12.9209254,80.2299723,True,False,True,False
12.8469006,80.2271771,True,False,True,False
13.06124,80.27017,True,True,True,False
12.9409671,80.1377244,True,False,True,True
13.0097074,80.1528994,True,False,True,False
12.8917047,80.1851133,True,False,True,True
13.0086685,80.2126063,True,False,True,False
12.8687677,80.247209,True,False,True,False
12.9675742,80.1520504,True,False,True,True
12.9117073,80.2277203,True,False,True,False
13.0983878,80.1349581,False,False,True,False
13.0789409,80.2251326,True,False,True,False
13.0347051,80.156023,True,True,True,False
13.0293843,80.2342825,True,True,True,False
12.8875913,80.2483865,True,False,True,False
13.0697422,80.2000921,True,False,True,False
12.9773778,80.2538832,True,False,True,False
13.0246097,80.2155874,True,False,True,False
12.8330267,80.228884,True,False,True,False
13.0336193,80.1873092,True,False,True,False
13.0012111,80.2668615,True,False,True,False
13.0125315,80.1211467,True,False,True,False
13.1572874,80.2041174,True,False,True,False
12.8304206,80.2295685,True,False,True,False
13.0298372,80.275738,True,False,True,False
12.9853009,80.2596367,True,False,True,False
12.9463536,80.1973913,True,False,True,False
12.9100538,80.1727961,True,False,True,False
13.0585155,80.2587833,True,True,True,False
12.9826371,80.2594385,True,False,True,False
13.0604285,80.2750704,True,False,True,False
12.9504769,80.2550489,True,False,True,False
12.9822215,80.209121,True,False,True,False
13.0222692,80.1413929,True,False,True,False
12.9454304,80.1186599,True,True,True,True
13.0761258,80.270781,True,True,True,False
13.1554081,80.2425246,True,False,True,False
13.0610323,80.1386139,True,False,True,False
13.027831,80.262238,True,False,True,False
13.1275202,80.2819242,True,False,True,False
13.1421473,80.2323786,True,False,True,False
13.0747182,80.1682206,True,False,True,False
13.0688386,80.1838987,True,False,True,False
12.9787571,80.25546,True,False,True,False
12.9802012,80.2138442,True,False,True,False
13.1307573,80.1532831,True,False,True,False
12.9203443,80.2343866,True,False,True,False
12.9390859,80.2528304,True,False,True,False
13.1247765,80.0609489,True,False,True,False
13.1085782,80.2114995,True,False,True,False
13.0299401,80.2056195,True,False,True,False
12.9905297,80.1440498,True,False,True,False
12.9353253,80.1773204,True,False,True,False
13.1008425,80.2626247,True,False,True,False
13.064553,80.2199644,True,False,True,False
13.1565668,80.3006508,True,False,True,False
13.0298609,80.1780333,True,True,True,False
13.1258146,80.010147,True,False,True,False
13.0446829,80.1189086,True,False,True,False
13.1076087,80.2420316,True,False,True,False
13.1157422,80.2249267,True,False,True,False
13.0569892,80.2037301,True,False,True,False
13.1122762,80.2893812,True,False,True,False
13.0704755,80.1608412,True,False,True,False
13.0479474,80.176314,True,True,True,False
13.085335,80.201518,True,False,True,False
12.8925673,80.2462275,True,False,True,False
12.8063999,80.2422292,True,False,True,False
12.9410358,80.2132684,True,False,True,False
12.9560991,80.2129152,True,False,True,False
13.0990884,80.1425236,True,False,True,False
13.0410337,80.185043,True,False,True,False
13.006241,80.2470822,True,False,True,False
12.9683291,80.2573726,True,False,True,False
13.1308188,80.2561816,True,False,True,False
13.0467114,80.1109051,True,False,True,False
13.1218075,80.240576,True,False,True,False
13.0258445,80.2627877,True,False,True,False
13.1858089,80.3155515,True,False,True,False
13.1217263,80.1497081,True,False,True,False
13.0849504,80.2036178,True,False,True,False
13.0906649,80.1464852,True,False,True,False
13.0323105,80.1632027,True,True,True,False
13.0140338,80.2246488,True,False,True,False
13.1167801,80.2178199,True,False,True,False
13.0906283,80.2621417,True,True,True,False
13.0152345,80.1368538,True,False,True,False
13.1177888,80.2287099,True,False,True,False
13.0118869,80.1549019,True,False,True,False
12.9691428,80.2062626,True,False,True,False
12.989843,80.1936624,True,False,True,False
12.9665741,80.2478057,True,False,True,False
12.9947654,80.1993715,True,False,True,False
13.0294805,80.2508079,True,True,True,False
12.9716299,80.2192726,True,False,True,False
13.0568087,80.1832513,True,False,True,False
13.2878195,80.2558605,True,False,True,False
13.0681138,80.233244,True,False,True,False
12.9795827,80.2494441,True,False,True,False
13.0690679,80.207869,True,False,True,False
13.1810602,80.2694192,True,False,True,False
12.9275987,80.2057473,True,False,True,False
13.0404123,80.1707697,True,True,True,False
12.9962725,80.2678267,True,False,True,False
12.9120009,80.197371,True,False,True,False
13.1441943,80.1872166,True,False,True,False
12.9866009,80.1726357,True,False,True,True
12.8483107,79.705073,False,False,False,False
13.0166484,80.1911885,True,False,True,False
12.9883524,80.1891324,True,False,True,False
13.1042898,80.2936125,True,False,True,False
12.8768075,79.6160108,False,False,False,False
13.0794625,80.2217745,True,False,True,False
13.1249292,80.032941,True,False,True,False
13.1580752,80.2033313,True,False,True,False
13.1158479,80.2295822,True,False,True,False
13.1189649,80.2172822,True,False,True,False
13.0152993,80.1717656,True,False,True,False
13.1338872,80.1578922,True,False,True,False
12.9983015,80.2432965,True,False,True,False
13.0386493,80.2052158,True,False,True,False
12.8445841,80.2264618,True,False,True,False
13.0521369,80.1743025,True,False,True,False
12.8714615,80.2265709,True,False,True,False
13.010193,80.2621323,True,False,True,False
13.1559251,80.257231,True,False,True,False
13.2258262,80.3243551,True,False,True,False
13.0273265,80.2141532,True,False,True,False
13.016769,80.1367942,True,False,True,False
13.0252576,80.2204237,True,False,True,False
13.0863491,80.2727321,True,True,True,False
13.1225201,80.245785,True,False,True,False
13.0592324,80.1746118,True,False,True,False
13.1933419,80.2612852,True,False,True,False
13.0357157,80.1884526,True,False,True,False
13.0825352,80.1709175,True,False,True,False
12.9968645,80.2616099,True,False,True,False
28.5292495,77.1541335,True,False,True,False
28.5261914,77.1570839,True,False,True,False
28.521168,77.2022237,True,False,True,False
28.5890885,77.3015085,True,True,True,False
28.6305974,77.277523,True,False,True,False
28.5339201,77.2124474,True,False,True,False
28.7342799,77.1135027,True,False,True,False
28.5127982,77.2323949,True,False,False,False
28.7032676,77.1322497,True,False,True,False
28.6215226,77.0611064,True,False,True,False
28.6219272,77.0874757,True,False,False,False
28.638643,77.0731382,True,False,True,False
28.6515829,77.1582587,False,True,True,False
28.6529982,77.1890227,True,False,True,False
28.5918933,77.0828242,True,False,True,False
28.6403835,77.0128901,True,False,True,False
28.7536438,77.2016511,False,False,True,False
28.7041,77.1025,True,False,True,False
28.5469476,77.258801,True,False,True,False
28.554886,77.1710841,True,False,True,False
28.5660924,77.2432851,True,False,True,False
28.7057279,77.213725,True,False,True,False
28.557827,77.1611168,True,False,True,False
28.5579591,77.0580701,True,True,True,False
28.5936077,77.0664075,True,False,True,False
28.707334,77.1885231,True,False,True,False
28.4931214,77.1424868,True,False,True,False
28.5924998,77.0652003,True,False,True,False
28.61931,77.0332792,False,False,True,False
28.4971399,77.1812506,True,False,True,False
28.5711087,77.0730945,False,False,True,False
28.7297608,77.2212803,True,False,True,False
28.600032,77.0789777,True,False,True,False
28.5592511,77.2161665,True,True,True,False
28.6035543,77.2899208,True,True,True,False
28.5423747,77.2210916,True,True,True,False
28.5713575,77.2330402,True,False,True,False
28.6018747,77.3259814,False,False,True,False
28.4764911,77.1329132,True,False,True,False
28.6365265,77.096482,True,False,False,False
28.7019574,77.1654317,True,False,True,False
28.5968507,77.0735024,True,False,True,False
28.6527444,77.1316496,True,True,True,False
28.6885171,77.1739339,True,True,True,False
28.6997763,77.1091863,True,False,True,False
28.5320512,77.0931081,True,False,True,False
28.6313702,77.0471177,False,False,True,False
28.5055007,77.2014964,True,False,True,False
28.5819215,77.1727967,True,False,True,False
28.5893101,77.0876296,True,False,True,False
28.6646486,77.1472319,True,True,True,False
28.5419077,77.2384925,True,True,True,False
28.4991235,77.1613745,True,False,True,False
28.5564421,77.2038699,True,True,True,False
28.6058267,77.0363145,False,False,True,False
28.7079332,77.1239996,True,False,True,False
28.56502,77.1925584,True,True,True,False
28.6096158,77.0370442,False,False,True,False
28.6115923,77.2905644,True,False,True,False
28.5368964,77.2222387,True,True,True,False
28.5150686,77.2548357,True,False,True,False
28.5720013,77.2633718,True,False,True,False
28.5649787,77.0510412,True,True,True,False
28.5440522,77.2291407,True,True,True,False
28.6450127,77.1692817,False,False,True,False
28.5830386,77.2393151,True,False,True,False
28.6518058,77.1150797,True,True,True,False
28.7081851,77.1241964,True,False,True,False
28.7273157,77.0981584,True,False,True,False
28.6818027,77.2188175,True,False,True,False
28.5687308,77.2848272,True,False,True,False
28.6357855,77.1841395,False,False,True,False
28.6165864,77.3319912,True,False,True,True
28.5400349,77.1197754,True,False,True,False
28.5586158,77.2323716,True,True,True,False
28.6041966,77.029238,False,False,True,False
28.6126708,77.0721766,True,False,True,False
28.5393325,77.2320028,True,True,True,False
28.6202758,77.0450787,False,False,True,False
28.527295,77.0823049,True,False,True,False
28.6511896,77.1242597,True,True,True,False
28.576544,77.2577293,True,False,True,False
28.6124504,76.9865067,True,False,False,False
28.6806752,77.2039504,True,False,True,True
28.5334785,77.2935232,True,False,True,False
28.5037407,77.0954113,True,True,True,False
28.5422399,77.0704637,True,True,True,False
28.708008,77.0748195,False,False,True,False
28.585716,77.0101945,True,False,True,False
28.6250692,77.2851699,True,False,True,False
28.6852384,76.9961591,True,False,True,False
28.5209605,77.2319455,True,False,True,False
28.655746,77.1506635,True,True,True,False
28.5790689,77.0654186,True,False,True,False
28.5498087,77.2077638,True,True,True,False
28.5974584,77.0423682,False,False,True,False
28.5895514,77.0499983,False,False,False,False
28.5843113,77.0576933,True,False,True,False
28.5696878,77.0643221,True,True,True,False
28.5987579,77.0266503,True,False,True,False
28.5865094,77.2125273,True,False,True,False
28.6317695,77.2193804,False,False,True,False
28.5102599,77.2010415,True,False,True,False
28.5534151,77.2381363,True,True,True,False
28.6185287,77.3026578,True,False,True,False
28.6098555,77.2926318,True,False,True,False
28.503746,77.2160725,True,False,True,False
28.5425871,77.2242898,True,True,True,False
28.5671008,77.2697643,True,False,True,False
28.549364,77.1990557,True,True,True,False
28.5570322,77.2446139,True,True,True,False
28.5571011,77.2130055,True,True,True,False
28.5949579,77.0615912,True,False,True,False
28.5861818,77.0711318,True,False,True,False
28.7118426,77.1110711,True,False,True,False
28.601669,77.0489574,False,False,True,False
28.5637969,77.2556368,True,False,True,False
28.5376883,77.2516536,True,True,True,False
28.721424,77.1367138,True,False,True,False
28.7140551,77.1159961,True,False,True,False
28.561184,77.2398036,True,True,True,False
28.7028468,77.094764,True,False,True,False
28.5452737,77.0325541,True,False,True,False
28.5785457,77.1638649,True,False,True,False
28.6986277,77.1006232,True,False,True,False
28.6167988,77.0440934,False,False,True,False
28.5293364,77.2516323,True,False,True,False
28.6695782,77.095956,True,False,True,False
28.537024,77.1981891,True,True,True,False
28.5747614,77.1630662,True,False,True,False
28.4823661,77.1724534,False,False,True,False
28.6264562,77.1349668,True,False,True,True
28.6286841,77.1470979,True,False,True,False
28.7075742,77.1025918,True,False,True,False
28.5731509,77.1644656,True,False,True,False
28.5574491,77.2262683,True,True,True,False
28.61893,76.961584,True,False,True,False
28.5959698,77.2311628,True,False,True,False
28.5896671,77.2503854,True,False,True,False
28.5978439,77.0520021,True,False,True,False
28.672995,77.1461239,True,True,True,False
28.7118315,77.1238141,True,False,True,False
28.7269918,77.0834877,False,False,True,False
28.7144056,77.1296923,True,False,True,False
28.6798074,77.0926793,True,False,True,False
28.6194521,77.1668619,False,False,True,False
28.6360207,77.101822,False,False,False,False
28.6404593,77.1051815,False,False,False,False
28.652182,77.1263056,True,True,True,False
28.5713646,77.0588753,True,False,True,False
28.5218262,77.1783232,True,False,True,False
28.5952424,77.2262907,True,False,True,False
28.5374084,77.2018601,True,True,True,False
28.5678755,77.2404914,True,False,True,False
28.6578127,77.2901199,True,False,True,False
28.6017308,77.3211059,False,False,True,False
28.5623044,77.0037102,True,False,True,False
28.5579007,77.2175785,True,True,True,False
28.6319012,77.3107328,True,False,True,True
28.6466157,77.3155317,True,False,True,False
28.6039358,77.1834133,True,False,True,False
28.5338204,77.242467,True,True,True,False
28.5700938,77.2431796,True,False,True,False
28.5438154,77.2236292,True,True,True,False
28.7425945,77.0588611,True,False,True,False
28.5597477,77.2749004,True,False,True,False
28.6301441,77.0682683,True,False,True,False
28.7236228,77.1277781,True,False,True,False
28.735763,77.108652,True,False,True,False
28.7192546,77.0652677,False,False,True,False
28.6734298,77.2898858,True,True,True,False
28.7152034,77.0253445,True,False,True,False
28.559678,77.207742,True,True,True,False
28.7313339,77.1158944,True,False,True,False
28.6158794,77.2122822,False,False,True,False
28.6504282,77.0622744,True,False,True,False
28.6296489,77.1119344,True,False,True,False
28.6414409,77.2952594,True,False,True,False
28.6403307,77.288905,True,False,True,False
28.6462517,77.2240002,False,False,True,False
28.5131702,77.1107659,True,True,True,False
28.700001,77.0555546,False,False,True,False
28.6315015,77.1006012,True,False,False,False
28.5621177,77.2124515,True,True,True,False
28.6807999,77.1273399,True,False,False,False
28.5427353,77.2913342,True,False,True,False
28.4406931,77.1505465,True,False,True,False
28.6857668,77.1496094,True,False,True,False
28.5351561,77.2637936,True,False,True,False
28.6194334,77.0515098,True,False,True,False
28.4987734,77.1944475,True,False,True,False
28.6452857,77.3243429,True,False,True,False
28.6700885,77.1818589,True,True,True,True
28.6758864,77.321446,True,False,True,False
28.6100971,77.0888864,True,False,True,False
28.5939822,77.0237771,True,False,True,False
28.609631,77.0467536,False,False,True,False
28.5261624,77.1995771,True,False,True,False
28.4932633,77.3030303,True,True,True,False
28.5418938,77.1862772,True,False,True,False
28.53493,77.3005184,True,False,True,False
28.5398146,77.1840572,True,False,True,False
28.6524333,77.1000592,True,False,True,False
28.6691641,77.312267,True,False,True,False
28.6511811,77.2971799,True,False,True,False
28.5876702,77.2292692,True,False,True,False
28.5057128,77.2484672,True,False,True,False
28.6608095,77.3075455,True,False,True,False
28.5884944,77.0714169,True,False,True,False
28.6852212,77.2007247,True,False,True,True
28.6030005,77.0203476,True,False,True,False
28.5874163,77.0231568,True,False,True,False
28.6541384,77.128178,True,True,True,False
28.6166042,77.0353853,False,False,True,False
28.5521464,77.2246983,True,True,True,False
28.6749486,77.1882302,True,True,True,True
28.588365,77.2449546,True,False,True,False
28.7371252,77.1095611,True,False,True,False
28.6459661,77.162929,False,False,True,False
28.6359648,77.0487636,False,False,True,False
28.6405697,76.9827287,True,False,True,False
28.575817,77.1980786,True,False,True,False
28.6510892,77.2749996,True,False,True,False
28.6159271,77.317636,True,False,True,True
28.5982897,77.1234689,True,True,True,False
28.619553,77.2830355,True,False,True,False
28.5621997,77.2476131,True,True,True,False
28.6116059,77.111781,True,False,True,False
28.5182748,77.2152203,True,False,True,False
28.6176973,77.0427618,False,False,True,False
28.5668357,77.2200829,True,False,True,False
28.6168781,77.0515867,True,False,True,False
28.5821286,77.2434423,True,False,True,False
28.5667513,77.2619181,True,False,True,False
28.5603016,77.219519,True,True,True,False
28.5607037,77.2036565,True,True,True,False
28.5330653,77.2003358,True,False,True,False
28.5353753,77.2081104,True,True,True,False
28.5299358,77.2022965,True,False,True,False
28.5341211,77.2203833,True,False,True,False
28.6016454,77.2421181,True,False,True,False
28.5681089,77.2221923,True,False,True,False
28.6077066,77.0402808,False,False,True,False
28.5302569,77.2183932,True,False,True,False
28.6357403,77.1810326,False,False,True,False
28.5433901,77.2242036,True,True,True,False
28.5395472,77.2187735,True,True,True,False
28.6423058,77.2837942,True,False,True,False
28.5553298,77.2419637,True,True,True,False
28.5295646,77.2634622,False,False,True,False
28.548804,77.2012358,True,True,True,False
28.6519279,77.162923,True,True,True,False
28.658844,77.0908475,True,False,True,False
28.5466117,77.2435404,True,True,True,False
28.6330762,77.2811782,True,False,True,False
28.5094555,77.1986538,True,False,True,False
28.5757083,77.1151895,True,False,True,False
28.5152395,77.1980041,True,False,True,False
28.6990083,77.1366212,True,False,True,False
28.5403256,77.251959,True,True,True,False
28.6627442,77.1979077,True,False,True,True
28.564122,77.2372705,True,True,True,False
28.62363,77.1160615,True,False,True,True
28.5067947,77.2291106,True,False,True,False
28.5460584,77.2515057,True,True,True,False
28.657859,77.1424288,True,True,True,False
28.4992605,77.1743624,True,False,True,False
28.7002238,77.1249359,True,False,True,False
28.621757,77.0557122,True,False,True,False
28.5548352,77.2495194,True,True,True,False
28.5114719,77.1666504,True,False,True,False
28.6218268,77.1103138,True,False,True,False
28.593856,77.0448862,False,False,True,False
28.5615391,77.2431499,True,True,True,False
28.5636616,77.2890546,True,False,True,False
28.7413557,77.1323967,True,False,True,False
28.5668681,77.2458971,True,False,True,False
28.5459137,77.245621,True,True,True,False
28.6923333,77.2148667,True,False,True,False
28.5590323,76.9641034,False,False,True,False
28.7055605,77.1904352,True,False,True,False
28.6947146,77.1542607,True,False,False,False
28.5273409,77.2794327,True,False,True,False
28.5492574,77.2529526,True,True,True,False
28.5950015,77.2161372,True,False,True,False
28.5402415,77.2490221,True,True,True,False
28.5503805,77.1855231,True,True,True,False
28.6769454,77.1116376,True,False,True,False
28.6223066,77.2394313,True,False,True,False
28.6016026,77.1856802,False,False,True,False
28.6158554,77.0660965,True,False,True,False
28.6980415,77.1405393,True,False,False,False
28.6541826,77.3079346,True,False,True,False
28.7150779,77.1389885,True,False,True,False
28.5685664,77.2205677,True,False,True,False
28.544537,77.1279229,True,False,True,False
28.5855907,77.2469638,True,False,True,False
28.6593089,77.0744632,True,False,True,False
28.5115274,77.0420264,False,True,True,False
28.5654288,77.2870651,True,False,True,False
28.5863292,77.0348886,False,False,True,False
28.5922362,77.0407315,False,False,True,False
28.628772,77.2939554,True,False,True,False
28.4573589,77.1825027,False,False,True,False
28.7165805,77.1704223,True,False,True,False
28.6399027,77.1167449,True,True,True,False
28.7095816,77.1345873,True,False,True,False
28.467567,77.1695162,False,False,True,False
28.7259717,77.162658,True,True,True,False
28.7292215,77.2073254,True,False,True,False
28.5104442,77.1703286,True,False,True,False
28.5025432,77.2993825,True,True,True,False
28.6793047,77.19448,False,False,True,True
28.700372,77.2727728,True,False,True,False
28.636056,77.3043835,True,False,True,False
28.5616755,77.2414831,True,True,True,False
28.5691345,77.2416245,True,False,True,False
28.732808,77.0538033,True,False,True,False
28.712504,77.2626857,True,False,True,False
28.6764176,77.2089386,True,False,True,True
28.5006921,77.192383,True,False,True,False
28.4985012,77.1979389,False,False,True,False
28.6873187,77.0960253,True,False,True,False
28.7548507,77.0560234,True,False,True,False
28.7049901,77.2925731,True,True,True,False
28.596153,77.0960431,True,False,True,False
28.6069838,77.3388992,False,False,True,False
28.73514,77.0325105,True,False,True,False
28.6414989,77.2140607,True,False,True,False
28.5001194,77.308183,True,True,True,False
28.6824341,77.0305741,True,False,True,False
28.5294314,77.252225,True,False,True,False
28.5243233,77.2030699,True,False,True,False
28.7197543,77.0592344,True,False,True,False
28.6917865,77.1971156,True,False,True,True
28.5789548,77.2276886,True,False,True,False
28.6891341,77.3100198,True,True,True,False
28.6471138,77.0285632,True,False,True,False
28.6128277,77.0318333,False,False,True,False
28.5036518,77.0956354,True,True,True,False
28.6454552,77.2939962,True,False,True,False
28.6874305,77.2797551,True,True,True,False
28.645649,77.1725666,False,False,True,False
28.6453071,77.3002976,True,False,True,False
28.6461167,77.3040272,True,False,True,False
28.6522939,77.3055303,True,False,True,False
28.6605415,77.3126204,True,False,True,False
28.5810163,77.2594423,True,False,True,False
28.7612894,77.0692068,True,False,True,False
28.6428721,77.0961506,True,False,True,False
28.5949795,77.0990394,True,False,True,False
28.7518125,77.1751866,True,False,True,False
28.617251,77.2805705,True,False,True,False
28.5691561,77.2439134,True,False,True,False
28.6232401,77.2989383,True,False,True,False
28.8464766,77.0856631,False,False,True,False
28.6444737,77.1684662,False,False,True,False
28.5420794,77.2149158,True,True,True,False
28.5572924,77.2191223,True,True,True,False
28.6664535,77.2169781,True,False,True,True
28.6477984,77.0412553,True,False,True,False
28.6185752,77.3013137,True,False,True,False
28.6232992,77.3266629,True,False,True,True
28.5616265,77.0669252,True,True,True,False
28.6425517,77.1020573,True,False,False,False
28.5512592,77.1709353,True,False,True,False
28.5759348,77.2251127,True,False,True,False
28.6407652,77.0676646,True,False,True,False
28.597408,77.0566944,True,False,True,False
28.5925436,77.0646719,True,False,True,False
28.7106328,77.1028595,True,False,True,False
28.5942141,77.121144,True,True,False,False
28.6378229,77.0804159,True,False,True,False
28.4989691,77.291991,True,True,True,False
28.8318742,77.1095988,True,False,True,False
28.6993143,77.1938864,True,False,True,False
28.5369587,77.0512889,True,True,True,False
28.6614996,77.1339838,True,True,True,False
28.6723046,77.1084277,True,False,True,False
28.74103,77.1337622,True,True,True,False
28.6459363,77.2385409,True,False,True,False
28.6121846,77.3369789,False,False,True,True
28.79966,77.0328847,True,False,True,False
28.6637213,77.142878,True,True,True,False
28.6294888,77.2810607,True,False,True,False
28.6058619,77.2987023,True,True,True,False
28.6562324,77.3152398,False,False,True,False
28.5035712,77.1884511,True,False,True,False
28.6252148,77.2960034,True,False,True,False
28.7246509,77.289906,True,False,True,False
28.6231348,77.2966849,True,False,True,False
28.5447896,77.051083,True,True,True,False
28.5927817,77.0795025,True,False,True,False
28.5716096,77.2131433,True,False,True,False
28.6380731,77.0315269,True,False,True,False
28.657434,77.142548,True,True,True,False
28.6469915,77.0975914,True,False,True,False
28.6712484,77.314651,True,False,True,False
28.475186,77.168244,False,False,True,False
28.7070448,77.1803722,True,False,True,False
28.619445,77.2936795,True,False,True,False
28.6824007,77.0647319,True,False,True,False
28.6652543,77.2043261,True,False,True,True
28.6432658,77.1322572,True,True,True,False
28.6163607,77.0240517,False,False,True,False
28.6003415,77.0904236,True,False,True,False
28.7194201,77.1096302,True,False,True,False
28.6602309,77.1704149,True,True,True,False
28.6056473,77.3066482,True,True,True,False
28.6437265,77.11282,True,True,True,False
28.5926365,77.2393452,True,False,True,False
28.6129332,77.2294928,False,False,True,False
28.5981655,77.0776819,True,False,True,False
28.6765636,77.2917477,True,True,True,False
28.7756976,77.1766202,False,False,True,False
28.5785161,77.2195112,True,False,True,False
28.5831348,77.216628,True,False,True,False
28.7141868,77.136731,True,False,True,False
28.6806862,77.2225999,True,False,True,False
28.6243852,77.1364438,True,False,True,True
28.6220547,77.1386441,True,False,True,True
28.6066659,77.1043769,True,False,True,False
28.7007705,77.3104821,True,False,True,False
28.7756713,77.0984424,False,False,True,False
28.5852986,77.2435654,True,False,True,False
28.5437276,77.048947,True,True,True,False
28.4680311,77.1823025,False,False,True,False
28.6207586,77.0675714,True,False,True,False
28.6981333,77.2063998,True,False,True,False
28.7165712,77.2064187,True,False,True,False
28.7172545,77.1818101,True,False,True,False
28.6563217,77.1605162,True,True,True,False
28.7019652,77.2908013,True,True,True,False
28.6098608,77.2944391,True,False,True,False
28.6499077,77.2261794,True,False,True,False
28.6248465,77.0652861,True,False,True,False
28.6638543,77.1312039,True,True,True,False
28.4397525,77.1434049,True,False,True,False
28.605046,77.1006018,True,False,True,False
28.6914402,77.1681153,True,True,True,False
28.7311406,77.2747898,True,False,True,False
28.6644729,77.1838135,True,True,True,True
28.5475409,77.2828271,True,False,True,False
28.6624722,77.1853223,True,True,True,True
28.6432525,77.2971835,True,False,True,False
28.6559834,77.2321937,True,False,True,False
28.7096362,77.0812368,False,False,True,False
28.7580543,77.1297995,True,False,True,False
28.5458279,77.2966578,True,False,True,False
28.7102332,77.1134816,True,False,True,False
28.7096367,77.1885986,True,False,True,False
28.5829515,77.2507873,True,False,True,False
28.682989,77.2006879,True,False,True,True
28.5748741,77.0273995,True,False,True,False
28.6355124,77.3214822,True,False,True,True
28.576794,77.2062778,True,False,True,False
28.6466355,77.0761638,True,False,True,False
28.5978388,77.2045315,False,False,True,False
28.6085248,77.0286097,False,False,True,False
28.7116845,77.0416675,True,False,True,False
17.4667166,78.340421,True,False,True,False
17.3768805,78.5117854,True,True,True,False
17.4057955,78.4006536,True,True,True,False
17.4217796,78.3379784,True,False,True,False
17.4587912,78.3730556,True,True,True,False
17.385,78.4867,True,False,True,False
17.3999951,78.3861689,True,True,True,False
17.4308362,78.4102882,True,False,True,False
17.5271759,78.4200077,True,False,True,False
17.446195,78.463016,True,True,True,False
17.4930841,78.4054408,True,True,True,False
17.3501617,78.5510938,True,True,True,False
17.4177464,78.4399014,True,True,True,False
17.469582,78.3095514,True,False,True,False
17.4546432,78.5715499,True,False,True,False
17.4436222,78.3519638,True,True,True,False
17.4798689,78.5509653,False,True,True,False
17.497127,78.3768831,True,True,True,False
17.4846356,78.5610095,True,True,True,False
17.4872976,78.3322142,True,True,True,False
17.469728,78.3852406,True,True,True,False
17.4408924,78.3916304,True,False,True,False
17.3291354,78.5542145,True,True,True,False
17.3942627,78.4342514,True,True,True,False
17.4685307,78.4206695,True,True,True,False
17.3884988,78.4462402,True,True,True,False
17.3679097,78.5401625,True,True,True,False
17.4321793,78.4914903,True,True,True,False
17.5360946,78.4186386,True,False,True,False
17.4834409,78.3611316,True,False,True,False
17.4522594,78.4446705,True,False,True,False
17.4772245,78.4849389,True,False,True,False
17.3672244,78.4307278,True,False,True,False
17.3894783,78.477182,True,False,True,True
17.4981608,78.3567628,True,False,True,False
17.45121,78.5020964,True,True,False,False
17.372604,78.4054428,True,False,True,True
17.3611655,78.5387443,True,True,True,False
17.3688679,78.5256198,True,True,True,False
17.5022292,78.5088584,True,False,True,False
17.5051308,78.4895401,True,True,True,False
17.3861776,78.5114709,True,False,True,False
17.4966655,78.4606445,True,True,True,False
17.4201763,78.5081639,True,True,True,False
17.3775306,78.5601231,True,True,True,False
17.257207,78.3451039,False,False,True,False
17.4355036,78.5195573,True,False,True,False
17.3630295,78.5768953,False,False,True,False
17.3787081,78.4988983,True,False,True,False
17.3988408,78.5366218,True,True,True,False
17.3304768,78.5768552,True,True,True,False
17.4386754,78.4390961,True,True,True,False
17.443612,78.4764053,True,True,True,False
17.4249113,78.6202968,True,True,True,False
17.5030543,78.5407976,False,False,True,False
17.4186232,78.3718374,True,True,True,True
17.4387499,78.4279866,True,False,True,False
17.321914,78.5597937,True,False,True,False
17.4042541,78.3305213,True,False,True,False
17.4029622,78.450754,True,True,True,False
17.3956054,78.396923,True,True,True,True
17.529823,78.5155062,True,False,True,False
17.458705,78.3638803,True,True,True,False
17.4069072,78.4544528,True,True,True,True
17.3564017,78.5318948,True,True,True,False
17.4375012,78.4482505,True,True,True,False
17.4487999,78.4356074,True,False,True,False
17.4380969,78.5361971,True,False,True,False
17.4286964,78.4519072,True,True,True,False
17.3981159,78.4885006,True,False,True,True
17.4590687,78.4078664,False,True,True,False
17.5286092,78.2674254,True,False,True,False
17.4233422,78.380577,True,True,True,False
17.4418133,78.2782231,True,False,False,False
17.5591556,78.4368697,True,False,True,False
17.4038757,78.4642706,True,True,True,True
17.4089646,78.4508183,True,True,True,False
17.3401943,78.5099445,True,True,True,False
17.5070218,78.3960917,True,True,True,False
17.3564216,78.411298,True,False,True,False
17.465169,78.4729384,True,False,True,False
17.4039678,78.483456,True,False,True,True
17.3498405,78.4218874,True,False,True,False
17.536648,78.3644736,True,False,True,False
17.5014133,78.3842003,True,True,True,False
17.4590351,78.6043469,False,False,False,False
17.4272135,78.3289302,False,False,True,False
17.4503205,78.3009176,False,False,True,False
17.4095495,78.5130943,True,True,True,False
17.3857483,78.4505083,True,True,True,False
17.4403506,78.4419837,True,True,True,False
17.3900402,78.4946205,True,False,True,False
17.3975005,78.50557,True,True,True,False
17.3707037,78.4997216,True,False,True,False
17.4508069,78.422242,True,False,True,False
17.4154761,78.5426918,True,True,True,False
17.4255053,78.4585197,True,True,True,False
17.3303179,78.568278,True,True,True,False
17.4025091,78.5612562,True,True,True,False
17.4012791,78.4804894,True,False,True,True
17.3877537,78.5008559,True,False,True,False
17.4284936,78.5528098,True,True,True,False
17.4285479,78.5379433,True,True,True,False
17.4469233,78.4504513,True,True,True,False
17.3885044,78.5371677,True,False,True,False
17.4256007,78.5085153,True,False,True,False
17.4076626,78.4928021,True,False,True,False
17.3412815,78.4812819,True,False,True,True
17.3847309,78.4836642,True,False,False,False
17.4469418,78.5107535,True,True,False,False
17.3851613,78.5170714,True,True,True,False
17.4227022,78.4917695,True,True,True,False
17.3736706,78.4996484,True,False,True,False
17.3606758,78.5601419,True,True,True,False
17.376013,78.4331894,True,False,True,False
17.4892154,78.5424889,False,True,True,False
17.4732138,78.5115017,True,False,True,False
17.3776865,78.5187513,True,True,True,False
17.4331364,78.3668158,True,True,True,False
17.3920529,78.4513242,True,True,True,False
17.4187817,78.4305909,True,False,True,False
17.4619212,78.3548628,True,True,True,False
17.4710561,78.4932292,True,False,True,False
17.4511764,78.5368997,True,False,True,False
17.44582,78.3924173,True,True,True,False
17.4330523,78.4246746,True,False,True,False
17.4358788,78.3617951,True,True,True,False
17.4793451,78.391366,True,True,True,False
17.5354868,78.5096979,True,False,True,False
17.353058,78.4950133,True,True,True,False
17.4825451,78.5726444,True,True,True,False
17.3467185,78.5081947,True,True,True,False
17.5024582,78.4839794,True,True,True,False
17.4387962,78.5327444,True,False,True,False
17.46171,78.5571396,True,True,True,False
17.3946906,78.4221116,True,True,True,False
17.5036299,78.3864025,True,True,True,False
17.3916207,78.5600446,True,True,True,False
17.3281147,78.6045399,True,False,True,False
17.3462321,78.4799077,True,False,True,False
17.4452312,78.4449117,True,True,True,False
17.4028042,78.4594873,True,True,True,True
17.4098051,78.4050926,True,True,True,False
17.4159349,78.4361907,True,False,True,False
17.3979102,78.4049204,True,True,True,True
17.3316182,78.4033571,True,False,True,False
17.4881832,78.316112,True,True,True,False
17.3512358,78.4911005,True,True,True,False
17.3392935,78.4737879,True,False,True,True
17.4444022,78.467713,True,True,True,False
17.3623778,78.4310366,True,False,True,False
17.4114477,78.6070518,True,True,True,False
17.4063505,78.5933319,True,True,True,False
17.3923995,78.4701477,True,False,True,True
17.4411062,78.3920739,True,False,True,False
17.3326604,78.4751984,True,False,False,True
17.413049,78.4599395,True,True,True,True
17.4153286,78.4537168,True,True,True,False
17.4555018,78.3639955,True,True,True,False
17.3673732,78.4965799,True,False,True,False
17.4331269,78.4212974,True,False,True,False
17.4768224,78.4219645,True,True,True,False
17.4644816,78.4844578,True,False,True,False
17.4228249,78.5110752,True,False,True,False
17.4846086,78.497226,True,False,True,False
17.3307561,78.5408455,True,False,True,False
17.3200305,78.4020096,True,False,True,False
17.519687,78.4468876,True,True,True,False
17.3410061,78.5329747,True,True,True,False
17.41526,78.5014979,True,True,True,False
17.3294747,78.5799204,True,True,True,False
17.436552,78.3401454,True,True,True,False
17.419494,78.3798412,True,True,True,True
17.4280616,78.4545981,True,True,True,False
17.3627254,78.5293456,True,True,True,False
17.4929361,78.3525923,True,True,True,False
17.4405369,78.5788551,False,False,True,False
17.3899006,78.4632361,True,True,True,True
17.5248934,78.5355319,True,False,True,False
17.4078455,78.4850003,True,False,True,True
17.5063342,78.3270564,True,True,True,False
17.3809197,78.5445541,True,True,True,False
17.4425339,78.3953526,True,False,True,False
17.4602725,78.4524033,True,False,True,False
17.3176682,78.6117136,True,False,True,False
17.4034981,78.4092359,True,True,True,False
17.3239429,78.5600237,True,True,True,False
17.4917993,78.4155435,True,True,True,False
17.3541765,78.5652906,True,True,True,False
17.4286363,78.4969962,True,True,True,False
17.4473707,78.4485105,True,True,True,False
17.686771,77.5880974,False,False,False,False
17.4506092,78.5825306,False,False,True,False
17.3835866,78.4774067,True,False,True,False
17.35768,78.4200013,True,False,True,False
17.3328487,78.4273382,True,False,True,False
17.3984668,78.5883272,True,True,True,False
17.3397918,78.4578365,True,False,True,True
17.4639543,78.4837317,True,False,True,False
17.4879512,78.3953922,True,True,True,False
17.4171036,78.4504213,True,True,True,False
17.4877382,78.399687,True,True,True,False
17.5398048,78.4356145,True,False,True,False
17.4910113,78.613677,True,True,False,False
17.4828598,78.5339636,False,True,True,False
17.3959788,78.4474053,True,True,True,False
17.5442507,78.4009688,True,False,True,False
17.4796142,78.394392,True,True,True,False
17.4708109,78.3749145,True,True,True,False
17.3986736,78.4157928,True,True,True,False
17.4850435,78.3790177,True,True,True,False
17.5643539,78.5517143,True,False,True,False
17.497822,78.3399655,True,True,True,False
17.4257451,78.5545582,True,True,True,False
17.3286867,78.5632273,True,True,True,False
17.4397094,78.4593791,True,True,True,False
17.4342641,78.4464948,True,True,True,False
17.4357772,78.4613029,True,True,True,False
17.4182415,78.5113365,True,True,True,False
17.5043618,78.4149849,True,True,True,False
17.4835578,78.3213131,True,True,True,False
17.3055067,78.5042041,False,False,True,True
17.4191477,78.3888943,True,True,True,False
17.4644896,78.6489825,False,False,False,False
17.4115794,78.4094296,True,True,True,False
17.5116535,78.3676991,True,True,True,False
17.4025665,78.4148085,True,True,True,False
17.342946,78.5785756,True,True,True,False
17.5091218,78.3004614,True,False,True,False
17.3068831,78.4502374,True,False,True,False
17.4560057,78.6660623,True,False,False,False
17.470446,78.5360054,False,True,True,False
17.4033145,78.4086572,True,True,True,False
17.3570672,78.4545419,True,False,True,False
17.3650805,78.3957009,True,False,True,False
17.3383467,78.5222127,True,False,True,False
17.46162,78.5331229,False,False,True,False
17.4906044,78.4158051,True,True,True,False
17.359533,78.5147979,True,True,True,False
17.457471,78.4964302,True,True,True,False
17.4077928,78.4925707,True,False,True,False
17.4974865,78.403275,True,True,True,False
17.0784896,78.2031982,False,False,False,False
17.465377,78.3640181,True,True,True,False
17.4406414,78.4808181,True,True,True,False
17.5200154,78.3968876,True,True,True,False
17.4836502,78.312489,True,True,True,False
17.4413689,78.3627758,True,True,True,False
17.2778869,78.2926325,False,False,False,False
17.3926401,78.5083876,True,True,True,False
17.3983274,78.5125609,True,True,True,False
17.4992875,78.5837185,False,False,True,False
17.500301,78.4096616,True,True,True,False
17.4691766,78.4031923,True,True,True,False
17.4612741,78.5634592,True,True,True,False
17.3639081,78.5287084,True,True,True,False
17.5238346,78.4140552,False,False,True,False
17.3946017,78.4517402,True,True,True,False
17.4947961,78.3282759,True,True,True,False
17.514435,78.447485,True,True,False,False
17.4962648,78.3805348,True,True,True,False
17.3540378,78.4850098,True,False,True,False
17.37331,78.41387,True,False,True,True
17.4169372,78.4265916,True,False,True,False
17.3246955,78.4813558,True,False,True,True
17.4040194,78.5043767,True,True,True,False
17.3995282,78.5417093,True,True,True,False
17.4567717,78.3865084,True,True,True,False
17.4949119,78.4455096,True,False,False,False
17.4253542,78.5183201,True,False,True,False
17.3342354,78.3895798,True,False,True,False
17.3607708,78.5024039,True,True,True,False
17.4917948,78.342306,True,True,True,False
17.3445706,78.5169717,True,True,True,False
17.4390853,78.4826973,True,True,True,False
17.4841858,78.3120693,True,True,True,False
17.3138317,78.5779533,True,False,True,False
17.5280261,78.2670248,True,False,True,False
17.4971242,78.3616033,True,False,True,False
17.3265375,78.4911022,True,False,False,False
17.3686524,78.5273062,True,True,True,False
17.3158544,78.4828417,True,False,True,False
17.344452,78.5469569,True,True,True,False
17.3686784,78.5414614,True,True,True,False
17.4863625,78.4970799,True,False,True,False
17.493049,78.40946,True,True,True,False
17.361886,78.4667506,True,False,True,False
17.3467372,78.4141612,True,False,True,False
17.3398864,78.4944313,True,True,False,False
17.3819519,78.4489041,True,True,True,False
17.4963244,78.3816053,True,True,True,False
17.5086345,78.3018685,True,False,True,False
17.4646179,78.4616333,True,False,False,False
17.5125871,78.339186,True,True,True,False
17.5105245,78.4571841,True,True,True,False
17.4297326,78.5174265,True,False,True,False
17.3833665,78.4010991,True,False,True,True
17.4670374,78.3415168,True,False,True,False
17.5457451,78.3970359,True,False,True,False
17.3978353,78.4139018,True,True,True,False
17.367843,78.4871899,True,False,True,False
17.486976,78.3569838,True,False,True,False
17.4325722,78.4886026,True,True,True,False
17.3688126,78.5131912,True,True,True,False
17.4842051,78.2995091,True,False,True,False
17.5166401,78.3467914,True,False,True,False
17.4339579,78.5018052,True,True,False,False
17.4013579,78.5815697,True,True,True,False
17.5497096,78.5241331,True,False,True,False
17.5039872,78.3353375,True,True,True,False
17.4274197,78.3318771,False,False,True,False
17.3585073,78.5177466,True,True,True,False
17.4390256,78.4990037,True,True,True,False
17.3515414,78.5111106,True,True,True,False
17.4155027,78.4516998,True,True,True,False
17.33298,78.406191,True,False,False,False
17.4093399,78.3947067,True,True,True,False
17.4332336,78.6571795,True,False,True,False
17.3886429,78.3822256,True,False,True,True
17.4939602,78.4008412,True,True,True,False
17.440659,78.4807884,True,True,True,False
17.3806032,78.3456848,True,False,True,True
17.4158985,78.6018454,True,True,True,False
17.3914696,78.5266278,True,True,True,False
17.3879203,78.4371165,True,True,True,False
17.5062095,78.5051076,True,False,True,False
17.5236905,78.3317297,False,False,True,False
17.4758254,78.4847371,True,False,True,False
17.5036267,78.4932856,True,True,True,False
17.4410718,78.5222061,True,False,True,False
17.4192999,78.5267548,True,False,True,False
17.4679981,78.3678185,True,True,True,False
17.4791192,78.5628517,True,True,True,False
22.6999347,88.3799386,True,False,True,False
22.6210749,88.3992451,True,False,True,False
22.5726459,88.3638953,True,True,True,False
22.5080547,88.3533289,True,False,True,False
22.5478233,88.4002314,True,False,True,False
22.6520597,88.4360417,True,False,True,False
22.5804642,88.3907047,True,True,True,False
22.4956263,88.398449,True,False,True,False
22.4440967,88.3017146,True,False,True,False
22.495499,88.3709006,True,False,True,False
22.4960484,88.3822296,True,False,True,False
22.5056055,88.363674,True,False,True,False
22.4798775,88.3893197,True,False,True,False
22.6950342,88.4073585,True,False,True,False
22.5882834,88.4734476,True,True,True,False
22.7240621,88.3867065,True,False,True,False
22.4735865,88.3606732,True,False,True,False
22.590425,88.41692,True,True,True,False
22.5939709,88.2800968,True,False,True,False
22.6947839,88.4530183,True,False,True,False
22.9827423,88.4234023,False,False,False,False
22.6820899,88.2907444,True,False,True,False
22.5726,88.3639,True,True,True,False
22.4809986,88.284838,False,False,True,False
22.498636,88.3453908,True,False,True,False
22.5044355,88.3721663,True,False,True,False
22.506758,88.3817559,True,True,True,False
22.4700318,88.1011108,True,False,True,False
22.6120368,88.4400247,True,True,True,False
22.5880896,88.3852834,True,True,True,False
22.69972,88.3519784,True,False,True,False
22.5325844,88.3454429,True,False,True,False
22.4495236,88.3955392,True,False,True,False
22.4409911,88.4562793,False,False,True,False
22.6828782,88.3853645,True,False,True,False
22.4643677,88.3075322,True,False,True,False
22.5506557,88.4039172,True,False,True,False
22.6344209,88.4346171,True,False,True,False
22.4817043,88.3249417,True,False,True,False
22.6632119,88.4271269,True,False,True,False
22.5196384,88.3656241,True,False,True,False
22.9428583,88.6404803,False,False,False,False
22.5685792,88.2942109,True,False,True,False
22.5833648,88.3403452,True,False,True,False
22.501572,88.3209435,True,False,True,False
22.5111648,88.3281116,True,False,True,False
22.6286173,88.44061,True,True,True,False
22.6675463,88.3437177,True,False,True,False
22.5973333,88.4338521,True,False,True,False
22.477646,88.4399813,False,False,True,False
22.4726577,88.3977506,True,False,True,False
22.5261133,88.3478009,True,False,True,False
22.5330009,88.3963939,True,True,True,False
22.5736296,88.3251045,True,False,True,False
22.770816,88.541759,True,False,True,False
22.4884467,88.3560125,True,False,True,False
22.5215953,88.39564,True,True,True,False
22.5264928,88.3323692,True,False,True,False
22.4803617,88.3377899,True,False,True,False
22.4827391,88.3866708,True,False,True,False
22.5236955,88.3988632,True,True,True,False
22.6524964,88.3773002,True,False,True,False
22.5360688,88.3720085,True,False,True,False
22.7641623,88.3776088,True,False,True,False
22.6235932,88.441046,True,True,True,False
22.6057276,88.4029611,True,False,True,False
22.9416232,88.6351344,False,False,False,False
22.4539009,88.4184898,False,False,True,False
22.5153313,88.3477052,True,False,True,False
22.5280337,88.3659084,True,False,True,False
22.7191072,88.4826229,True,False,True,False
22.5373748,88.3475617,True,False,True,False
22.8464418,88.3856781,True,False,True,False
22.5565107,88.3795946,True,False,True,False
22.5290324,88.3791725,True,False,True,False
22.4913328,88.3618382,True,False,True,False
22.5550448,88.3506726,True,True,True,False
22.5054448,88.2940087,False,False,True,False
22.5091067,88.3711314,True,False,True,False
22.6291913,88.4975278,True,False,True,False
22.5060294,88.2501665,False,False,True,False
22.4739055,88.4052276,True,False,True,False
22.5053017,88.4009957,True,True,True,False
22.4845459,88.3469837,True,False,True,False
22.609668,88.4276832,True,False,True,False
22.6796053,88.3710907,True,False,True,False
22.6532616,88.3296743,True,False,True,False
22.6674338,88.3672058,True,False,True,False
22.654827,88.3575776,True,False,True,False
22.4768118,88.3485022,True,False,True,False
22.5008683,88.3840456,True,True,True,False
22.6244374,88.4019362,True,False,True,False
22.543479,88.2946904,False,False,True,False
22.6209027,88.3394035,True,False,True,False
22.4093984,88.37909,False,False,True,False
22.5579073,88.4119068,True,False,True,False
22.5685465,88.4144383,True,False,True,False
22.5949542,88.4058906,True,True,True,False
22.5143486,88.3558518,True,False,True,False
22.5586562,88.4108018,True,False,True,False
22.5021753,88.3624899,True,False,True,False
22.5090184,88.2991427,False,False,True,False
22.5591361,88.3794521,True,False,True,False
22.5606248,88.3738505,True,False,True,False
22.5056768,88.3682854,True,False,True,False
22.5432828,88.3520869,True,True,True,False
22.5844654,88.42385,True,True,True,False
22.5035284,88.3190032,True,False,True,False
22.5673793,88.3710192,True,True,True,False
22.5525664,88.3561356,True,True,True,False
22.5191703,88.3847542,True,True,True,False
22.5364801,88.3576578,True,False,True,False
22.5315802,88.3632719,True,False,True,False
22.5380537,88.3477884,True,False,True,False
22.5419474,88.3547135,True,True,True,False
22.5376181,88.3158211,True,False,True,False
22.5807042,88.4623797,True,True,True,False
22.4959545,88.3704675,True,False,True,False
22.4872704,88.3685589,True,False,True,False
22.4736567,88.173933,False,False,False,False
22.5260827,88.3890458,True,True,True,False
22.5178618,88.3868841,True,True,True,False
22.5176859,88.3633438,True,False,True,False
22.4915547,88.3726729,True,False,True,False
22.5981344,88.3048369,True,False,True,False
22.5142557,88.4098863,True,True,True,False
22.5095876,88.3697226,True,False,True,False
22.5134321,88.4017445,True,True,True,False
22.6530765,88.3805962,True,False,True,False
22.4738701,88.3619683,True,False,True,False
22.472842,88.3674436,True,False,True,False
22.8285164,88.3801893,False,False,True,False
22.598926,88.3475695,True,False,True,False
22.6398418,88.3941343,True,False,True,False
22.6364899,88.4120228,True,False,True,False
22.5055869,88.3224831,True,False,True,False
22.4792468,88.3118473,True,False,True,False
22.6059189,88.4111091,True,True,True,False
22.5655396,88.5141561,True,False,True,False
22.4922795,88.3923094,True,False,True,False
22.5529137,88.3006821,True,False,True,False
22.5853479,88.2848811,True,False,True,False
22.5407799,88.3738814,True,False,True,False
22.5151883,88.3645512,True,False,True,False
22.603428,88.4230377,True,False,True,False
22.7247059,88.3434353,True,False,True,False
22.5961275,88.3852833,True,False,True,False
22.5757025,88.2394462,True,False,True,False
22.4948331,88.3164005,True,False,True,False
22.4873548,88.3133794,True,False,True,False
22.7549951,88.3416672,True,False,True,False
22.9749723,88.4345915,False,False,False,False
22.7109969,88.4699989,True,False,True,False
22.5802652,88.2560296,True,False,True,False
22.5052279,88.368102,True,False,True,False
22.5503588,88.3598938,True,True,True,False
22.622191,88.4089888,True,False,True,False
22.7791604,88.3227463,True,False,True,False
22.5333241,88.3857621,True,False,True,False
22.5642242,88.3893174,True,False,True,False
22.8310988,88.3570138,True,False,True,False
22.6469581,88.343612,True,False,True,False
22.4884855,88.3717539,True,False,True,False
22.6080961,88.3942426,True,False,True,False
22.7998264,88.3739103,True,False,True,False
22.6504966,88.4192153,True,False,True,False
22.6120515,88.3855648,True,False,True,False
22.4637529,88.3864655,True,False,True,False
22.5745254,88.3644645,True,True,True,False
22.7585125,88.3774386,True,False,True,False
22.5754543,88.4322569,True,False,True,False
22.3607154,88.4325575,True,True,True,False
22.6660837,88.4211986,True,False,True,False
22.4966412,88.3616098,True,False,True,False
22.5968262,88.3671932,True,False,True,False
22.5903989,88.3571238,True,False,True,False
22.4843866,88.5657246,True,False,False,False
22.8639237,88.3703496,True,False,False,False
22.5048704,88.3649242,True,False,True,False
22.4990796,88.3640131,True,False,True,False
22.4988417,88.3662447,True,False,True,False
22.5102985,88.4201079,True,False,True,False
22.6659799,88.3906586,True,False,True,False
22.54357,88.2679343,False,False,True,False
22.5880064,88.3689403,True,False,True,False
22.5727779,88.3716794,True,False,True,False
22.6129078,88.4665536,True,False,True,False
22.5881858,88.4076548,True,True,True,False
22.6198553,88.4319746,True,True,True,False
22.6564623,88.4467245,True,False,True,False
22.6309793,88.4344131,True,True,True,False
22.513245,88.4025652,True,True,True,False
22.5137651,88.3510421,True,False,True,False
22.9322475,88.4248587,False,False,False,False
22.9226381,88.3877415,False,False,False,False
22.7949104,88.3317725,True,False,True,False
22.7419198,88.379201,True,False,True,False
22.5192486,88.3511347,True,False,True,False
22.5337583,88.3531583,True,False,True,False
22.598577,88.324035,True,False,True,False
22.5492997,88.2851307,True,False,True,False
22.4661595,88.4001629,True,False,True,False
22.6935831,88.4924943,True,False,True,False
22.4523378,88.3045283,True,False,True,False
22.5764162,88.4141452,True,True,True,False
22.601335,88.3724974,True,False,True,False
22.5525577,88.4063762,True,False,True,False
22.5785751,88.4716695,True,True,True,False
22.5680844,88.2680662,True,False,True,False
22.4868942,88.3054213,True,False,True,False
22.5209912,88.3687046,True,False,True,False
22.5043139,88.3486225,True,False,True,False
22.5147366,88.2492787,False,False,True,False
22.6059241,88.3863913,True,False,True,False
22.5709658,88.412696,True,True,True,False
22.5469365,88.2826141,False,False,True,False
22.5490749,88.3683399,True,True,True,False
22.4960295,88.401984,True,False,True,False
22.5977814,88.3650003,True,False,True,False
22.5033938,88.3804229,True,True,True,False
22.5013103,88.3483751,True,False,True,False
22.5072341,88.393512,True,True,True,False
22.508452,88.3691207,True,False,True,False
22.7060606,88.4633037,True,False,True,False
22.763107,88.1957544,True,False,True,False
22.5143251,88.3369583,True,False,True,False
22.5551591,88.3501171,True,True,True,False
22.5317548,88.3564789,True,False,True,False
22.5244349,88.3524652,True,False,True,False
22.5347917,88.3614931,True,False,True,False
22.5352649,88.3566292,True,False,True,False
22.5489776,88.3280129,True,False,True,False
22.5979916,88.3694857,True,False,True,False
22.6065505,88.3952451,True,False,True,False
22.4125168,88.4185772,True,False,True,False
22.582139,88.4472979,True,True,True,False
22.5458331,88.3737361,True,False,True,False
22.5696052,88.3170772,True,False,True,False
22.608802,88.4237745,True,False,True,False
22.6357323,88.3398223,True,False,True,False
22.5403419,88.3655209,True,False,True,False
22.5843396,88.3631411,True,False,True,False
22.5656805,88.3821551,True,False,True,False
22.5171723,88.3455638,True,False,True,False
22.5700255,88.4347847,True,False,True,False
22.6055529,88.3655888,True,False,True,False
22.7195756,88.3477021,True,False,True,False
22.6063508,88.3784257,True,False,True,False
22.5400604,88.3958472,True,False,True,False
22.578925,88.4096934,True,True,True,False
22.5770567,88.4136879,True,True,True,False
22.5270528,88.3260988,True,False,True,False
22.5227232,88.3499241,True,False,True,False
22.5292635,88.3741834,True,False,True,False
22.7206162,88.373306,True,False,True,False
22.47421,88.3551263,True,False,True,False
22.5834141,88.3562514,True,False,True,False
22.499166,88.3487677,True,False,True,False
22.5838585,88.3339983,True,False,True,False
22.436108,88.4423244,False,False,True,False
22.4681162,88.4196482,False,False,True,False
22.6266867,88.4889817,True,False,True,False
22.9052114,88.3760639,False,False,False,False
22.5147581,88.3904034,True,True,True,False
22.566664,88.3653411,True,True,True,False
22.5998736,88.4008791,True,True,True,False
23.1536323,88.419904,False,False,False,False
22.653524,88.4390752,True,False,True,False
22.5918828,88.281562,True,False,True,False
22.548977,88.3511498,True,True,True,False
22.7826288,88.3702748,True,False,True,False
22.6161562,88.3711362,True,False,True,False
22.4380591,88.267537,False,False,True,False
22.4621691,88.2856024,True,False,True,False
22.7788971,88.384076,True,False,True,False
22.990303,88.3982606,False,False,False,False
22.8963376,88.6689298,False,False,False,False
22.7531048,88.3759528,True,False,True,False
19.1172495,72.833968,True,True,True,True
19.1158835,72.854202,True,False,True,True
19.076,72.8777,True,False,True,False
19.1692623,72.8552548,True,True,True,False
19.1159409,72.8312863,True,True,True,True
19.1852851,72.8358611,True,True,True,False
19.2298129,72.8471376,True,True,True,True
19.1860219,72.8563181,True,True,True,False
19.1070215,72.8275275,True,False,True,True
19.2500963,72.8533941,True,False,True,True
19.2493572,72.8596302,True,False,True,True
19.2596635,72.9690861,True,False,True,False
19.1187195,72.9073476,True,True,True,True
18.99568,72.8302756,True,False,True,False
19.054818,72.8979713,True,False,True,False
19.1366355,73.0027824,True,False,True,False
19.1633281,72.8411995,True,True,True,False
19.1585147,72.9994019,True,False,True,True
19.1163797,73.0069928,True,False,True,False
19.1378308,72.9361964,True,False,True,True
19.0585888,72.9572689,True,False,True,False
18.988459,72.8393913,True,False,True,False
19.0803934,72.8553306,True,False,True,False
18.97504,72.8250555,True,True,True,False
19.1462636,72.9339461,True,False,True,True
19.1114795,72.928021,True,True,True,True
19.0051696,73.0282853,True,True,True,False
19.1960956,72.9880109,True,False,True,False
19.0833438,72.9123246,True,False,True,False
19.1719717,72.9511956,True,True,True,False
19.1429467,72.8551559,True,False,True,False
19.2140036,72.8373054,True,False,True,False
19.0423145,72.8398344,True,False,True,False
19.1704719,72.9610447,True,True,True,False
19.0583358,72.8302669,True,False,True,False
19.0216748,73.0186236,True,True,True,False
19.0137704,72.846317,True,True,True,False
19.0897439,72.9048035,True,False,True,False
19.0616565,72.8498111,True,False,True,False
19.0117388,72.8178706,True,True,True,False
19.1878962,72.8365955,True,True,True,False
19.248875,72.852959,True,False,True,True
19.0652797,72.8793805,True,False,True,False
19.0335938,73.018164,True,False,True,False
19.042472,73.0131985,True,False,True,False
19.124102,72.9385562,True,True,True,False
19.0162531,72.8522274,True,False,True,True
19.5091723,72.8458201,False,False,False,False
18.945764,72.8237193,True,True,True,False
19.103908,72.840301,True,False,True,True
19.0698569,72.829799,True,False,True,False
19.1921813,72.820581,True,True,True,False
18.9825203,72.8242196,True,False,True,False
19.0148811,72.8279556,True,True,True,False
19.0465213,72.8632834,True,False,True,True
18.9652232,72.8388636,True,True,True,False
19.136394,72.8373817,True,True,True,True
19.0238887,72.8382236,True,True,True,False
19.0434868,73.0240782,True,False,True,False
19.0164338,73.0806552,True,False,True,False
19.025773,73.0591845,True,False,True,False
18.9543165,72.8179082,True,True,True,False
18.9766219,72.8327936,True,False,True,False
19.1911418,72.8729089,True,True,True,False
18.915091,72.8259691,True,False,True,False
19.0659774,73.0095329,True,True,True,False
19.0632481,72.9987966,True,True,True,False
19.2599822,72.8598732,True,True,True,False
19.0269192,72.8759337,True,False,True,True
19.0682411,72.8400412,True,False,True,False
19.0844004,72.8372899,True,False,True,False
19.2051958,72.8626165,True,True,False,False
19.0035933,72.8175824,True,False,True,False
19.0235062,73.1106092,True,False,True,False
19.2187187,72.8654856,True,True,True,False
19.0475502,72.9051895,True,False,True,False
19.0261579,72.8520846,True,False,True,True
19.0606629,72.8546797,True,False,True,False
19.3508311,72.8938078,True,False,False,False
19.0511604,72.9293364,True,True,True,False
19.0272788,72.8383977,True,True,True,False
18.9697337,72.8406201,True,False,True,False
18.9129204,72.8201377,True,False,True,False
19.0686026,72.876583,True,False,True,False
19.0210175,72.8568955,True,False,True,True
18.9581616,72.8033665,True,True,True,False
19.0482086,72.9317136,True,True,True,True
19.0314768,72.8468509,True,False,True,False
18.9695855,72.8193152,True,True,True,False
18.9722351,72.8203423,True,True,True,False
18.9650659,72.8261833,True,True,True,False
19.0649126,72.8270326,True,False,True,False
19.0173837,73.0954838,True,False,True,False
19.0317259,72.8433917,True,True,True,False
19.0692377,72.8978464,True,False,True,False
19.0553688,72.9150702,True,False,True,False
19.1248799,72.9354946,True,True,True,True
18.927089,72.8235859,True,True,False,False
18.968623,72.8068368,True,True,True,False
18.9354797,72.8271741,True,True,True,False
19.0592671,72.861326,True,False,True,True
18.9332665,72.8345146,True,True,True,False
18.9584855,72.8122522,True,True,True,False
18.9904678,73.1279357,True,True,True,False
19.1136865,72.929775,True,True,True,True
19.1091482,72.8945793,True,False,True,True
18.9871984,72.8326716,True,False,True,False
19.1440528,73.0455731,True,False,True,True
19.0692541,72.9019227,True,False,True,False
19.0010485,72.8194265,True,False,True,False
19.0628944,72.8825604,True,False,True,False
19.0318761,72.8882146,True,False,True,False
19.0526081,72.9094457,True,False,True,False
19.0795422,72.8971169,True,False,True,False
19.1056227,72.9988648,True,False,True,False
19.1097455,72.8365427,True,False,True,True
19.1093012,73.0235724,True,False,True,False
19.0687175,72.904372,True,False,True,False
18.9987796,72.8544218,True,False,True,False
19.054999,72.8692035,True,False,True,True
19.1899425,73.0230752,True,False,True,True
19.1254396,72.9252587,True,True,True,True
19.1293951,72.8396709,True,True,True,True
19.0759684,72.824731,True,False,True,False
19.0395778,72.9221562,True,True,True,True
19.0072207,73.1155902,True,False,True,False
18.9492575,72.8279382,True,True,True,False
19.1593193,72.9906831,True,False,True,False
19.2532885,72.7904864,False,False,True,False
19.0840726,72.8835101,True,False,True,False
19.136208,72.816827,True,True,True,False
18.9601592,72.8345489,True,True,True,False
18.9633549,72.8158261,True,True,True,False
19.1331195,72.8251336,True,True,True,False
19.114541,72.9257184,True,True,True,True
19.0963204,72.8643595,True,False,True,False
19.012455,72.835058,True,True,True,False
19.0787903,72.8799992,True,False,True,False
19.0525087,72.87938,True,False,True,True
18.9562681,72.8057401,True,True,True,False
19.0972015,72.9981497,True,False,True,False
19.1193307,72.9995096,True,False,True,False
19.1175161,73.0033906,True,False,True,False
19.1295931,72.9968264,True,False,True,False
18.9308302,72.8226137,True,True,False,False
19.1196976,72.8464205,True,False,True,True
19.0596913,72.8265675,True,False,True,False
19.0520886,72.8674141,True,False,True,True
18.9736935,72.8367795,True,False,True,False
18.9750879,72.8282502,True,False,True,False
19.0810765,72.8485939,True,False,True,False
19.2426204,72.8520198,True,True,True,True
19.1395251,72.8083428,False,False,True,False
19.1361399,72.8375662,True,True,True,True
19.1302521,72.8213775,True,True,True,False
19.1219328,72.8257301,True,True,True,True
19.1365801,72.8120769,False,True,True,False
19.1276887,72.8627819,True,False,True,False
19.1218684,72.8505831,True,False,True,True
19.1396155,72.8257126,True,True,True,False
19.0734855,72.8823214,True,False,True,False
19.1049759,73.0038923,True,False,True,False
19.0662286,72.822963,True,False,True,False
19.2112442,72.8643107,True,True,False,False
19.0904503,72.8428331,True,False,True,False
19.0504556,72.8218606,True,False,True,False
19.106806,73.0009987,True,False,True,False
18.9681782,72.8286009,True,False,True,False
19.0902467,72.8276638,True,False,True,False
19.214504,72.8769601,True,True,False,False
19.1084781,72.8697541,True,False,True,False
19.1136556,72.8585799,True,False,True,False
19.0512275,72.8326014,True,False,True,False
19.1133952,72.8736034,True,False,True,False
19.0670591,72.8285881,True,False,True,False
19.1257356,72.9998659,True,False,True,False
19.1939583,72.8607549,True,True,True,False
19.1049242,72.8985884,True,False,True,True
18.9680167,72.8082732,True,True,True,False
19.0575631,72.8314731,True,False,True,False
18.9662492,72.8089909,True,True,True,False
19.1430985,72.8246055,True,True,True,False
19.1231523,72.8599912,True,False,True,False
19.1253367,72.86432,True,False,True,False
19.0875686,72.8273041,True,False,True,False
19.196772,72.8603751,True,True,True,False
19.0752431,72.8358501,True,False,True,False
19.0573495,72.8271059,True,False,True,False
19.061761,72.8222815,True,False,True,False
18.9999313,72.8447176,True,False,True,False
19.108206,72.8828404,True,False,True,False
19.1648688,72.8495492,True,True,True,False
19.1721366,72.9566971,True,True,True,False
19.0549204,72.9169194,True,False,True,False
19.06516,72.8325545,True,False,True,False
19.0005156,72.8139135,True,False,True,False
19.0554338,72.8751508,True,False,True,True
19.1287942,72.8255543,True,True,True,True
19.2113199,72.8710472,True,True,False,False
19.057121,72.8252328,True,False,True,False
19.2068605,72.8697453,True,True,False,False
19.0074717,72.8358965,True,True,True,False
18.9714363,72.8051492,True,True,True,False
19.1326946,72.8966869,True,False,True,False
19.127716,72.8675588,True,False,True,False
19.1172198,72.882342,True,False,True,False
19.0509908,72.8216174,True,False,True,False
19.0958495,72.8877186,True,False,True,False
19.2117164,72.8646991,True,True,False,False
19.171044,72.859023,True,True,True,False
19.1847848,72.834135,True,True,True,False
19.1738527,72.8670935,True,True,True,False
19.1474514,72.9957483,True,False,True,False
19.0429946,73.0806733,True,False,True,False
19.2238836,72.8476854,True,True,True,False
19.0250002,72.9061681,True,False,True,True
19.1471224,72.991425,True,False,True,False
18.9637535,72.8068617,True,True,True,False
19.2356062,72.9583946,True,False,True,True
19.0435059,72.8921791,True,False,True,False
19.1147466,72.8397574,True,False,True,True
19.1380387,72.8280164,True,True,True,False
19.1546402,72.9466525,True,False,True,False
19.097,72.8945,True,False,True,True
18.9674951,72.843985,True,False,True,False
19.1068579,72.8671624,True,False,True,False
19.1788433,72.8444648,True,True,True,False
19.2157147,72.8251499,True,False,True,False
19.1136366,72.8368659,True,True,True,True
19.0390722,72.8501829,True,False,True,False
19.1283029,72.8269639,True,True,True,True
18.9524203,72.8038935,True,True,True,False
19.0135886,72.8276962,True,True,True,False
19.0139092,72.8322785,True,True,True,False
18.9861851,72.8109586,True,True,True,False
19.050289,72.8915885,True,False,True,False
19.117493,72.9644013,False,False,True,False
19.1111705,72.8304076,True,False,True,True
19.0617135,72.8837422,True,False,True,False
19.1235835,72.887405,True,False,True,False
19.1074355,72.9984805,True,False,True,False
19.0629912,72.8566638,True,False,True,False
19.0448096,72.9101374,True,False,True,True
19.0559456,73.0182495,True,False,True,False
19.0702474,72.8223173,True,False,True,False
19.1191245,72.9136382,True,True,True,True
19.118049,72.8798104,True,False,True,False
19.0813635,72.853893,True,False,True,False
19.1069664,73.0095196,True,False,True,False
19.0610336,73.0032979,True,True,True,False
17.494103,78.3527499,False,False,False,False
19.0827847,72.8805307,True,False,True,False
15.644673,73.83631,False,False,False,False
19.0713356,72.8381315,True,False,True,False
19.015057,73.0123022,True,True,True,False
19.1277203,72.9062142,True,True,True,True
19.1576166,72.7865772,False,False,True,False
19.167997,72.967884,True,False,True,False
19.0192269,72.8428479,True,True,True,False
19.1211612,72.9373292,True,True,True,True
19.0761648,73.0176615,True,False,True,False
19.044463,72.8586177,True,False,True,True
19.0612177,72.8448733,True,False,True,False
19.2088598,72.820816,True,False,True,False
19.2141193,72.8258652,True,False,True,False
19.1502437,72.8342294,True,True,True,False
19.038895,73.080393,True,False,True,False
19.1834164,72.8584879,True,True,True,False
19.3183904,72.8991697,True,False,False,False
19.051141,72.9058598,True,False,True,False
19.0661859,72.8306386,True,False,True,False
19.0483928,72.9387147,True,True,True,True
19.1386506,72.8274885,True,True,True,False
19.132229,72.8498595,True,False,True,True
19.1286526,72.9280394,True,True,True,True
19.1191663,72.8951234,True,True,True,True
19.0844406,72.83457,True,False,True,False
19.0859241,72.8276105,True,False,True,False
19.076153,72.8319138,True,False,True,False
19.1427827,72.9934041,True,False,True,False
19.1418141,72.9986329,True,False,True,False
19.0411865,72.9477071,True,True,False,True
19.215001,72.8119695,False,False,True,False
19.1537891,72.9629435,True,False,True,False
19.1486945,72.9922501,True,False,True,False
19.0294234,72.8696192,True,False,True,True
19.0960823,72.8460114,True,False,True,False
19.1326186,72.9149702,True,True,True,True
19.1521227,72.83094,True,True,True,False
19.1611244,72.9904244,True,False,True,False
19.1523238,72.9404824,True,False,True,False
19.0062232,72.8297898,True,True,True,False
19.028972,72.8775722,True,False,True,True
19.2148204,72.8426273,True,True,True,False
19.0708218,72.8288647,True,False,True,False
19.0166466,73.041358,True,False,True,False
19.1202459,72.9959529,True,False,True,False
19.0463561,73.0091368,True,False,True,False
19.1073198,72.828028,True,False,True,True
19.0514795,72.8757873,True,False,True,True
19.1609925,72.9445125,True,False,True,False
19.124241,72.9178737,True,True,True,True
19.1914938,72.8609389,True,True,True,False
19.0894525,72.9050293,True,False,True,False
19.069717,72.8331727,True,False,True,False
19.1116978,72.9234406,True,True,True,True
19.1312,72.8149,True,True,True,False
19.0082224,72.8337786,True,True,True,False
19.1375285,72.7918857,False,False,True,False
19.1138594,72.8476435,True,False,True,True
19.0920602,72.8994007,True,False,False,False
19.2384522,72.8424406,True,True,True,True
19.2315586,72.8468951,True,True,True,True
19.2249852,72.8458342,True,True,True,False
19.0441,72.9027,True,False,True,False
19.2183953,72.843846,True,True,True,False
19.228336,72.848131,True,True,True,True
19.2289622,72.8448146,True,True,True,True
19.0627075,72.8910418,True,False,True,False
19.2382196,72.8527,True,True,True,True
19.446212,73.3167061,False,False,False,False
19.229068,72.8573628,True,True,True,True
19.0565684,72.890296,True,False,True,False
19.0517387,72.9103117,True,False,True,False
19.1724907,72.9670724,True,False,True,False
19.1278285,72.8308602,True,True,True,True
19.1214432,72.8476159,True,False,True,True
19.0445055,72.9098089,True,False,True,True
19.0566802,72.9224217,True,False,True,False
19.0539721,72.8879109,True,False,True,False
19.0501723,72.9198683,True,True,True,False
19.2364095,72.8187174,False,False,True,False
19.0526419,72.8942789,True,False,True,False
19.1484813,72.9910368,True,False,True,False
19.0366365,72.9456677,True,True,False,True
19.2170865,72.8521491,True,True,True,False
18.9738655,72.8090463,True,True,True,False
19.0637885,72.9249,True,False,True,False
19.079273,72.8612672,True,False,True,False
19.0998652,72.8879689,True,False,True,False
19.033685,73.008969,True,False,True,False
19.0999098,72.8440038,True,False,True,False
19.1269786,72.8269802,True,True,True,True
19.1211602,72.8820645,True,False,True,False
19.202513,72.8408313,True,False,True,False
19.1450535,72.82856,True,True,True,False
18.6067613,73.822095,False,False,False,False
18.9576845,72.8355858,True,True,True,False
19.1008449,72.9118196,True,False,False,True
19.4115443,73.2691755,False,False,False,False
19.1198185,72.9052264,True,True,True,True
19.112413,72.8710949,True,False,True,False
19.0370749,73.0124752,True,False,True,False
19.2133846,72.8419734,True,False,True,False
19.0301805,72.8669504,True,False,True,True
19.0654915,72.8931985,True,False,True,False
19.2221131,72.8399902,True,True,True,False
19.1369178,72.869128,True,False,True,True
19.2260508,72.8543007,True,True,True,True
19.0234849,73.0384895,True,False,True,False
19.116362,72.9038517,True,True,True,True
19.037232,72.906763,True,False,True,True
19.2282086,72.838496,True,True,True,False
19.1966847,72.8227304,True,True,True,False
19.0841614,72.9105915,True,False,True,False
18.9537706,72.8274755,True,True,True,False
19.1724355,72.9530767,True,True,True,False
19.1315938,72.8346293,True,True,True,True
19.1365763,73.0020717,True,False,True,False
18.9950815,72.832883,True,False,True,False
19.0844724,72.8346157,True,False,True,False
19.2300117,73.0281438,True,False,True,False
18.7996882,73.2860473,False,False,False,False
19.2019214,72.8181718,True,False,True,False
18.7963261,73.2884961,False,False,False,False
19.1831456,72.9540881,True,True,True,False
19.0375563,73.0290014,True,False,True,False
19.4397472,73.3080116,False,False,False,False
18.9810531,72.8267863,True,False,True,False
19.1404894,72.8647504,True,False,True,True
19.0928654,72.8515077,True,False,True,False
19.1081165,72.8502764,True,False,True,True
19.1067657,72.8639412,True,False,True,False
19.0407302,72.8642303,True,False,True,True
19.2056319,73.0078003,True,False,True,True
19.252261,72.87286,True,True,True,False
19.2072381,72.8365782,True,False,True,False
19.1740198,72.8695219,True,False,True,False
19.453876,73.327579,False,False,False,False
19.1349978,72.9351016,True,True,True,True
19.1152873,72.8618085,True,False,True,False
19.0793369,72.910051,True,False,True,False
19.3643184,73.1757195,False,False,False,False
19.0875,72.8277,True,False,True,False
19.1247542,72.9201221,True,True,True,True
19.0712057,73.079077,True,False,True,False
19.0370909,73.0233188,True,False,True,False
18.5343218,73.9298264,True,True,True,False
18.6022495,73.7644454,True,True,True,False
18.5806299,73.9833099,True,False,True,False
18.5072618,73.8056676,True,False,True,False
18.5586854,73.8954953,True,True,True,False
18.5076459,73.8667489,True,False,True,False
18.5981553,73.7977661,True,True,True,False
18.5924659,73.7606865,True,True,True,False
18.5906707,73.8913189,True,False,True,False
18.6598134,73.7772821,True,False,True,False
18.5775917,73.8533183,True,False,True,False
18.5703877,73.9133336,True,False,False,False
18.4373984,73.8190432,True,False,False,False
18.7623111,73.8625448,True,False,True,False
18.6403548,73.7917128,True,True,True,False
18.5512763,73.9416575,True,True,True,False
18.5481382,73.9025513,True,True,True,False
18.643269,73.7450557,True,False,True,False
18.5803749,73.9182265,True,False,True,False
18.5204,73.8567,True,False,True,False
18.6642449,73.8266835,True,False,True,False
18.5589937,73.7845232,True,False,True,True
18.5874457,73.8213076,True,False,True,False
18.6210093,73.8501298,True,False,True,False
18.4519302,73.8913901,True,False,False,False
18.6227121,73.8738776,True,False,True,False
18.5536672,73.752727,True,False,True,False
18.5007741,73.9379146,True,False,True,False
18.4644244,73.8323998,True,False,True,False
18.6153997,73.7501907,True,True,True,False
19.1430582,73.638586,False,False,False,False
18.4894205,73.821347,True,False,True,False
18.5209541,73.7780873,True,False,True,True
18.4820444,73.8001705,True,False,True,False
18.4779905,73.8940627,True,True,False,False
18.5236232,73.9871692,True,False,False,False
18.4834351,74.3621686,False,False,False,False
18.5122093,73.9719339,True,False,False,False
18.5560689,74.0658057,False,False,False,False
18.6231854,73.8019932,True,True,True,False
18.6772446,73.8981129,True,False,True,False
18.6668233,73.7020767,True,False,True,False
18.548967,73.9149296,True,True,True,False
18.5141709,73.9014013,True,True,True,False
18.4536792,73.8563196,True,False,True,False
18.5696605,73.794051,True,False,True,False
18.4782576,73.823807,True,False,True,False
18.565532,73.8135828,True,False,True,False
18.609275,73.7729374,True,True,True,False
18.6966651,73.7916232,True,False,True,False
18.5847495,73.8927069,True,False,True,False
18.6486418,73.7647081,True,False,True,False
18.5112818,73.6790069,True,False,True,False
18.5213749,73.8596235,True,False,True,False
18.4883683,73.8986672,True,True,True,False
18.5618834,73.8101957,True,False,True,False
18.5820266,73.7689831,True,True,True,False
18.4851264,73.9316774,True,False,False,False
18.6382904,73.7461948,True,False,True,False
18.4726271,73.9791077,True,False,True,False
18.5175599,73.858037,True,False,True,False
18.4589198,73.8093956,True,True,False,False
18.7337107,73.6728593,False,True,True,False
18.4490308,73.8528624,True,False,True,False
18.5386704,73.7952542,True,False,True,True
18.6024826,73.7959899,True,True,True,False
18.4796701,73.8250995,True,False,True,False
18.5927116,73.8625967,True,False,True,False
18.5111545,73.9273823,True,True,True,False
18.4880464,73.8937064,True,True,False,False
18.5268544,73.9000956,True,True,True,False
18.4674971,73.825365,True,False,True,False
18.5570956,73.9280864,True,True,True,False
19.0931323,73.7526518,False,False,False,False
18.4954862,73.9713563,True,False,True,False
18.57263,73.87825,True,False,True,False
18.5920682,73.7576392,True,True,True,False
18.4539864,73.8409138,True,False,True,False
18.532172,73.8496602,True,False,True,False
18.5366225,73.8932738,True,True,True,False
18.5258016,73.9920372,True,False,False,False
18.4311498,73.7181376,True,False,True,False
18.4562606,73.7860232,True,True,True,False
18.6428729,73.8780697,True,False,True,False
18.4670411,73.7930648,True,False,False,False
18.5000084,73.7501119,True,False,True,False
18.5196867,73.8649373,True,True,True,False
18.4576183,73.8865816,True,True,False,False
18.3647205,73.757511,False,False,True,True
18.1546781,74.5832768,False,False,False,False
18.5110983,73.8472978,True,True,True,False
18.6393407,73.8057105,True,True,True,False
18.4392428,73.7757659,True,False,True,False
18.574108,73.8203773,True,False,True,False
18.5681753,73.8507787,True,False,True,False
18.4649597,73.8488673,True,False,True,False
18.5087486,73.8318432,True,True,True,False
18.5635136,73.8118462,True,False,True,False
18.7828131,74.2966193,False,False,False,False
18.6337128,73.6956843,False,False,True,False
18.4752329,73.8562486,True,False,True,False
18.6523154,73.8442032,True,False,True,False
18.7420484,73.6752363,False,False,True,False
18.5045098,73.902129,True,True,True,False
18.4945396,73.7214015,True,False,True,False
18.5158926,73.84116,True,True,True,False
18.4934732,73.9326269,True,False,True,False
18.6069696,73.7835393,True,True,True,False
18.5113537,73.8540109,True,False,True,False
18.5113684,73.8155321,True,False,True,True
18.5107764,73.8502149,True,True,True,False
18.5192839,73.8524863,True,False,True,False
18.3689135,73.8134158,False,False,False,False
18.5405933,73.8834394,True,True,True,False
18.4656426,73.8176244,True,False,True,False
18.4938936,73.8676329,True,False,True,False
18.7425866,73.6366603,False,False,False,False
18.1919971,73.8594505,False,False,False,False
18.7351057,73.6720899,False,True,True,False
18.4532267,73.8583793,True,False,True,False
18.6279288,73.8009829,True,True,True,False
18.5726091,73.9559404,True,False,True,False
18.5024761,73.8017103,True,False,True,False
18.6491079,74.1935839,False,False,False,False
18.5853217,73.7829378,True,True,True,False
18.2198538,74.4534054,False,False,False,False
18.5183802,73.8302027,True,True,True,True
18.6156694,73.765352,True,False,True,False
18.5322658,73.9383844,True,True,True,False
18.5696611,73.8381029,True,False,True,False
18.5304765,73.9135448,True,True,True,False
18.4551685,73.8587833,True,False,True,False
18.6502166,73.7853094,True,False,True,False
18.6568824,73.7751023,True,False,True,False
18.6641129,73.7868217,True,False,True,False
18.5119944,73.8085172,True,False,True,True
18.4955779,73.8146034,True,False,True,False
18.5220747,73.8652393,True,True,True,False
18.5090654,73.8168618,True,True,True,True
18.6214749,73.7824318,True,True,True,False
18.463108,73.9115982,True,True,False,False
18.4329353,73.841346,True,False,True,False
18.4516288,73.8927589,True,False,False,False
18.5101794,73.795932,True,False,True,False
18.4643291,73.824498,True,False,True,False
18.5077601,73.7880593,True,False,True,False
18.6317878,73.8030817,True,True,True,False
18.5032107,73.8200655,True,True,True,False
18.5825533,73.9809035,True,False,True,False
18.4425944,73.8122914,True,True,False,False
18.5065196,73.7952473,True,False,True,False
18.5072076,73.8077817,True,False,True,False
18.5075453,73.7810091,True,False,True,False
18.534898,73.8767171,True,True,True,False
18.6080927,73.8208678,True,False,True,False
18.4766241,73.8940071,True,True,False,False
18.8187004,73.5038052,False,False,False,False
18.488353,74.0221934,True,False,True,False
18.5059863,73.793386,True,False,True,False
18.5496557,73.9369177,True,True,True,False
18.4602808,73.8519484,True,False,True,False
18.4877859,73.8575177,True,False,True,False
18.6691412,73.7511152,True,False,True,True
18.6852443,73.722612,True,False,True,True
18.5000153,73.513737,False,False,False,False
18.4817599,73.8561387,True,False,True,False
18.5180975,73.9073985,True,True,True,False
18.4654198,73.850152,True,False,True,False
18.5541388,73.8070404,True,False,True,False
18.8250074,74.3745183,False,False,False,False
18.4652848,73.8550257,True,False,True,False
18.452592,73.8833497,True,False,False,False
18.4463007,73.7888904,True,True,False,False
18.539366,73.8782661,True,True,True,False
18.4745314,73.8567338,True,False,True,False
18.6349426,73.8491402,True,False,True,False
18.5025633,73.7972047,True,False,True,False
18.4900796,73.8475301,True,False,True,False
18.5579177,73.7659639,True,False,True,True
18.4578364,73.8547476,True,False,True,False
18.6026961,73.7646584,True,True,True,False
18.5063001,73.9082484,True,True,True,False
18.4807319,73.8470406,True,False,True,False
18.4358283,73.8963635,True,False,True,False
18.5453931,73.8221682,True,False,True,False
18.5511317,73.7981099,True,False,True,True
18.5522541,73.7975149,True,False,True,True
18.570425,73.7684672,True,False,True,False
18.4539472,73.8654247,True,False,True,False
18.5524922,73.8130384,True,False,True,False
18.554654,73.8093996,True,False,True,False
18.5553733,73.816335,True,False,True,False
18.5845974,73.7857185,True,True,True,False
18.5534181,73.7890418,True,False,True,True
18.6067469,73.7591649,True,True,True,False
18.5325915,73.8513115,True,False,True,False
18.5083436,73.7875678,True,False,True,False
18.5155793,73.8510765,True,False,True,False
18.5025763,73.8163545,True,True,True,False
18.4953587,73.811635,True,False,True,False
18.5086948,73.7633261,True,False,True,False
18.4467271,73.8807158,True,False,True,False
18.6128437,73.763069,True,False,True,False
18.5314302,73.8374513,True,False,True,False
18.5119748,73.8316078,True,True,True,False
18.5242717,73.6155138,True,False,True,False
18.551815,73.951153,True,True,True,False
18.5271719,73.8729107,True,True,True,False
18.5404184,73.9317499,True,True,True,False
18.5896553,73.7875034,True,True,True,False
18.4960605,73.9191747,True,False,True,False
18.5726953,74.0219361,True,False,True,True
18.5476545,73.8196771,True,False,True,False
18.5711945,73.8833816,True,True,True,False
18.4516863,73.8927611,True,False,False,False
18.5707189,73.7743082,True,False,True,False
18.5635538,73.7828703,True,False,True,True
18.5004949,73.8529037,True,False,True,False
18.4360932,73.8415744,True,False,True,False
18.5109073,73.8851018,True,True,True,False
18.6116702,73.7156487,True,False,True,True
18.6285864,73.8228412,True,False,True,False
18.5595847,73.7736621,True,False,True,True
18.582591,73.9702664,True,False,True,False
18.4801832,73.8087201,True,False,True,False
18.5113589,73.8576197,True,False,True,False
18.5938423,73.9071203,True,False,True,False
18.6195037,73.6984219,False,False,True,True
18.6142061,73.8161931,True,False,True,False
18.5746155,73.7092529,True,False,True,False
18.465875,73.8538299,True,False,True,False
18.5216239,73.8717527,True,True,True,False
18.5841767,73.8144984,True,False,True,False
18.5562781,73.8944124,True,True,True,False
18.5661261,73.7899844,True,False,True,True
18.576661,73.818573,True,False,True,False
18.570778,73.9038798,True,True,True,False
18.4875017,73.8745415,True,False,False,False
18.5367118,73.9461812,True,True,True,False
18.7620969,73.594046,False,False,False,False
18.6145958,73.8156786,True,False,True,False
18.5047565,73.8461351,True,True,True,False
18.5762113,73.7797577,True,True,True,False
18.6315095,73.7975794,True,True,True,False
18.6450834,73.7697721,True,False,True,False
19.9730032,73.8170492,False,False,False,False
18.5154218,73.8647366,True,True,True,False
18.6751368,73.7903647,True,False,False,False
18.5004864,73.8202833,True,True,True,False
18.6235219,73.7158999,False,False,True,False
18.5248517,73.876534,True,True,True,False
18.5123544,73.8570331,True,False,True,False
18.6085742,73.9111294,False,False,True,False
18.7208189,73.7660439,True,False,True,False
18.695989,74.1369009,False,False,False,False
18.5751219,73.7430597,True,True,True,False
18.4120515,73.8992068,True,False,True,False
18.6607674,73.7778262,True,False,True,False
18.4644587,73.8157646,True,False,True,False
18.5816816,73.8326689,True,False,True,False
18.5938257,73.7927638,True,True,True,False
18.4952174,73.8662236,True,False,True,False
18.4854423,73.8512225,True,False,True,False
18.4933317,73.8711103,True,False,False,False
18.4610069,73.8580973,True,False,True,False
18.5080208,73.8501091,True,True,True,False
18.5026113,73.8734318,True,False,True,False
18.4812253,73.8600329,True,False,True,False
18.4930978,73.853733,True,False,True,False
18.5432281,73.7875039,True,False,True,True
18.5516855,73.8952195,True,True,True,False
18.4508912,73.8270567,True,False,False,False
18.8633921,73.6574829,False,False,False,False
18.4880073,73.9334953,True,False,True,False
18.50643,73.8785414,True,False,True,False
19.1202895,73.9732877,False,False,False,False
18.5588259,73.8057142,True,False,True,False
18.5930207,73.77287,True,True,True,False
18.5902997,73.7734193,True,True,True,False
18.7428521,73.4253207,False,False,False,False
18.5688477,73.8836992,True,True,True,False
18.5400691,73.8346416,True,False,True,False
18.481662,73.9333845,True,False,False,False
18.5213738,73.8545071,True,False,True,False
18.5946327,74.032192,True,False,False,False
18.4694413,73.8312361,True,False,True,False
18.7536353,74.2445791,False,False,False,False
18.6006921,73.7390408,True,True,True,False
18.3444347,74.0295234,True,False,True,False
18.6312428,73.7754879,True,False,True,False
19.3555262,73.8309359,False,False,False,False
18.8496805,73.8034486,False,False,False,False
18.6788722,73.6868794,True,False,True,False
19.2006808,73.976819,False,False,False,False
18.6144701,73.8157149,True,False,True,False
18.8555378,73.8863954,False,False,False,False
18.585783,74.078205,False,False,False,False
18.703448,73.680582,True,False,True,True
18.4546606,73.7964817,True,True,False,False
18.6771153,73.8226576,True,False,True,False
18.4932971,73.8691437,True,False,True,False
18.7669374,73.5524324,False,False,False,False
18.5188864,73.8729217,True,True,True,False
18.6482986,73.6488247,False,False,False,False
18.7610989,74.209529,False,False,False,False
18.671332,73.891951,True,False,True,False
18.48159,73.810947,True,False,True,False
18.5936875,74.0132518,True,False,False,True
18.491412,73.9491227,True,False,True,False
18.6308141,73.8358906,True,False,True,False
18.6676999,74.1527672,False,False,False,False
18.5350478,73.9458793,True,True,True,False
18.500126,73.8047754,True,False,True,False
18.566766,73.8116529,True,False,True,False
28.54556084,77.25434875,True,True,True,False
28.64325905,77.13282776,True,True,True,False
28.61867714,77.05335236,True,False,True,False
28.71289825,77.18000031,True,False,True,False
28.72353935,77.13142395,True,False,True,False
28.48815346,77.15697479,True,False,True,False
28.63550949,77.26966095,True,False,True,False
28.64163971,77.2840271,True,False,True,False
28.62119293,77.09102631,True,False,False,False
28.69610023,77.12569427,True,False,True,False
28.70855713,77.32802582,True,False,True,False
28.60726929,77.08944702,True,False,True,False
28.53482056,77.25739288,True,False,True,False
28.65725327,77.09198761,True,False,True,False
28.68910408,77.20041656,True,False,True,True
28.54009819,77.14507294,True,False,True,False
28.56477928,77.19426727,True,True,True,False
28.52409363,77.14785004,True,False,True,False
28.62412453,77.08145905,True,False,True,False
28.54715157,77.20805359,True,True,True,False
28.65497208,77.13210297,True,True,True,False
28.64152908,77.12091064,True,True,True,False
28.70121956,77.15703583,True,False,True,False
28.55844879,77.20293427,True,True,True,False
28.52632713,77.15073395,True,False,True,False
28.70457268,77.20771027,True,False,True,False
28.63766098,77.11206818,True,True,False,False
28.45732117,77.10906219,True,True,True,False
28.65369034,77.16915894,True,False,True,False
28.54262161,77.29563904,True,False,True,False
28.62621689,77.03955078,False,False,True,False
28.64315033,77.32295227,True,False,True,False
28.65982056,77.30496979,True,False,True,False
28.60392189,77.05311584,True,False,True,False
28.59152603,77.06760406,True,False,True,False
28.52589035,77.15148926,True,False,True,False
21.2108593,72.77133179,False,False,False,False
28.53616524,77.19776154,True,True,True,False
28.67094231,77.10485077,True,False,True,False
28.62147713,77.05033112,True,False,True,False
28.49751854,77.17887115,True,False,True,False
28.61945724,77.05670929,True,False,True,False
28.64922142,77.13320923,True,True,True,False
28.61963081,77.30245972,True,False,True,False
28.62810516,77.14019012,True,False,True,True
28.53398132,77.24250031,True,True,True,False
28.53881073,77.2489624,True,True,True,False
28.55895805,77.20407867,True,True,True,False
28.57611275,77.04671478,True,False,True,False
28.56313705,77.05447388,True,True,True,False
28.58728218,77.06472778,True,False,True,False
28.56769562,77.24327087,True,False,True,False
28.64249039,77.13269806,True,True,True,False
28.5687809,77.23298645,True,False,True,False
28.58725357,77.03544617,False,False,True,False
28.49046516,77.17954254,True,False,True,False
28.52456093,77.14914703,True,False,True,False
28.61807823,77.04087067,False,False,True,False
28.66526985,77.0896225,True,False,True,False
28.56251144,77.05653381,True,True,True,False
28.56470108,77.19415283,True,True,True,False
28.57617188,77.04163361,True,False,True,False
28.56038666,77.21283722,True,True,True,False
28.55782318,77.05976868,True,True,True,False
28.53419876,77.21559143,True,False,True,False
28.53511238,77.26423645,True,False,True,False
28.60261345,77.03928375,False,False,True,False
28.57727623,77.16886139,True,False,True,False
28.69649315,77.13860321,True,False,False,False
28.57302666,77.23272705,True,False,True,False
28.55642891,77.06002045,True,True,True,False
28.5332737,77.20761871,True,False,True,False
28.71339226,77.15860748,True,False,True,False
28.72143745,77.08004761,False,False,True,False
28.61864662,77.05206299,True,False,True,False
28.65784264,77.14247131,True,True,True,False
28.49189186,77.30693817,True,True,True,False
28.57368088,77.24310303,True,False,True,False
28.70743752,77.11759949,True,False,True,False
28.6183033,77.0569458,True,False,True,False
28.56225395,77.0428772,True,True,True,False
28.63875389,77.07380676,True,False,True,False
28.49543762,77.16177368,True,False,True,False
28.58954048,77.04999542,False,False,False,False
28.71587372,77.19107056,True,False,True,False
28.66576004,77.15023041,True,True,True,False
28.55321121,77.17448425,True,False,True,False
28.60112762,77.07874298,True,False,True,False
28.55195999,77.23581696,True,True,True,False
28.54306221,77.21394348,True,True,True,False
28.60093117,77.03224945,False,False,True,False
28.59317017,77.0355072,False,False,True,False
28.58750153,77.06712341,True,False,True,False
28.60982704,77.10020447,True,False,True,False
28.62897873,77.08043671,True,False,True,False
28.61527824,77.07889557,True,False,True,False
28.52850342,77.25166321,True,False,True,False
28.60906982,77.08935547,True,False,True,False
28.60993385,77.09203339,True,False,True,False
28.61255646,77.08008575,True,False,True,False
28.60668373,77.0828476,True,False,True,False
28.60990334,77.07619476,True,False,True,False
28.60354996,77.08726501,True,False,True,False
28.61173439,77.08657074,True,False,True,False
28.61802292,77.07226562,True,False,True,False
28.60977364,77.0915451,True,False,True,False
28.58540726,77.04299927,False,False,True,False
28.57053947,77.07099152,False,False,True,False
28.56310081,77.05092621,True,True,True,False
28.59773827,77.0566864,True,False,True,False
28.60176086,77.04917145,False,False,True,False
28.68982697,77.19462585,True,False,True,True
28.57625961,77.04273224,True,False,True,False
28.51709366,77.15979767,True,False,True,False
28.52384567,77.16378784,True,False,True,False
28.53014183,77.15651703,True,False,True,False
28.52645111,77.15715027,True,False,True,False
28.55016518,77.19645691,True,True,True,False
28.55907249,77.20407104,True,True,True,False
28.55068588,77.20052338,True,True,True,False
28.54448891,77.2288208,True,True,True,False
28.53393173,77.20658875,True,False,True,False
28.55550957,77.20198822,True,True,True,False
28.69317627,77.13703156,True,False,False,False
28.69420052,77.1365509,True,False,False,False
28.6989975,77.1384201,True,False,True,False
28.69488335,77.11443329,True,False,True,False
28.57263374,77.23251343,True,False,True,False
28.57698059,77.23122406,True,False,True,False
28.5669384,77.23937225,True,False,True,False
28.54150009,77.21615601,True,True,True,False
28.6752224,77.18372345,True,True,True,True
28.58775711,77.21530914,True,False,True,False
28.56001091,77.20487976,True,True,True,False
28.59951973,77.23078156,True,False,True,False
28.56495285,77.15753937,True,False,True,False
28.56525612,77.22035217,True,False,True,False
28.57889748,77.1645813,True,False,True,False
28.55054855,77.20048523,True,True,True,False
28.54725456,77.20079803,True,True,True,False
28.55545235,77.20214081,True,True,True,False
28.55719376,77.21904755,True,True,True,False
28.55607414,77.25844574,True,False,True,False
28.55988312,77.15867615,True,False,True,False
28.55721092,77.21279144,True,True,True,False
28.62089157,77.0579834,True,False,True,False
28.63225746,77.07910919,True,False,True,False
28.65216827,77.12533569,True,True,True,False
28.67461967,77.18017578,True,True,True,True
28.5278244,77.26459503,False,False,True,False
28.67521095,77.18369293,True,True,True,True
28.55524445,77.20317078,True,True,True,False
28.54109573,77.20200348,True,True,True,False
28.64817238,77.14144897,True,True,True,False
28.6476841,77.1100769,True,True,True,False
28.71312141,77.14027405,True,False,True,False
28.60425758,77.04748535,False,False,True,False
28.6918602,77.20270538,True,False,True,True
28.59359932,77.03804016,False,False,True,False
28.57741356,77.04174805,True,False,True,False
28.60169601,77.05503082,True,False,True,False
28.59312439,77.03543091,False,False,True,False
28.60041809,77.0395813,False,False,True,False
28.60118866,77.04846954,False,False,True,False
28.58784485,77.06393433,True,False,True,False
28.52662086,77.20433044,True,False,True,False
28.59712982,77.06673431,True,False,True,False
28.58349419,77.07210541,True,False,True,False
28.6984024,77.13158417,True,False,True,False
28.66133118,77.08425903,True,False,True,False
28.6384964,77.11772156,True,True,True,False
28.63847351,77.11963654,True,True,True,False
28.63596725,77.11472321,True,True,True,False
28.64076233,77.12059021,True,True,True,False
28.63963509,77.11040497,True,True,False,False
28.63544846,77.11630249,True,True,True,False
28.64187241,77.12238312,True,True,True,False
28.64909935,77.10723877,True,True,True,False
28.63832474,77.11412811,True,True,False,False
28.64156151,77.12093353,True,True,True,False
28.65696335,77.12290955,True,True,True,False
28.63851166,77.11851501,True,True,True,False
28.63717842,77.11147308,True,True,False,False
28.63756752,77.11242676,True,True,False,False
28.64235115,77.12369537,True,True,True,False
28.64907837,77.27445221,True,False,True,False
28.64968681,77.31190491,True,False,True,False
28.6371479,77.07970428,True,False,True,False
28.6367588,77.11669159,True,True,True,False
28.64208794,77.1206665,True,True,True,False
28.64242935,77.12059021,True,True,True,False
28.63879013,77.12237549,True,True,True,False
28.64027405,77.11063385,True,True,False,False
28.63750648,77.12410736,True,True,True,False
28.63903809,77.12332916,True,True,True,False
28.64381599,77.11975861,True,True,True,False
28.6388588,77.10583496,False,False,False,False
28.64047813,77.11920929,True,True,True,False
28.63787079,77.11160278,True,True,False,False
28.63745117,77.11211395,True,True,False,False
28.64143181,77.12247467,True,True,True,False
28.64229393,77.12119293,True,True,True,False
28.64159775,77.12139893,True,True,True,False
28.65128136,77.11876678,True,True,True,False
28.6424675,77.12291718,True,True,True,False
28.63887024,77.1268692,True,True,True,False
28.65113068,77.11856079,True,True,True,False
28.65702057,77.12242889,True,True,True,False
28.55862808,77.05403137,True,True,True,False
28.62271881,77.0659256,True,False,True,False
28.6262207,77.03955078,False,False,True,False
28.58045387,77.0519104,False,False,True,False
28.6890583,77.32507324,True,False,True,False
28.70628548,77.19306946,True,False,True,False
28.59332275,77.04021454,False,False,True,False
28.70003319,77.18888855,True,False,True,False
28.58795738,77.05847168,True,False,True,False
28.5899868,77.06198883,True,False,True,False
28.61493492,77.02437592,False,False,True,False
28.57935143,77.05141449,False,False,True,False
28.58340454,77.07356262,True,False,True,False
28.60035324,77.03395844,False,False,True,False
28.58792305,77.04418945,False,False,True,False
28.64492989,77.06847382,True,False,True,False
28.56234932,77.21899414,True,True,True,False
28.52543068,77.14386749,True,False,True,False
28.62422371,77.03027344,False,False,True,False
28.61663628,77.03444672,False,False,True,False
28.62286377,77.04042053,False,False,True,False
28.6184845,77.03974152,False,False,True,False
28.5623436,77.21340942,True,True,True,False
28.56566048,77.22041321,True,False,True,False
28.6736927,77.17319489,True,True,True,False
28.62420845,77.03496552,False,False,True,False
28.55963707,77.19561768,True,True,True,False
28.61727142,77.05036163,True,False,True,False
28.60865021,77.1001358,True,False,True,False
28.6241684,77.0315094,False,False,True,False
28.62231636,77.05524445,True,False,True,False
28.61868668,77.04715729,False,False,True,False
28.60548592,77.09065247,True,False,True,False
28.49557686,77.18509674,True,False,True,False
28.62137222,77.03656006,False,False,True,False
28.66797447,77.10562134,True,False,True,False
28.66589928,77.09988403,True,False,True,False
28.6651535,77.10945129,True,False,True,False
28.66866684,77.10193634,True,False,True,False
28.67425346,77.10559845,True,False,True,False
28.67246056,77.1107254,True,False,True,False
28.67586708,77.0990448,True,False,True,False
28.67428589,77.1042099,True,False,True,False
28.66716957,77.09479523,True,False,True,False
28.67585373,77.09893799,True,False,True,False
28.67709351,77.10632324,True,False,True,False
28.68088913,77.20654297,True,False,True,True
28.61730194,77.06211853,True,False,True,False
28.63110924,77.0867157,True,False,True,False
28.64343071,77.07590485,True,False,True,False
28.60399246,77.10236359,True,False,True,False
28.60144806,77.10504913,True,False,True,False
28.61701584,77.04221344,False,False,True,False
28.48803711,77.19055176,False,False,True,False
28.67382431,77.10536957,True,False,True,False
28.5448494,77.24253845,True,True,True,False
28.58156013,77.24331665,True,False,True,False
28.57617188,77.24238586,True,False,True,False
28.5327301,77.24281311,True,True,True,False
28.5411396,77.23999023,True,True,True,False
28.53972435,77.23821259,True,True,True,False
28.55780602,77.25098419,True,True,True,False
28.52349854,77.20964813,True,False,True,False
28.6219635,77.03809357,False,False,True,False
28.62037849,77.03759003,False,False,True,False
28.54245758,77.2142334,True,True,True,False
28.53378677,77.24255371,True,True,True,False
28.55942154,77.15887451,True,False,True,False
28.54257011,77.21405792,True,True,True,False
28.59021187,77.24993896,True,False,True,False
28.53680611,77.25686646,True,False,True,False
28.53500175,77.24775696,True,True,True,False
28.56521034,77.16281891,True,False,True,False
28.55489159,77.24423218,True,True,True,False
28.54381561,77.24092865,True,True,True,False
28.57329178,77.23259735,True,False,True,False
28.55644989,77.24015808,True,True,True,False
28.57709885,77.23474884,True,False,True,False
28.54862404,77.23415375,True,True,True,False
28.64197731,77.11058044,True,True,False,False
28.66517067,77.1062088,True,False,True,False
28.6388588,77.10450745,False,False,False,False
28.57401276,77.23665619,True,False,True,False
28.56530571,77.20649719,True,True,True,False
28.47826767,77.19262695,False,False,True,False
28.54221535,77.21431732,True,True,True,False
28.50388718,77.18184662,True,False,True,False
28.5457592,77.24568176,True,True,True,False
28.63214111,77.13885498,True,False,True,True
28.64184761,77.1171875,True,True,False,False
28.57119751,77.23151398,True,False,True,False
28.54078484,77.24668121,True,True,True,False
28.53873825,77.2490921,True,True,True,False
28.54449463,77.21342468,True,True,True,False
28.55097771,77.23594666,True,True,True,False
28.52428436,77.20967865,True,False,True,False
28.54842758,77.23432159,True,True,True,False
28.54952621,77.23841858,True,True,True,False
28.55015373,77.24145508,True,True,True,False
28.6378231,77.10163879,True,False,False,False
28.5594101,77.0626297,True,True,True,False
28.64461899,77.12057495,True,True,True,False
28.63582993,77.11094666,True,False,False,False
28.64171982,77.12236786,True,True,True,False
28.65271759,77.1146698,True,True,True,False
28.63737679,77.10144043,True,False,False,False
28.63794327,77.10457611,False,False,False,False
28.6381588,77.11428833,True,True,False,False
28.64828873,77.12319946,True,True,True,False
28.5995636,77.04376221,False,False,True,False
28.63871956,77.10284424,False,False,False,False
28.64162445,77.1173172,True,True,False,False
28.64483261,77.11074829,True,True,True,False
28.5027256,77.18435669,True,False,True,False
28.49385643,77.18325043,True,False,True,False
28.5574131,77.23429108,True,True,True,False
28.50004768,77.18939972,True,False,True,False
28.49941444,77.18951416,True,False,True,False
28.59945869,77.03492737,False,False,True,False
28.58768654,77.06594086,True,False,True,False
28.59419632,77.06415558,True,False,True,False
28.50035477,77.18727875,True,False,True,False
28.57615089,77.27926636,True,False,True,False
28.49147034,77.19029999,False,False,True,False
28.53895569,77.2000351,True,True,True,False
28.48923111,77.18061829,True,False,True,False
28.58639717,77.06064606,True,False,True,False
28.58352089,77.06206512,True,False,True,False
28.58868408,77.03623199,False,False,True,False
28.59105492,77.03888702,False,False,True,False
28.58757401,77.03544617,False,False,True,False
28.58866692,77.03621674,False,False,True,False
28.57264328,77.04571533,True,False,True,False
28.60393906,77.04146576,False,False,True,False
28.58742332,77.03553009,False,False,True,False
28.59153557,77.06052399,True,False,True,False
28.58953476,77.04988861,False,False,False,False
28.57698441,77.04685974,False,False,True,False
28.57806778,77.07007599,True,False,True,False
28.58974075,77.04853821,False,False,False,False
28.49288368,77.17655182,True,False,True,False
28.55708313,77.24693298,True,True,True,False
28.54901695,77.24635315,True,True,True,False
28.55036926,77.23671722,True,True,True,False
28.53667831,77.24420166,True,True,True,False
28.59701729,77.06777954,True,False,True,False
28.55150414,77.25912476,True,False,True,False
28.55183792,77.23640442,True,True,True,False
28.54715157,77.26038361,True,False,True,False
28.57216072,77.23259735,True,False,True,False
28.55644226,77.21269989,True,True,True,False
28.54796982,77.23588562,True,True,True,False
28.53816032,77.24881744,True,True,True,False
28.51533127,77.21953583,True,False,True,False
28.55747604,77.0545578,True,True,True,False
28.58885384,77.06033325,True,False,True,False
28.57677269,77.04291534,True,False,True,False
28.59571075,77.04241943,False,False,True,False
28.57303619,77.04418182,True,False,True,False
28.65300179,77.19235992,True,False,True,False
28.49633598,77.18878174,True,False,True,False
28.70773888,77.21047974,True,False,True,False
28.54272652,77.24005127,True,True,True,False
28.57871819,77.16468811,True,False,True,False
28.55806351,77.20298767,True,True,True,False
28.54724503,77.20079803,True,True,True,False
28.5443058,77.22879791,True,True,True,False
28.55112457,77.2358017,True,True,True,False
28.55173111,77.23590088,True,True,True,False
28.53137207,77.24281311,True,False,True,False
28.54411507,77.22879791,True,True,True,False
28.57238579,77.23262787,True,False,True,False
28.58776283,77.21530151,True,False,True,False
28.55721664,77.21279144,True,True,True,False
28.54434204,77.2288208,True,True,True,False
28.54279709,77.21414948,True,True,True,False
28.5420208,77.20693207,True,True,True,False
28.55073929,77.23972321,True,True,True,False
28.54453087,77.24827576,True,True,True,False
28.54948235,77.2469101,True,True,True,False
28.57893944,77.16504669,True,False,True,False
28.56025314,77.21965027,True,True,True,False
28.55857277,77.21083832,True,True,True,False
28.54732132,77.26038361,True,False,True,False
28.55802917,77.25524139,True,False,True,False
28.5623951,77.15291595,True,False,True,False
28.57624626,77.2793045,True,False,True,False
28.55097008,77.24377441,True,True,True,False
28.54933357,77.24269867,True,True,True,False
28.5467968,77.24838257,True,True,True,False
28.53042603,77.20252228,True,False,True,False
28.54322052,77.22436523,True,True,True,False
28.54195404,77.21608734,True,True,True,False
28.52387238,77.16138458,True,False,True,False
28.52733421,77.15154266,True,False,True,False
28.53783226,77.15125275,True,False,True,False
28.53392029,77.1502533,True,False,True,False
28.58315849,77.06169891,True,False,True,False
28.59297943,77.0667038,True,False,True,False
28.55948448,77.05619812,True,True,True,False
28.59101105,77.06820679,True,False,True,False
28.59405136,77.03688812,False,False,True,False
28.59289169,77.06471252,True,False,True,False
28.59659386,77.06090546,True,False,True,False
28.59845543,77.06237793,True,False,True,False
28.53763199,77.24907684,True,True,True,False
28.58351517,77.07209015,True,False,True,False
28.59462738,77.04219818,False,False,True,False
28.58669853,77.05449677,True,False,True,False
28.59079933,77.03842926,False,False,True,False
28.55675888,77.05436707,True,True,True,False
28.583498,77.06423187,True,False,True,False
28.59314919,77.06741333,True,False,True,False
28.55921364,77.05706787,True,True,True,False
28.59584618,77.06248474,True,False,True,False
28.5725193,77.04472351,True,False,True,False
28.5967617,77.06256866,True,False,True,False
28.5802021,77.05274963,False,False,True,False
28.59671402,77.06150818,True,False,True,False
28.58284187,77.06737518,True,False,True,False
28.59325218,77.05992889,True,False,True,False
28.5812645,77.07157135,True,False,True,False
28.58529282,77.06371307,True,False,True,False
28.5612545,77.05734253,True,True,True,False
28.56194878,77.05779266,True,True,True,False
28.56265831,77.0621109,True,True,True,False
28.59646034,77.04383087,False,False,True,False
28.5587635,77.06131744,True,True,True,False
28.58738708,77.07158661,True,False,True,False
28.60807991,77.04111481,False,False,True,False
28.58849144,77.21805573,True,False,True,False
28.68938446,77.13739777,True,False,False,False
28.63395691,77.0362854,True,False,True,False
28.56072044,77.05971527,True,True,True,False
28.64705849,77.13123322,True,True,True,False
28.61317635,77.0502243,False,False,True,False
28.6243782,77.06337738,True,False,True,False
28.57110023,77.07225037,False,False,True,False
28.53253174,77.21799469,True,False,True,False
28.73029709,77.10800934,True,False,True,False
28.72147751,77.1297226,True,False,True,False
28.6190052,77.05692291,True,False,True,False
28.57102585,77.06783295,True,False,True,False
28.61662292,77.05104828,True,False,True,False
28.62725639,77.07751465,True,False,True,False
28.61614037,77.05709076,True,False,True,False
28.65803719,77.09088898,True,False,True,False
28.51620483,77.15252686,True,False,True,False
28.70331192,77.18437958,True,False,True,False
28.5444088,77.23631287,True,True,True,False
28.4574585,77.11302948,True,True,True,False
28.55251884,77.17368317,True,False,True,False
28.55661392,77.24124908,True,True,True,False
28.54557037,77.24568176,True,True,True,False
28.58890533,77.04972839,False,False,False,False
28.5739727,77.04145813,True,False,True,False
28.58610916,77.02997589,False,False,True,False
28.59281921,77.05968475,True,False,True,False
28.60218048,77.05325317,True,False,True,False
28.59751129,77.05679321,True,False,True,False
28.60581017,77.04071808,False,False,True,False
28.60035133,77.05869293,True,False,True,False
28.59523773,77.02385712,True,False,True,False
28.56202507,77.05808258,True,True,True,False
28.59519768,77.06681061,True,False,True,False
28.60098457,77.04802704,False,False,True,False
28.49443817,77.16042328,True,False,True,False
28.55834961,77.05895996,True,True,True,False
28.58943748,77.0688324,True,False,True,False
28.59331894,77.06401825,True,False,True,False
28.64043808,77.29415131,True,False,True,False
28.50022316,77.18759918,True,False,True,False
28.49967194,77.18701935,True,False,True,False
28.54721832,77.24371338,True,True,True,False
28.54721642,77.24371338,True,True,True,False
28.54717827,77.24375916,True,True,True,False
28.55301476,77.17446899,True,False,True,False
28.55284309,77.17287445,True,False,True,False
28.55452538,77.17737579,True,False,True,False
20.01137924,73.73474884,False,False,False,False
28.50021362,77.18649292,True,False,True,False
28.49432373,77.18396759,True,False,True,False
28.49585533,77.18482208,True,False,True,False
28.49772453,77.1865921,True,False,True,False
28.49453163,77.18410492,True,False,True,False
28.49431992,77.18397522,True,False,True,False
28.49853516,77.18840027,True,False,True,False
28.50974846,77.19924164,True,False,True,False
28.52459908,77.20823669,True,False,True,False
28.63199997,77.14509583,True,False,True,False
28.64999771,77.16490173,True,False,True,False
28.53359413,77.21000671,True,False,True,False
28.52983665,77.20826721,True,False,True,False
28.65198898,77.16931152,True,False,True,False
28.62432671,77.02622986,False,False,True,False
28.6055336,77.05117798,False,False,True,False
28.57170486,77.04563141,True,False,True,False
28.5860405,77.06106567,True,False,True,False
28.60037231,77.03916931,False,False,True,False
28.50008965,77.18770599,True,False,True,False
28.50145149,77.18749237,True,False,True,False
28.4950943,77.18090057,True,False,True,False
28.50154877,77.18691254,True,False,True,False
28.49643326,77.19003296,True,False,True,False
28.49812698,77.18881989,True,False,True,False
28.665308,77.15024567,True,True,True,False
28.586483,77.05912018,True,False,True,False
28.73314095,77.10913849,True,False,True,False
28.49913025,77.18673706,True,False,True,False
28.49938774,77.18656921,True,False,True,False
28.485569,77.19139099,False,False,True,False
28.48576546,77.19173431,False,False,True,False
28.4980793,77.18718719,True,False,True,False
28.48564529,77.19174957,False,False,True,False
28.49392319,77.1811676,True,False,True,False
28.48558426,77.19139862,False,False,True,False
28.5006237,77.18759155,True,False,True,False
28.49934006,77.18663025,True,False,True,False
28.53295517,77.1992569,True,False,True,False
28.666399,77.15185547,True,True,True,False
28.55875778,77.06130219,True,True,True,False
28.53747177,77.21471405,True,True,True,False
28.5484314,77.24311829,True,True,True,False
28.73200989,77.1081543,True,False,True,False
28.6568718,77.09745789,True,False,True,False
28.70174408,77.2756958,True,False,True,False
28.52971649,77.2931366,True,False,True,False
28.49771118,77.1882019,True,False,True,False
28.49773216,77.18818665,True,False,True,False
28.49716187,77.1857605,True,False,True,False
28.57569885,77.04671478,True,False,True,False
28.58056831,77.05107117,False,False,True,False
28.58086967,77.05104828,False,False,True,False
28.57883263,77.04717255,False,False,True,False
28.55553246,77.23373413,True,True,True,False
28.61475945,77.05410004,True,False,True,False
28.68994331,77.14067841,True,False,False,False
28.55998993,77.05712128,True,True,True,False
28.62964821,77.30505371,True,False,True,False
28.63760567,77.3002243,True,False,True,False
28.63067818,77.30403137,True,False,True,False
28.63171768,77.30639648,True,False,True,False
28.65233612,77.30321503,True,False,True,False
28.62047005,77.29347229,True,False,True,False
28.62675285,77.30820465,True,False,True,True
28.64999771,77.16719818,True,False,True,False
28.59769249,77.04174805,False,False,True,False
28.60018349,77.04844666,False,False,True,False
28.67375183,77.12733459,True,False,True,False
28.6493187,77.16571808,True,False,True,False
28.62013054,77.29161072,True,False,True,False
28.50067329,77.1886673,True,False,True,False
28.62343979,77.03153992,False,False,True,False
28.64948845,77.16635895,True,False,True,False
28.65283585,77.30594635,True,False,True,False
28.64270401,77.2942276,True,False,True,False
28.6364193,77.29275513,True,False,True,False
28.64101982,77.28881073,True,False,True,False
28.63481712,77.28791809,True,False,True,False
28.55988312,77.15815735,True,False,True,False
28.57271194,77.23265839,True,False,True,False
28.55750656,77.20307159,True,True,True,False
28.5544014,77.20339966,True,True,True,False
28.55660439,77.20346832,True,True,True,False
28.63493347,77.17928314,False,False,True,False
28.6402092,77.18727112,False,False,True,False
28.63256264,77.17694855,False,False,True,False
28.56556129,77.22275543,True,False,True,False
28.6091423,77.08480835,True,False,True,False
28.56245804,77.24188232,True,True,True,False
28.50979042,77.20206451,True,False,True,False
28.65669441,77.28876495,True,False,True,False
28.62062645,77.05227661,True,False,True,False
28.60171318,77.08911133,True,False,True,False
28.55982971,77.21570587,True,True,True,False
28.6808548,77.10401917,True,False,True,False
28.60339928,77.25318146,True,False,True,False
28.5947628,77.04920197,False,False,True,False
28.61802673,77.02262115,False,False,True,False
28.59441566,77.04698181,False,False,True,False
28.59653282,77.06603241,True,False,True,False
28.63530922,77.22496033,False,False,True,False
28.55158234,77.24549866,True,True,True,False
28.56258392,77.21321869,True,True,True,False
28.66560173,77.15029907,True,True,True,False
28.67269325,77.10397339,True,False,True,False
28.60053444,77.05887604,True,False,True,False
28.58429146,77.07155609,True,False,True,False
28.52354813,77.20014191,True,False,True,False
28.57262039,77.26422119,True,False,True,False
28.56705093,77.27355957,True,False,True,False
28.59763908,77.23332977,True,False,True,False
28.56834984,77.27211761,True,False,True,False
28.53087997,77.20243073,True,False,True,False
28.5376606,77.20207214,True,True,True,False
28.66234589,77.14108276,True,True,True,False
28.66287422,77.14348602,True,True,True,False
28.52985954,77.20674133,True,False,True,False
28.53779984,77.21669769,True,False,True,False
28.54905128,77.21381378,True,True,True,False
28.62898827,77.1413269,True,False,True,True
28.63529968,77.22499847,False,False,True,False
28.6170063,77.29906464,True,False,True,False
28.6329155,77.17938995,False,False,True,False
28.55739021,77.15714264,True,False,True,False
28.60317993,77.08067322,True,False,True,False
28.69966316,77.13161469,True,False,True,False
28.63431931,77.10549164,False,False,False,False
28.58960152,77.24316406,True,False,True,False
28.52681732,77.19074249,True,False,True,False
28.71986961,77.14903259,True,False,True,False
28.62221146,77.02835846,False,False,True,False
28.59543991,77.31006622,True,True,True,False
28.6656723,77.14891052,True,True,True,False
28.66573906,77.14891815,True,True,True,False
28.58126068,77.24195099,True,False,True,False
28.69620514,77.13305664,True,False,True,False
28.70353508,77.13369751,True,False,True,False
28.53221703,77.24090576,True,True,True,False
28.57183075,77.23332977,True,False,True,False
28.50135422,77.20719147,True,False,True,False
28.61843681,76.96178436,True,False,True,False
28.67728996,77.15930176,True,True,True,False
28.60659218,77.29367828,True,True,True,False
28.57792091,77.16937256,True,False,True,False
28.61696434,77.30084991,True,False,True,False
28.55949974,77.21679688,True,True,True,False
28.56125832,77.19052124,True,True,False,False
28.54276657,77.20674133,True,True,True,False
28.57413292,77.16131592,True,False,True,False
28.50527763,77.20741272,True,False,True,False
28.55542183,77.20988464,True,True,True,False
28.53347588,77.19955444,True,False,True,False
28.49571991,77.13581085,True,False,True,False
28.52631378,77.14366913,True,False,True,False
28.49946976,77.19647217,True,False,True,False
28.6001606,77.22097778,False,False,True,False
28.60173035,77.18534088,False,False,True,False
28.53174019,77.24913788,True,False,False,False
28.54154015,77.21611786,True,True,True,False
28.54351997,77.22973633,True,True,True,False
28.59095383,77.22794342,True,False,True,False
28.6206398,77.23696136,True,False,True,False
28.59545326,77.21033478,False,False,True,False
28.55765915,77.21248627,True,True,True,False
28.53427887,77.20841217,True,False,True,False
28.5931282,77.07209778,True,False,True,False
28.58855057,77.08226776,True,False,True,False
28.59692764,77.06732941,True,False,True,False
28.59634781,77.06911469,True,False,True,False
28.5969162,77.07141876,True,False,True,False
28.59767723,77.0710144,True,False,True,False
28.59902382,77.06820679,True,False,True,False
28.59669495,77.06964111,True,False,True,False
28.60403252,77.04399872,False,False,True,False
28.58085632,77.06998444,True,False,True,False
28.59211159,77.04821014,False,False,True,False
28.59617615,77.07012939,True,False,True,False
28.6697216,77.11040497,True,False,True,False
28.7118988,77.11112976,True,False,True,False
28.5969677,77.22038269,True,False,True,False
28.60279655,77.21968079,False,False,True,False
28.59311676,77.22044373,True,False,True,False
28.59388924,77.22183228,True,False,True,False
28.55970383,77.20386505,True,True,True,False
28.55761909,77.20458984,True,True,True,False
28.56010056,77.2193222,True,True,True,False
28.53410149,77.24325562,True,True,True,False
28.62191963,77.08881378,True,False,False,False
28.57982635,77.06581116,True,False,True,False
28.56687927,77.19239807,True,True,True,False
28.53827667,77.22153473,True,True,True,False
28.63008308,77.1733017,False,False,True,False
28.50108528,77.18637085,True,False,True,False
28.59252548,77.06489563,True,False,True,False
28.59229279,77.30554962,True,True,True,False
28.67424774,77.18083954,True,True,True,True
28.59357452,77.03166199,False,False,True,False
28.59583664,77.06604767,True,False,True,False
28.63851929,77.18360138,False,False,True,False
28.55345917,77.24258423,True,True,True,False
28.57055283,77.22763824,True,False,True,False
28.5747757,77.16301727,True,False,True,False
28.66496086,77.10932159,True,False,True,False
28.69230652,77.14048004,True,False,False,False
28.55175018,77.23332977,True,True,True,False
28.5351696,77.25666046,True,False,True,False
28.56399918,77.24519348,True,True,True,False
28.55724716,77.24999237,True,True,True,False
28.68569565,77.13720703,True,False,False,False
28.53744888,77.21738434,True,False,True,False
28.64042664,77.18589783,False,False,True,False
28.62976646,77.30672455,True,False,True,False
28.59508514,77.0379715,False,False,True,False
28.60331726,77.02870178,True,False,True,False
28.58505249,77.0746994,True,False,True,False
28.6028614,77.03192139,False,False,True,False
28.60447311,77.03183746,False,False,True,False
28.58885193,77.08423615,True,False,True,False
28.59047318,77.048172,False,False,False,False
28.59719276,77.03939056,False,False,True,False
28.59145546,77.04924774,False,False,False,False
28.59376526,77.04349518,False,False,True,False
28.57973289,77.06625366,True,False,True,False
28.59462547,77.03385925,False,False,True,False
28.58757019,77.07375336,True,False,True,False
28.55871391,77.25095367,True,True,True,False
28.64595604,77.16685486,False,False,True,False
28.71095085,77.15992737,True,False,True,False
28.52081108,77.20144653,True,False,True,False
28.57284355,77.23291016,True,False,True,False
28.5735302,77.23390961,True,False,True,False
28.57326508,77.23409271,True,False,True,False
28.5731163,77.23384857,True,False,True,False
28.57625008,77.24266815,True,False,True,False
28.5737896,77.23356628,True,False,True,False
28.5735817,77.2335968,True,False,True,False
28.57388115,77.2337265,True,False,True,False
28.57723808,77.2440033,True,False,True,False
28.57364273,77.23352814,True,False,True,False
28.57364845,77.23335266,True,False,True,False
28.57337189,77.233078,True,False,True,False
28.573843,77.23352814,True,False,True,False
28.57370186,77.2334137,True,False,True,False
28.57420349,77.23339844,True,False,True,False
28.57348633,77.2342453,True,False,True,False
28.57727432,77.24369812,True,False,True,False
28.57380676,77.23405457,True,False,True,False
28.57470131,77.23387146,True,False,True,False
28.56269646,77.05690765,True,True,True,False
28.55953026,77.06132507,True,True,True,False
28.5580349,77.05491638,True,True,True,False
28.57321167,77.23336792,True,False,True,False
28.57275772,77.23272705,True,False,True,False
28.5730648,77.23431396,True,False,True,False
28.57324791,77.23436737,True,False,True,False
28.57619286,77.24498749,True,False,True,False
28.57357216,77.23429108,True,False,True,False
28.64456558,77.1648941,False,False,True,False
28.62216187,77.05702972,True,False,True,False
28.62229538,77.05712128,True,False,True,False
28.62212372,77.05673218,True,False,True,False
28.62223625,77.05690765,True,False,True,False
28.62167168,77.05780792,True,False,True,False
28.62058067,77.05583191,True,False,True,False
28.61986351,77.0566864,True,False,True,False
28.62148476,77.05724335,True,False,True,False
28.62246323,77.05721283,True,False,True,False
28.57289124,77.23313904,True,False,True,False
28.49644089,77.13938904,True,False,True,False
28.60089684,77.29438782,True,True,True,False
28.66132736,77.20053864,True,False,True,True
28.62952423,77.31233978,True,False,True,True
28.65021706,77.30270386,True,False,True,False
28.52679062,77.24984741,True,False,True,False
28.71043777,77.13288879,True,False,True,False
28.55912971,77.2505722,True,True,True,False
28.52416039,77.20480347,True,False,True,False
28.55385208,77.29555511,True,False,True,False
28.55335999,77.24266815,True,True,True,False
28.55707932,77.25003815,True,True,True,False
28.54914093,77.24733734,True,True,True,False
28.48944473,77.18158722,True,False,True,False
28.56707764,77.23943329,True,False,True,False
28.56980896,77.24352264,True,False,True,False
28.60019684,77.07801819,True,False,True,False
28.67224503,77.10482025,True,False,True,False
28.67725372,77.08674622,True,False,True,False
28.67752457,77.08154297,True,False,True,False
28.66740799,77.08161163,True,False,True,False
28.67423248,77.10597229,True,False,True,False
28.66983223,77.0897522,True,False,True,False
28.67886734,77.09030914,True,False,True,False
28.66515541,77.11771393,True,True,True,False
28.67303085,77.10009003,True,False,True,False
28.66560936,77.08483887,True,False,True,False
28.6690979,77.10926819,True,False,True,False
28.67230225,77.10652161,True,False,True,False
28.66357231,77.10487366,True,False,True,False
28.66799164,77.09541321,True,False,True,False
28.66722298,77.10626984,True,False,True,False
28.6673336,77.09805298,True,False,True,False
28.6626339,77.09477997,True,False,True,False
28.67759895,77.09489441,True,False,True,False
28.66461563,77.09416199,True,False,True,False
28.67007828,77.09889984,True,False,True,False
28.66207886,77.09619141,True,False,True,False
28.67717552,77.10204315,True,False,True,False
28.67633247,77.09649658,True,False,True,False
28.57440948,77.2410965,True,False,True,False
28.57011414,77.24544525,True,False,True,False
28.59799194,77.23619843,True,False,True,False
28.62127113,77.06132507,True,False,True,False
28.62801552,77.30574036,True,False,True,False
28.62023735,77.29225922,True,False,True,False
28.70471764,77.14493561,True,False,False,False
28.70742416,77.21490479,True,False,True,False
28.70111465,77.15777588,True,False,True,False
28.71392632,77.15662384,True,False,True,False
28.70103836,77.14094543,True,False,False,False
28.7067318,77.17115784,True,False,True,False
28.71905708,77.15707397,True,False,True,False
28.69844246,77.14471436,True,False,False,False
28.7071991,77.16947174,True,False,True,False
28.69330788,77.12986755,True,False,True,False
28.64441681,77.30342102,True,False,True,False
28.62171745,77.04036713,False,False,True,False
28.695364,77.15354919,True,False,False,False
28.70433044,77.14995575,True,False,False,False
28.71273994,77.16290283,True,False,True,False
28.70215034,77.13902283,True,False,True,False
28.71280289,77.13853455,True,False,True,False
28.72253609,77.12776184,True,False,True,False
28.71616554,77.12406921,True,False,True,False
28.51416779,77.17008209,True,False,True,False
28.53422737,77.20842743,True,False,True,False
28.52741241,77.15858459,True,False,True,False
28.65736961,77.16074371,True,True,True,False
28.52227592,77.21440887,True,False,True,False
28.497509,77.186203,True,False,True,False
28.53446007,77.21025848,True,False,True,False
28.55620575,77.21265411,True,True,True,False
28.54356384,77.21368408,True,True,True,False
28.53440666,77.21583557,True,False,True,False
28.53346634,77.21969604,True,False,True,False
28.54920197,77.24630737,True,True,True,False
28.61302757,77.09531403,True,False,True,False
28.69370461,77.1362915,True,False,False,False
28.70100784,77.13773346,True,False,True,False
28.69555092,77.14060974,True,False,False,False
28.69639015,77.12693787,True,False,True,False
28.7157402,77.13514709,True,False,True,False
28.69661713,77.13305664,True,False,True,False
28.69449425,77.11471558,True,False,True,False
28.70389366,77.14725494,True,False,False,False
28.7026329,77.14905548,True,False,False,False
28.69839668,77.13665009,True,False,True,False
28.53110123,77.20729828,True,False,True,False
28.55139923,77.20068359,True,True,True,False
28.53081703,77.2168045,True,False,True,False
28.54419518,77.24272156,True,True,True,False
28.51987076,77.20986176,True,False,True,False
28.54795647,77.2009964,True,True,True,False
28.52482414,77.20868683,True,False,True,False
28.60321426,77.29117584,True,True,True,False
28.60109711,77.28757477,True,True,True,False
22.69905853,76.00856781,False,False,False,False
28.53805542,77.24464417,True,True,True,False
28.55923843,77.29331207,False,False,True,False
28.6442585,77.18898773,True,False,True,False
28.64398384,77.18740845,True,False,True,False
28.64949799,77.18895721,True,False,True,False
28.6414032,77.17925262,False,False,True,False
28.57315636,77.23444366,True,False,True,False
28.51765633,77.20433044,True,False,True,False
28.54954147,77.20098877,True,True,True,False
28.58062172,77.16493225,True,False,True,False
28.52597046,77.20904541,True,False,True,False
28.57550049,77.18881989,True,False,True,False
28.6339035,77.11904144,True,True,True,False
28.632061,77.10092926,True,False,False,False
28.63990211,77.28276825,True,False,True,False
28.69468498,77.11710358,True,False,True,False
28.70160294,77.13930511,True,False,True,False
28.61919975,77.03230286,False,False,True,False
28.70059013,77.14456177,True,False,False,False
28.70461082,77.14168549,True,False,True,False
28.70759392,77.1503067,True,False,True,False
28.76163483,77.08908844,True,False,True,False
28.74194908,77.12406921,True,False,True,False
28.62238884,77.08019257,True,False,True,False
28.55504799,77.20393372,True,True,True,False
28.61903381,77.06400299,True,False,True,False
28.548069,77.12998962,True,False,True,False
28.62895393,77.11930084,True,False,True,True
28.54797935,77.13013458,True,False,True,False
28.61771202,77.06600952,True,False,True,False
28.63923454,77.02893066,True,False,True,False
28.68760681,77.15588379,True,False,True,False
28.67067719,77.30408478,True,False,False,False
28.69466782,77.13468933,True,False,True,False
28.66212463,77.31593323,True,False,True,False
28.61942291,77.0539093,True,False,True,False
28.64232635,77.13056946,True,True,True,False
28.50963974,77.20530701,True,False,True,False
28.50351143,77.22590637,True,False,True,False
28.65169907,77.16525269,True,True,True,False
28.54773521,77.23452759,True,True,True,False
28.55651283,77.23979187,True,True,True,False
28.6867733,77.18975067,True,False,True,True
28.58472824,77.08268738,True,False,True,False
28.47172165,77.13124084,True,False,True,False
26.39725304,80.36131287,False,False,False,False
28.61857414,77.04137421,False,False,True,False
28.5251236,77.2080307,True,False,True,False
28.56747246,77.19792938,True,True,True,False
28.53936768,77.24675751,True,True,True,False
28.54609871,77.19909668,True,True,True,False
28.65294266,77.11426544,True,True,True,False
28.64197922,77.11476898,True,True,False,False
28.57056999,77.24266815,True,False,True,False
28.56664085,77.23908234,True,True,True,False
28.53103638,77.20909882,True,False,True,False
28.55946159,77.05871582,True,True,True,False
28.8054657,77.0463028,True,False,True,False
28.67185211,77.12799835,True,False,True,False
28.60298347,77.07823944,True,False,True,False
28.76049995,77.18828583,False,False,True,False
28.68008995,77.195961,False,False,True,True
28.53169441,77.28614807,True,False,True,False
28.60242462,77.03144836,False,False,True,False
28.70457458,77.10926056,True,False,True,False
28.63232231,77.29678345,True,False,True,False
28.56174278,77.21686554,True,True,True,False
28.59847832,77.09445953,True,False,True,False
28.62291908,77.30869293,True,False,True,True
28.71912575,77.06080627,False,False,True,False
28.58851814,77.05064392,False,False,False,False
28.61986542,77.05485535,True,False,True,False
28.53425407,77.22145844,True,False,True,False
28.68747711,77.14601135,True,False,False,False
28.56121063,77.19641113,True,True,True,False
28.5345211,77.26069641,True,False,False,False
28.53479385,77.26087189,True,False,False,False
28.53285027,77.26477814,True,False,False,False
28.53501892,77.26420593,True,False,True,False
28.52880478,77.2613678,False,False,True,False
28.52611732,77.25952148,True,False,True,False
28.5005455,77.20739746,False,False,True,False
28.56617737,77.22210693,True,False,True,False
28.66560936,77.12810516,True,True,True,False
28.54232407,77.21628571,True,True,True,False
28.62307167,77.02771759,False,False,True,False
28.68412018,77.06329346,True,False,True,False
28.54838943,77.25119781,True,True,True,False
28.60975075,77.33620453,False,False,True,True
28.56655121,77.24948883,True,False,True,False
28.57376289,77.24230957,True,False,True,False
28.55690193,77.25279236,True,True,True,False
28.65097427,77.14252472,True,True,True,False
28.5719738,77.07344818,False,False,True,False
28.65168571,77.2829361,True,False,True,False
28.6300106,77.02949524,True,False,True,False
28.49897003,77.24090576,True,False,True,False
28.66662407,77.14854431,True,True,True,False
28.64709473,77.11058807,True,True,True,False
28.49818802,77.22428131,True,False,True,False
28.62274551,77.03400421,False,False,True,False
28.52508545,77.20816803,True,False,True,False
28.48589325,77.19045258,False,False,True,False
28.61747169,77.03393555,False,False,True,False
28.62259102,77.03320312,False,False,True,False
28.6227169,77.00772858,True,False,True,False
28.64933968,77.09960938,True,False,True,False
28.65214539,77.30839539,True,False,True,False
28.54410553,77.21393585,True,True,True,False
28.6330471,77.0348587,False,False,True,False
28.63978958,77.17873383,False,False,True,False
28.54659271,77.23588562,True,True,True,False
28.67323112,77.1319809,True,False,True,False
28.69985962,77.11240387,True,False,True,False
28.77301025,77.0762558,True,False,True,False
28.63502693,77.28720856,True,False,True,False
28.53348541,77.21110535,True,False,True,False
28.61662483,77.09482574,True,False,False,False
28.50177765,77.1879425,True,False,True,False
28.52691269,77.13584137,True,False,True,False
28.56025314,77.19493866,True,True,True,False
28.50938988,77.23176575,True,False,True,False
28.63128281,77.30278778,True,False,True,False
28.60050774,77.29367065,True,True,True,False
28.74312973,77.195961,True,False,True,False
28.62061691,77.05524445,True,False,True,False
28.61880875,77.05899811,True,False,True,False
28.64182091,77.08261871,True,False,True,False
28.56263161,77.04360962,True,True,True,False
28.7080574,77.11795044,True,False,True,False
28.66977119,77.08420563,True,False,True,False
28.63135529,77.2289505,True,False,True,False
28.62361908,77.02622223,False,False,True,False
28.64127541,77.11600494,True,True,False,False
28.71208572,77.12065125,True,False,True,False
28.71543121,77.12310791,True,False,True,False
28.71014595,77.12358093,True,False,True,False
28.72058678,77.12262726,True,False,True,False
28.71422958,77.12690735,True,False,True,False
28.62281036,77.22541809,False,False,True,False
28.60958481,77.33032227,False,False,True,True
28.64836502,77.16783905,True,False,True,False
28.65598106,77.31162262,True,False,True,False
28.62759018,77.02870941,False,False,True,False
18.97104645,73.01772308,True,False,True,False
18.96637726,73.01280212,True,False,True,False
18.96597862,73.12464905,True,False,True,False
19.21359825,72.83363342,True,False,True,False
19.06293297,72.89239502,True,False,True,False
19.144207,73.24699402,False,False,False,False
19.2275486,73.08150482,False,False,True,False
19.06117058,72.83162689,True,False,True,False
19.10876465,72.86569214,True,False,True,False
19.30729294,72.86174774,True,False,True,False
19.17330933,72.84157562,True,True,True,False
18.91975021,72.8295517,True,True,True,False
19.03683662,73.090065,True,False,True,False
18.98021317,73.02484894,True,False,True,False
18.95307922,73.14958191,True,False,False,False
19.65348625,72.71968842,False,False,False,False
19.02084732,73.02590179,True,True,True,False
19.21083069,72.8747406,True,True,False,False
19.04330826,72.86363983,True,False,True,True
19.12363625,72.83045959,True,True,True,True
19.1133461,72.83358002,True,True,True,True
19.3658886,72.8132019,False,False,False,False
19.22567177,73.10028076,False,False,True,False
19.11515236,72.90356445,True,True,True,True
19.14553833,72.822258,True,True,True,False
19.13976288,72.86218262,True,False,True,False
21.23942184,81.66488647,False,False,False,False
19.21168327,73.01448822,True,False,True,False
18.99790382,72.84116364,True,False,True,False
19.12285423,72.91291046,True,True,True,True
19.01498032,72.82868195,True,True,True,False
19.08686066,72.91500092,True,False,True,False
19.25585938,73.13314819,False,False,False,False
19.01052475,72.84575653,True,True,True,False
19.04731178,72.89689636,True,False,True,False
19.10355759,72.84113312,True,False,True,True
19.15442848,72.93182373,True,False,True,False
19.22160912,72.8599472,True,True,True,False
19.207407,72.87836456,True,True,False,False
19.13842583,72.82830811,True,True,True,False
19.11651802,72.8895874,True,False,True,False
19.15496826,73.23058319,False,False,False,False
19.2192421,72.87139893,True,True,False,False
19.03691483,73.0173111,True,False,True,False
19.00593376,72.82901764,True,True,True,False
19.1339817,72.93009186,True,True,True,True
19.02178192,73.0182724,True,True,True,False
19.12942696,72.82150269,True,True,True,False
19.20812416,73.10401154,True,False,True,False
19.24331856,72.97618103,True,False,True,False
19.29587364,73.20278931,False,False,False,False
19.06196213,72.89355469,True,False,True,False
19.40745163,72.82662964,False,False,False,False
18.97242546,73.11148834,True,True,True,False
19.23654938,72.96591187,True,False,True,True
18.96935654,73.01952362,True,False,True,False
18.95569611,72.82301331,True,True,True,False
19.11567116,72.88295746,True,False,True,False
19.25835991,72.98197174,True,False,True,False
19.10572433,72.88311005,True,False,True,False
19.22521782,72.97000885,True,True,True,True
19.18353844,73.0874939,True,False,True,False
18.95371056,72.8004303,True,True,True,False
19.26645279,72.96285248,True,False,True,False
19.05635643,72.8288269,True,False,True,False
19.05235672,72.9146347,True,False,True,False
19.00623703,73.10948181,True,False,True,False
19.02109528,72.83779144,True,True,True,False
19.12298965,72.91322327,True,True,True,True
19.15336037,72.88577271,False,False,True,True
19.02898026,72.83972931,True,True,True,False
19.12310028,72.82797241,True,True,True,True
19.06175041,73.00650024,True,True,True,False
19.13805008,72.82532501,True,True,True,False
19.16552544,72.85199738,True,True,True,False
19.16906929,72.9380722,True,False,True,True
19.22232819,72.98812103,True,False,True,False
19.11657715,72.91240692,True,True,True,True
18.96496964,72.80918121,True,True,True,False
19.20110893,72.87722778,True,True,False,False
19.14808083,73.07962036,True,False,True,False
19.17455292,72.86763763,True,True,True,False
30.88825417,75.84442139,False,False,False,False
19.00311279,72.85024261,True,False,True,False
19.22903824,72.98190308,True,False,True,False
19.23309135,72.8415451,True,True,True,True
19.19689178,72.87253571,True,True,True,False
19.19841576,72.83609772,True,True,True,False
19.03841209,73.07059479,True,False,True,False
19.14773178,72.84082794,True,True,True,False
19.15707207,72.84046936,True,True,True,False
19.21637344,73.08179474,False,False,True,False
19.06782532,72.89997864,True,False,True,False
19.01773643,73.09333038,True,False,True,False
19.26725197,72.96692657,True,False,True,False
19.06709862,72.86737061,True,False,True,False
19.04475212,73.07056427,True,False,True,False
19.18934631,72.96398163,True,True,True,False
19.0598774,73.06433868,True,False,True,False
19.03714943,73.09010315,True,False,True,False
19.04022598,73.09493256,True,False,True,False
19.03874969,73.0954361,True,False,True,False
19.03690338,73.08908081,True,False,True,False
18.96582985,72.81555176,True,True,True,False
19.03648758,73.09268188,True,False,True,False
19.04291344,73.09802246,True,False,True,False
19.20370293,72.85730743,True,True,True,False
19.1109314,72.89659882,True,False,True,True
19.12780571,72.89354706,True,False,True,False
19.1422596,72.8319397,True,True,True,False
19.00309181,72.82584381,True,True,True,False
19.00612831,72.82883453,True,True,True,False
19.13937759,72.82843781,True,True,True,False
19.20380211,73.09098053,True,False,True,False
19.1389389,72.83456421,True,True,True,False
19.1420002,72.8259964,True,True,True,False
19.1376152,72.82183075,True,True,True,False
19.14537239,72.82387543,True,True,True,False
19.06432152,73.01615143,True,True,True,False
19.13553238,72.81269073,False,True,True,False
19.12845993,72.92731476,True,True,True,True
18.99817467,72.81955719,True,False,True,False
19.12927437,72.83625031,True,True,True,True
19.12345505,72.83013916,True,True,True,True
19.0951004,72.8605957,True,False,True,False
19.06231308,73.00275421,True,True,True,False
19.06126404,73.0033493,True,True,True,False
19.15450859,72.84287262,True,True,True,False
19.17645264,72.8687439,True,True,True,False
19.18372345,72.86148071,True,True,True,False
19.14051628,72.86472321,True,False,True,True
19.19229126,72.83625031,True,True,True,False
19.11918259,72.90559387,True,True,True,True
19.15246582,72.96372223,True,False,True,False
19.00893784,73.0166626,True,True,True,False
19.19844627,72.8572998,True,True,True,False
19.14644241,72.93894196,True,False,True,False
19.25697136,73.12395477,False,False,False,False
19.11686325,72.86997986,True,False,True,False
19.01880074,72.85024261,True,True,True,True
19.11166382,72.92677307,True,True,True,True
19.09415054,72.90492249,True,False,False,True
19.07976341,72.90843964,True,False,True,False
19.12584686,72.85384369,True,False,True,True
19.11114311,72.93238068,True,True,True,True
19.11466599,72.85807037,True,False,True,False
19.14356232,72.82190704,True,True,True,False
19.13943481,72.8208847,True,True,True,False
19.22233772,72.9827652,True,True,True,False
19.14082146,72.93312836,True,False,True,True
19.21862602,72.9929657,True,False,True,False
19.14466858,72.93262482,True,False,True,True
19.22969818,72.98433685,True,False,True,False
19.19719887,72.85442352,True,True,True,False
19.1423111,72.81121826,False,False,True,False
19.11652756,72.84729004,True,False,True,True
19.10038948,72.88574982,True,False,True,False
19.11784935,72.86292267,True,False,True,False
19.19936562,72.87325287,True,True,False,False
19.2212677,72.85808563,True,True,True,False
19.21415329,72.87637329,True,True,False,False
19.21974945,72.87100983,True,True,False,False
19.21288109,72.87340546,True,True,False,False
19.22581863,72.8638916,True,True,True,False
19.21932411,72.87076569,True,True,False,False
19.22089958,72.86664581,True,True,True,False
19.22282028,72.86439514,True,True,True,False
19.20486069,72.87245178,True,True,False,False
19.15259552,72.8908844,False,False,True,True
19.13939095,72.8276062,True,True,True,False
19.21240044,73.07834625,False,False,True,False
19.25734901,73.14263153,False,False,False,False
19.05629921,73.01454163,True,True,True,False
19.2116127,73.09185028,True,False,True,False
19.03728294,73.09191132,True,False,True,False
19.13736153,72.83709717,True,True,True,True
19.12937355,72.81874847,True,True,True,False
19.12853241,72.8184967,True,True,True,False
19.14013863,72.8083725,False,False,True,False
19.13820076,72.83409119,True,True,True,False
19.14911079,72.82739258,True,True,True,False
19.2196312,73.08188629,False,False,True,False
19.21056747,73.10176849,True,False,True,False
19.20559311,73.1026535,True,False,True,False
19.21898079,73.09443665,False,False,True,False
19.20754051,73.111763,True,False,True,False
19.2053833,73.10295105,True,False,True,False
19.20507812,72.8368988,True,False,True,False
19.00924873,72.82285309,True,True,True,False
19.00977707,72.83037567,True,True,True,False
18.9646759,72.80456543,True,True,True,False
19.20833969,73.00676727,True,False,True,False
19.2173996,73.08202362,False,False,True,False
19.06058884,72.8377533,True,False,True,False
19.06928253,72.83715057,True,False,True,False
19.22358704,72.98096466,True,True,True,False
19.12290573,72.88780212,True,False,True,False
19.29271317,73.2019043,False,False,False,False
19.25117111,72.98174286,True,False,True,False
18.90356064,72.81304169,False,False,True,False
19.29709244,73.2027359,False,False,False,False
19.12512779,72.88330078,True,False,True,False
19.09175873,72.86543274,True,False,True,False
19.29537582,73.21504974,False,False,False,False
19.29711533,73.21921539,False,False,False,False
19.29598045,73.20859528,False,False,False,False
19.04355812,73.01004791,True,False,True,False
18.98529816,72.82453918,True,False,True,False
19.12072563,72.88448334,True,False,True,False
19.1086998,72.88961792,True,False,True,False
19.28917503,73.20214844,False,False,False,False
19.18132591,73.09023285,True,False,True,False
19.13804436,72.82541656,True,True,True,False
19.21030617,72.86837769,True,True,False,False
19.1701355,72.96131897,True,True,True,False
19.70185852,72.75614929,False,False,False,False
18.97681999,73.03240967,True,False,True,False
19.12564659,72.92160797,True,True,True,True
19.13068962,72.9316864,True,True,True,True
19.00169182,72.818573,True,False,True,False
19.16606522,72.96521759,True,False,True,False
19.22795486,72.96818542,True,False,True,True
19.2326889,72.98698425,True,False,True,False
19.21623611,72.98061371,True,True,True,False
19.22039986,72.99340057,True,False,True,False
19.21181679,72.98913574,True,True,True,False
19.27772713,72.96806335,True,False,True,False
19.03296089,73.01348114,True,False,True,False
19.02576828,73.01863098,True,False,True,False
19.22076607,72.96321869,True,True,True,True
19.00762367,72.83289337,True,True,True,False
19.24264526,72.97179413,True,False,True,True
19.27105522,72.96084595,True,False,True,False
19.16233826,72.95344543,True,False,True,False
19.22845459,72.97849274,True,False,True,False
19.22190094,72.98513794,True,False,True,False
19.23166466,72.98756409,True,False,True,False
19.29767418,73.21498871,False,False,False,False
19.20904922,72.95788574,True,True,True,False
19.24797058,72.97835541,True,False,True,False
19.25382042,72.97923279,True,False,True,False
19.22790527,72.97861481,True,False,True,False
19.2348175,72.96658325,True,False,True,True
19.23353767,72.97278595,True,False,True,True
19.26469803,72.97274017,True,False,True,False
19.12384415,72.82418823,True,True,True,True
19.14579773,72.93276978,True,False,True,True
18.9430027,72.82634735,True,True,True,False
18.96272087,73.02055359,True,False,True,False
18.97668648,73.03025818,True,False,True,False
19.14388466,72.82450867,True,True,True,False
19.16692352,72.8318634,True,True,True,False
18.95638084,72.82091522,True,True,True,False
18.95347214,72.82328033,True,True,True,False
19.04881477,72.8870697,True,False,True,False
19.2595787,72.98374939,True,False,True,False
19.25719261,72.98681641,True,False,True,False
19.25846672,72.97864532,True,False,True,False
19.04686737,73.08036041,True,False,True,False
19.07176971,73.07008362,True,False,True,False
19.10857773,72.88459778,True,False,True,False
19.06379509,73.00462341,True,True,True,False
19.04724503,73.02110291,True,False,True,False
19.12767792,72.93120575,True,True,True,True
19.12768173,72.9312439,True,True,True,True
19.12276459,72.88446045,True,False,True,False
19.11808586,72.88539886,True,False,True,False
19.11377907,72.87884521,True,False,True,False
19.15556526,72.88628387,False,False,True,True
19.15298462,72.88500214,False,False,True,True
19.1556263,72.88628387,False,False,True,True
19.15562057,72.8862381,False,False,True,True
19.07176971,73.07587433,True,False,True,False
19.06352615,73.05749512,True,False,True,True
19.04439354,73.00994873,True,False,True,False
18.96508217,72.80413055,True,True,True,False
18.99221039,72.83139038,True,False,True,False
18.94491959,72.79441071,True,False,True,False
19.1741333,72.96508026,True,True,True,False
19.18637276,72.86165619,True,True,True,False
19.06011391,73.0177536,True,True,True,False
19.06318474,73.00334167,True,True,True,False
19.21997261,72.97567749,True,True,True,False
19.23309517,72.96710205,True,False,True,True
19.03392029,73.07605743,True,False,True,False
19.41130447,72.82743073,False,False,False,False
19.04327202,73.06098938,True,False,True,False
19.085495,72.91044617,True,False,True,False
19.0455513,73.01127625,True,False,True,False
19.04291344,73.06665802,True,False,True,False
19.16632271,72.96037292,True,False,True,False
18.9940567,72.8314743,True,False,True,False
19.27623749,72.95905304,True,False,True,False
19.2698288,72.96513367,True,False,True,False
19.26460266,72.96596527,True,False,True,False
19.2642765,72.96452332,True,False,True,False
19.26623917,72.962883,True,False,True,False
19.27543259,72.96281433,True,False,True,False
19.25103378,72.97314453,True,False,True,False
19.26252556,72.95976257,True,False,True,False
19.27542686,72.96141052,True,False,True,False
19.2803154,72.95307159,True,False,True,False
19.27532768,72.96347809,True,False,True,False
19.26452637,72.96372986,True,False,True,False
19.03447914,73.07565308,True,False,True,False
19.16979027,72.95973969,True,True,True,False
19.07024956,72.8334198,True,False,True,False
19.0932827,72.88297272,True,False,True,False
19.11979485,72.8820343,True,False,True,False
19.26864243,72.97137451,True,False,True,False
19.04998589,73.07302856,True,False,True,False
18.91120911,72.82062531,True,False,True,False
18.90838814,72.81639862,False,False,True,False
19.0008831,72.81551361,True,False,True,False
18.95342445,72.8227005,True,True,True,False
18.95145035,72.8010788,True,False,True,False
18.96323395,72.80530548,True,True,True,False
18.98311615,72.81685638,True,True,True,False
18.91374016,72.82035065,True,False,True,False
18.94512367,72.82678986,True,True,True,False
18.95722961,72.81967163,True,True,True,False
19.20880127,73.09664917,True,False,True,False
19.20687675,73.10365295,True,False,True,False
19.21634483,73.10332489,True,False,True,False
19.0198555,72.83912659,True,True,True,False
19.02620506,72.84390259,True,True,True,False
19.1243782,72.8874054,True,False,True,False
19.40327072,72.8368988,False,False,False,False
19.39183998,72.84121704,False,False,False,False
19.39286804,72.86553955,False,False,False,False
19.40601349,72.82566833,False,False,False,False
19.40591812,72.82295227,False,False,False,False
19.15484428,72.88697052,False,False,True,True
19.15353012,72.88446045,False,False,True,True
19.03519058,73.06549072,True,False,True,False
19.03990364,73.09510803,True,False,True,False
19.01371002,72.82904816,True,True,True,False
19.01757431,72.82889557,True,True,True,False
19.02911568,72.83842468,True,True,True,False
19.03679276,72.84384155,True,False,True,False
18.99953842,72.81974792,True,False,True,False
19.0122776,72.83348846,True,True,True,False
19.02673721,72.84302521,True,True,True,False
19.15330315,72.88580322,False,False,True,True
19.15333366,72.88576508,False,False,True,True
19.11678123,72.88955688,True,False,True,False
19.40339279,72.82305145,False,False,False,False
19.11436844,72.884758,True,False,True,False
19.11486053,72.89988708,True,True,True,True
19.11570358,72.88977051,True,False,True,False
19.11632538,72.90471649,True,True,True,True
19.11498833,72.90044403,True,True,True,True
19.11950684,72.89653778,True,True,True,True
19.12353706,72.89595795,True,True,True,False
19.14368057,72.828125,True,True,True,False
19.13480949,72.82534027,True,True,True,False
19.11959457,72.90402222,True,True,True,True
19.11437798,72.89945984,True,True,True,True
19.1228199,72.89530945,True,True,True,False
19.11722183,72.8949585,True,False,True,True
19.10516357,72.89817047,True,False,True,True
19.10991287,72.89598846,True,False,True,True
19.1313343,72.87602997,True,False,True,True
19.11441612,72.90343475,True,True,True,True
19.02995872,72.84355927,True,True,True,False
18.97781944,72.81047821,True,True,True,False
18.97038841,72.80427551,True,True,True,False
18.96692276,72.80780029,True,True,True,False
19.22030067,73.0973587,True,False,True,False
19.0134201,72.83069611,True,True,True,False
19.01633453,72.83518219,True,True,True,False
19.03515244,72.84044647,True,True,True,False
19.22271729,73.10041809,True,False,True,False
19.22465324,73.10405731,True,False,True,False
19.12327766,72.83136749,True,True,True,True
19.16165924,72.94767761,True,False,True,False
19.23527908,72.9668045,True,False,True,True
18.96295166,72.81487274,True,True,True,False
19.07513809,72.90914154,True,False,True,False
19.09126663,72.90485382,True,False,False,True
18.98930359,72.83166504,True,False,True,False
18.95127869,72.8026123,True,False,True,False
18.96513748,72.80402374,True,True,True,False
19.01395416,72.83174896,True,True,True,False
18.98710442,72.8290863,True,False,True,False
19.00543976,72.82811737,True,True,True,False
18.95853043,72.81216431,True,True,True,False
18.95463753,72.81288147,True,True,False,False
19.11031914,72.89595795,True,False,True,True
19.22478485,72.97016144,True,True,True,True
19.00179672,72.8249588,True,False,True,False
18.96176529,72.80204773,True,True,False,False
18.91502953,72.82029724,True,False,True,False
18.94757462,72.79395294,True,False,True,False
19.26084709,72.97283936,True,False,True,False
19.25633049,72.97049713,True,False,True,False
19.11381531,72.90026855,True,True,True,True
18.96855736,72.81990051,True,True,True,False
19.27489662,72.96329498,True,False,True,False
19.25840378,72.9671402,True,False,True,False
18.96176338,72.8021698,True,True,False,False
18.97394371,72.8092804,True,True,True,False
19.03365135,73.02457428,True,False,True,False
19.14740562,73.07733917,True,False,True,False
19.17331696,73.07020569,True,False,True,False
19.16758537,73.07501221,True,False,True,False
19.27720451,72.88535309,True,True,True,False
18.99039841,72.83148193,True,False,True,False
18.99874878,72.82100677,True,False,True,False
18.95890045,72.80997467,True,True,True,False
18.98294258,72.83204651,True,False,True,False
18.99975586,72.82673645,True,False,True,False
18.97760773,72.81012726,True,True,True,False
18.99952126,72.81811523,True,False,True,False
19.11480522,72.83818817,True,True,True,True
19.12127495,72.83872223,True,True,True,True
19.13284874,72.8217926,True,True,True,False
19.12697029,72.83763123,True,True,True,True
19.13073921,72.81913757,True,True,True,False
19.03474617,73.01525879,True,False,True,False
18.98705864,72.82733154,True,False,True,False
19.03227615,73.06194305,True,False,True,False
19.0481205,73.07852173,True,False,True,False
19.22002983,73.09614563,False,False,True,False
18.99095154,72.83155823,True,False,True,False
18.96175766,72.80204773,True,True,False,False
18.99133873,72.83154297,True,False,True,False
18.97217369,72.81541443,True,True,True,False
19.01874352,72.86030579,True,False,True,True
19.00310326,72.85025024,True,False,True,False
18.91439247,72.82426453,True,False,True,False
18.91134071,72.82131195,True,False,True,False
19.00346565,72.8421402,True,True,True,False
19.00785637,72.835289,True,True,True,False
19.02430153,72.86386871,True,False,True,True
19.01344681,72.82915497,True,True,True,False
18.91036987,72.82032013,True,False,True,False
19.00623894,72.82845306,True,True,True,False
19.00429726,72.8303833,True,True,True,False
19.283638,72.87389374,True,False,True,False
19.2955513,72.87969971,True,False,True,False
18.97664452,73.02739716,True,False,True,False
19.2118454,73.09642792,True,False,True,False
19.14334679,72.82841492,True,True,True,False
19.14728546,72.79506683,False,False,True,False
19.0361557,73.02041626,True,False,True,False
18.95725441,72.80873871,True,True,False,False
19.00966644,72.83003235,True,True,True,False
19.00937271,72.82289124,True,True,True,False
19.00786781,72.83568573,True,True,True,False
19.00624084,72.83010864,True,True,True,False
18.99225426,72.82091522,True,False,True,False
18.99848175,72.82257843,True,False,True,False
18.99229813,72.82115173,True,False,True,False
18.92625999,72.81968689,True,True,True,False
19.01214218,72.82162476,True,True,True,False
19.01023483,72.84830475,True,True,True,False
19.00750542,72.83588409,True,True,True,False
19.00608635,72.82987213,True,True,True,False
19.00631523,72.83811188,True,True,True,False
30.87934113,75.85012054,False,False,False,False
19.04473305,73.0712204,True,False,True,False
19.03046417,73.07067871,True,False,True,False
19.01603889,72.83480072,True,True,True,False
19.11593819,72.85823059,True,False,True,False
19.0394249,73.01024628,True,False,True,False
19.0512886,73.01540375,True,False,True,False
19.1305542,72.82857513,True,True,True,True
19.0369072,73.01032257,True,False,True,False
19.04759026,73.0774765,True,False,True,False
19.01063728,73.01683044,True,True,True,False
19.03203583,72.86709595,True,False,True,True
19.04956245,72.88802338,True,False,True,False
19.22106552,73.08688354,False,False,True,False
19.21850395,73.09439087,False,False,True,False
19.03377151,73.01145935,True,False,True,False
18.96338272,73.02172852,True,False,True,False
18.98289299,73.02715302,True,False,True,False
18.98457527,73.02407837,True,False,True,False
19.29171181,72.86881256,True,False,True,False
19.22800827,72.97892761,True,False,True,False
19.13788033,72.82634735,True,True,True,False
19.1398983,72.84290314,True,True,True,False
19.13508415,72.81461334,True,True,True,False
19.21998787,72.97707367,True,True,True,False
19.2784996,72.87064362,True,True,True,False
19.28087616,72.87459564,True,True,True,False
19.29363632,72.87379456,True,False,True,False
19.28625679,72.87236023,True,False,True,False
19.28766632,72.86893463,True,False,True,False
19.13572311,72.82620239,True,True,True,False
19.22532082,73.08181,False,False,True,False
19.21576118,73.07299042,False,False,True,False
19.06203461,72.89189148,True,False,True,False
19.21919823,72.84896851,True,True,True,False
19.22188187,72.83937073,True,True,True,False
19.21895409,72.85771179,True,True,True,False
19.20986748,72.83059692,True,False,True,False
19.21650887,72.84284973,True,True,True,False
19.04792976,72.91957092,True,True,True,False
19.21877861,72.84942627,True,True,True,False
19.14900208,72.83963776,True,True,True,False
19.14617538,72.84598541,True,True,True,False
19.05407715,72.90020752,True,False,True,False
19.0503273,72.91442871,True,False,True,False
19.0486145,72.90492249,True,False,True,False
19.25594711,72.8527298,True,False,True,True
19.22560692,72.86468506,True,True,True,False
19.19948769,72.84616089,True,True,True,False
19.21173286,72.84081268,True,False,True,False
19.15852737,73.23480988,False,False,False,False
19.16102791,72.84053802,True,True,True,False
19.19954491,72.81919861,True,False,True,False
19.27373886,72.96228027,True,False,True,False
19.12205124,72.83136749,True,True,True,True
18.96770859,73.02297974,True,False,True,False
19.25901031,72.9566803,True,False,True,True
19.27250862,72.96461487,True,False,True,False
19.27087021,72.96713257,True,False,True,False
19.2703476,72.97113037,True,False,True,False
19.20258904,72.82205963,True,False,True,False
18.97223091,73.02945709,True,False,True,False
19.14003372,72.84398651,True,True,True,False
19.20372581,72.83464813,True,False,True,False
19.13975906,72.84013367,True,True,True,False
19.14069557,72.84223175,True,True,True,False
19.14157104,72.84091187,True,True,True,False
19.24743462,73.12275696,False,False,False,False
19.2049942,72.82299042,True,False,True,False
19.14605141,72.84314728,True,True,True,False
19.03808594,73.06976318,True,False,True,False
19.14411736,72.84809875,True,True,True,False
19.11565018,72.88330078,True,False,True,False
19.1175251,72.88460541,True,False,True,False
19.1464901,72.84403992,True,True,True,False
19.14394188,72.84806824,True,True,True,False
19.05442619,72.88910675,True,False,True,False
19.23723793,72.84564209,True,True,True,True
19.21845055,73.09366608,False,False,True,False
19.00540161,73.01470184,True,True,True,False
19.01632881,72.82910919,True,True,True,False
19.12299156,72.91321564,True,True,True,True
19.11101151,72.89859772,True,False,True,True
19.12284279,72.91316223,True,True,True,True
19.12298775,72.91321564,True,True,True,True
19.17469406,72.8384552,True,True,True,False
19.13042068,72.86026764,True,False,True,False
19.25814056,73.13052368,False,False,False,False
19.19363785,73.08946228,True,False,True,False
19.20442772,73.08724213,True,False,True,False
19.20052528,73.09375763,True,False,True,False
19.16257477,72.83396149,True,True,True,False
19.11310196,72.87252808,True,False,True,False
19.46978951,72.79930115,False,False,False,False
19.47090149,72.80472565,False,False,False,False
19.1245575,72.85211182,True,False,True,True
19.20204163,72.81889343,True,False,True,False
19.12588501,72.99964142,True,False,True,False
19.12514305,72.83178711,True,True,True,True
19.19438171,72.83082581,True,True,True,False
19.01444435,72.82883453,True,True,True,False
18.9719429,73.0294342,True,False,True,False
19.11632729,72.91363525,True,True,True,True
19.15171814,72.83115387,True,True,True,False
19.13470268,72.86564636,True,False,True,False
19.79289627,72.75839996,False,False,False,False
19.12154961,72.87939453,True,False,True,False
19.10863876,72.86625671,True,False,True,False
19.16894722,72.84313965,True,True,True,False
19.25716209,72.97453308,True,False,True,False
19.11170769,72.87286377,True,False,True,False
19.18157387,72.84740448,True,True,True,False
19.18128777,72.83981323,True,True,True,False
19.2666111,72.98417664,True,False,True,False
19.14189911,72.84374237,True,True,True,False
19.06176186,72.89309692,True,False,True,False
19.19988632,72.82074738,True,False,True,False
19.2008419,72.81732178,True,False,True,False
19.20220566,72.81529236,True,False,True,False
19.14562988,73.07802582,True,False,True,False
19.26391983,72.96923065,True,False,True,False
19.25733566,72.98529816,True,False,True,False
19.18694305,72.83223724,True,True,True,False
19.23060989,73.13512421,True,False,False,False
19.0109005,72.84886932,True,True,True,False
19.223032,73.13436127,True,False,False,False
19.25786209,73.13034058,False,False,False,False
19.21940613,73.13710785,True,False,False,False
19.2226181,73.13422394,True,False,False,False
18.93385696,72.82568359,True,True,True,False
19.1522274,72.84477997,True,True,True,False
19.29283333,72.87860107,True,False,True,False
19.29241943,72.8718338,True,False,True,False
19.29729271,72.8694458,True,False,True,False
19.27994156,72.88217163,True,False,True,False
19.28697968,72.87737274,True,False,True,False
19.05467415,72.90143585,True,False,True,False
19.04527092,72.89431763,True,False,True,False
19.05430222,72.89217377,True,False,True,False
19.22859192,72.98720551,True,False,True,False
19.0642128,72.89389801,True,False,True,False
21.23236847,81.61653137,False,False,False,False
19.22709465,73.14144897,False,False,False,False
19.11557007,72.88269806,True,False,True,False
19.27902222,72.95398712,True,False,True,False
19.27476883,72.96337128,True,False,True,False
19.11779785,72.90203857,True,True,True,True
19.19775009,72.81954956,True,False,True,False
19.05068779,72.91565704,True,False,True,False
19.0561676,72.91026306,True,False,True,False
19.22516441,73.0796814,False,False,True,False
19.04817581,72.91661835,True,False,True,False
19.06279755,72.88594818,True,False,True,False
19.03247643,72.88990784,True,False,True,False
19.02715302,72.87976837,True,False,True,True
19.03352737,72.86919403,True,False,True,True
19.0547142,72.88446808,True,False,True,True
19.03352928,72.8691864,True,False,True,True
19.05464172,72.88442993,True,False,True,True
19.0335331,72.8691864,True,False,True,True
19.06871605,72.87626648,True,False,True,False
19.02706718,72.8793869,True,False,True,True
19.03086853,72.8801651,True,False,True,True
19.0548172,72.88461304,True,False,True,False
19.05496025,72.88444519,True,False,True,True
19.07773018,72.88562012,True,False,True,False
19.05415916,72.88950348,True,False,True,False
19.0538063,72.91332245,True,False,True,False
19.06415176,72.8937912,True,False,True,False
19.05865669,72.90431213,True,False,True,False
19.05188942,72.8862381,True,False,True,False
19.06012726,72.8921051,True,False,True,False
19.05700111,72.90486145,True,False,True,False
19.06437302,72.89280701,True,False,True,False
19.05176926,72.87854004,True,False,True,True
19.05069542,72.91756439,True,False,True,False
19.03829956,72.87802887,True,False,True,True
19.0637989,72.89250946,True,False,True,False
19.05404472,72.89080048,True,False,True,False
19.06228828,72.89469147,True,False,True,False
19.05808067,72.90823364,True,False,True,False
19.05853653,72.89077759,True,False,True,False
19.04257965,72.91149139,True,False,True,True
19.06689072,72.89263916,True,False,True,False
19.06453133,72.89398193,True,False,True,False
19.02313614,72.86598206,True,False,True,True
19.20336723,72.82038879,True,False,True,False
19.23568153,73.08771515,False,False,True,False
19.12253952,72.86515045,True,False,True,False
19.18860817,72.97050476,True,False,True,False
19.1969471,72.83693695,True,True,True,False
19.16693306,72.83876038,True,True,True,False
19.17572594,72.83511353,True,True,True,False
19.17896652,72.83389282,True,True,True,False
19.16032028,72.83880615,True,True,True,False
19.15029144,72.8470993,True,True,True,False
19.15725327,72.84050751,True,True,True,False
19.18916321,72.83383942,True,True,True,False
19.18683434,72.8336792,True,True,True,False
19.18606567,72.83448792,True,True,True,False
19.04430962,72.91760254,True,True,True,True
19.05427933,72.89211273,True,False,True,False
19.01486969,72.8625412,True,False,True,True
19.22283745,72.84616089,True,True,True,False
19.15350151,72.88562775,False,False,True,True
19.15325737,72.88517761,False,False,True,True
19.15326691,72.88512421,False,False,True,True
19.22784424,73.12649536,True,False,False,False
19.20543861,72.82376862,True,False,True,False
19.20288086,72.82137299,True,False,True,False
19.18018532,72.83740997,True,True,True,False
19.15413857,72.84342194,True,True,True,False
19.20293999,72.82146454,True,False,True,False
19.18056679,72.83808136,True,True,True,False
19.17842865,72.83560944,True,True,True,False
19.18008614,72.84267426,True,True,True,False
19.12937355,72.86688232,True,False,True,False
19.12825012,72.8264389,True,True,True,True
19.145298,72.84149933,True,True,True,False
19.15110016,72.94132233,True,False,True,False
19.17477226,72.94526672,True,True,True,True
19.12952614,72.93273163,True,True,True,True
19.15857124,72.94791412,True,False,True,False
19.02869606,72.85298157,True,False,True,True
19.11687279,72.92668152,True,True,True,True
19.12318611,72.92631531,True,True,True,True
19.13622665,72.93026733,True,True,True,True
19.16048431,72.94541931,True,False,True,False
19.01447678,72.84549713,True,True,True,False
19.02820587,72.84375763,True,True,True,False
19.15668869,72.938591,True,False,True,False
19.14695168,72.93522644,True,False,True,True
19.1576767,72.93618774,True,False,True,False
19.14197731,72.93060303,True,False,True,True
19.14990044,72.93113708,True,False,True,True
19.12855911,72.81993103,True,True,True,False
19.11872673,72.90856171,True,True,True,True
19.14225197,72.83982086,True,True,True,False
19.05151939,73.07003784,True,False,True,False
19.13682175,72.86791229,True,False,True,True
18.99875069,72.81726837,True,False,True,False
19.0266037,72.87857819,True,False,True,True
19.00477219,72.82813263,True,True,True,False
19.04644775,72.90384674,True,False,True,False
18.99677086,72.82146454,True,False,True,False
19.09479713,72.91977692,True,False,False,True
19.0045681,72.81851196,True,False,True,False
19.00964546,72.82123566,True,True,True,False
19.12240219,72.88565063,True,False,True,False
19.19779205,72.81893921,True,False,True,False
19.12939644,72.82128906,True,True,True,False
19.13377571,72.81086731,False,True,True,False
19.13108253,72.81465149,True,True,True,False
19.04972649,72.88731384,True,False,True,False
19.05391312,72.88909149,True,False,True,False
19.05841637,72.89078522,True,False,True,False
19.06351471,72.89162445,True,False,True,False
18.97845078,73.04993439,True,False,True,False
19.01840973,73.02439117,True,True,True,False
19.03982735,73.07649231,True,False,True,False
19.01373863,73.02268219,True,True,True,False
19.05171204,73.08112335,True,False,True,False
19.06760597,72.82559204,True,False,True,False
19.05756378,72.83164215,True,False,True,False
19.03731155,72.87870789,True,False,True,True
19.03731918,72.87869263,True,False,True,True
19.0604744,72.89344025,True,False,True,False
19.2570858,73.12992859,False,False,False,False
19.24041748,72.8500824,True,True,True,True
19.25613785,72.85214233,True,False,True,True
18.96326828,73.12701416,True,False,True,False
19.06736755,72.82624054,True,False,True,False
19.26120377,73.14176178,False,False,False,False
19.25731087,73.12992096,False,False,False,False
19.01399231,73.10303497,True,False,True,False
19.12928963,72.835289,True,True,True,True
19.14662933,72.82849884,True,True,True,False
19.14104843,72.84265137,True,True,True,False
19.16057968,72.84077454,True,True,True,False
19.14237976,72.84151459,True,True,True,False
19.14382744,72.83695221,True,True,True,False
19.19059753,72.8303833,True,True,True,False
19.06766701,73.07197571,True,False,True,False
19.25352097,73.13677979,False,False,False,False
19.19673538,72.86817169,True,True,True,False
19.19798088,72.87248993,True,True,False,False
19.19578552,72.87762451,True,False,False,False
19.19691467,72.87820435,True,False,False,False
19.19594383,72.87178802,True,True,True,False
19.19611168,72.87049866,True,True,True,False
19.10973358,72.89723969,True,False,True,True
19.1315136,72.92739868,True,True,True,True
19.10267448,73.00373077,True,False,True,False
19.04929352,72.8891983,True,False,True,False
19.04826164,72.91565704,True,False,True,False
19.20825768,72.96101379,True,True,True,False
18.97498131,73.0294342,True,False,True,False
18.97347641,73.02910614,True,False,True,False
18.9801445,73.025177,True,False,True,False
19.19058418,72.97116852,True,True,True,False
19.00897026,73.10882568,True,False,True,False
19.18054199,72.83812714,True,True,True,False
19.14159966,72.8398056,True,True,True,False
19.19454956,72.96652222,True,True,True,False
19.05397606,72.89080048,True,False,True,False
26.14064407,91.79213715,False,False,False,False
19.14125633,72.84004211,True,True,True,False
19.16901779,73.11309052,False,False,True,False
19.20657921,73.10357666,True,False,True,False
19.05386925,72.88916016,True,False,True,False
19.0538311,72.88913727,True,False,True,False
19.24324989,73.12389374,False,False,False,False
19.01036835,73.01251984,True,True,True,False
19.22584534,73.09985352,False,False,True,False
19.22112465,73.07662201,False,False,True,False
19.05435944,72.90126038,True,False,True,False
19.46795273,72.79856873,False,False,False,False
19.03029251,72.88043976,True,False,True,True
19.16990089,73.11317444,False,False,True,False
19.06258011,73.05685425,True,False,True,True
19.05077553,72.9009552,True,False,True,False
19.26754189,72.96327972,True,False,True,False
19.2715683,72.97142029,True,False,True,False
19.05981064,72.90102386,True,False,True,False
19.25920677,72.9858017,True,False,True,False
19.14194489,72.84437561,True,True,True,False
19.13720512,72.84221649,True,True,True,True
19.1135807,72.90979004,True,True,True,True
19.09882164,72.8320694,True,False,True,False
19.05794525,72.83087158,True,False,True,False
19.06919479,72.83856964,True,False,True,False
19.10912132,72.89803314,True,False,True,True
19.11438179,72.89945221,True,True,True,True
19.11624336,72.90740967,True,True,True,True
19.11006165,73.00054169,True,False,True,False
19.12211418,72.90531921,True,True,True,True
19.11636162,72.89040375,True,False,True,False
19.06277466,72.89228821,True,False,True,False
19.05086327,72.91537476,True,False,True,False
19.0631752,72.89102936,True,False,True,False
19.06815338,72.89574432,True,False,True,False
19.01182938,73.01818848,True,True,True,False
19.00832939,73.0334549,True,True,True,False
19.06158829,72.82735443,True,False,True,False
19.06161118,72.82736206,True,False,True,False
19.06161308,72.82736206,True,False,True,False
19.11356544,72.90399933,True,True,True,True
19.21733093,72.82610321,True,False,True,False
19.24974251,73.15293121,False,False,False,False
19.11756706,72.89415741,True,False,True,True
19.1157074,72.88977051,True,False,True,False
19.06877899,72.83288574,True,False,True,False
19.1110096,72.83457184,True,False,True,True
19.11050224,72.82448578,True,False,True,True
19.10837364,72.82898712,True,False,True,True
19.11441994,72.83496094,True,True,True,True
19.11533356,72.83634949,True,True,True,True
19.11704445,72.82415009,True,True,True,True
19.10464859,72.82917023,True,False,True,False
19.09912872,72.83280182,True,False,True,False
19.1009407,72.83198547,True,False,True,False
19.11114883,72.83428192,True,False,True,True
19.11730576,72.82823181,True,True,True,True
19.05994034,73.01783752,True,True,True,False
19.29466248,72.87657166,True,False,True,False
19.06249619,72.8923645,True,False,True,False
19.06427383,72.89441681,True,False,True,False
19.05108452,72.89046478,True,False,True,False
19.08052254,72.88834381,True,False,True,False
19.04825401,72.88893127,True,False,True,False
19.07072258,72.89862061,True,False,True,False
19.05685806,72.88703918,True,False,True,False
19.05685425,72.88704681,True,False,True,False
19.05822182,72.90831757,True,False,True,False
19.20575714,72.82209778,True,False,True,False
19.05500793,72.90239716,True,False,True,False
19.05179214,72.89902496,True,False,True,False
19.05275917,72.9009552,True,False,True,False
19.09806824,72.91983032,True,False,False,True
19.05407524,72.90532684,True,False,True,False
19.10443115,72.89833069,True,False,True,True
19.11713028,72.89370728,True,False,True,True
19.23074341,72.96775055,True,False,True,True
19.24113846,72.97034454,True,False,True,True
19.22644043,72.98209381,True,False,True,False
19.22410393,72.95948029,True,False,True,True
19.05024719,72.89205933,True,False,True,False
19.1939106,72.84563446,True,True,True,False
19.06451797,72.89404297,True,False,True,False
19.22167778,72.97745514,True,True,True,False
19.282547,72.95368195,True,False,True,False
19.05873108,72.89041138,True,False,True,False
19.14851189,72.93953705,True,False,True,False
19.11580086,72.91095734,True,True,True,True
19.11564827,72.8924942,True,False,True,True
19.07992172,72.88587189,True,False,True,False
19.10857773,73.00061035,True,False,True,False
19.22886276,72.9825058,True,False,True,False
19.14546204,72.99462128,True,False,True,False
19.04962349,72.90715027,True,False,True,False
19.0873661,73.00589752,True,False,True,False
19.10916328,73.00343323,True,False,True,False
19.11619377,72.91274261,True,True,True,True
19.09516907,72.82808685,True,False,True,False
19.10569191,72.8254776,True,False,True,False
19.14296341,72.82502747,True,True,True,False
19.1300869,72.82094574,True,True,True,False
19.10926437,72.83470154,True,False,True,True
19.10879707,72.82907867,True,False,True,True
19.11480522,72.8692627,True,False,True,False
18.97986221,73.02358246,True,False,True,False
19.12058449,72.89415741,True,False,True,False
19.11154556,72.90105438,True,True,True,True
19.11899948,72.91719055,True,True,True,True
19.11408043,72.90633392,True,True,True,True
19.11891556,72.91171265,True,True,True,True
19.12042046,72.91013336,True,True,True,True
19.11625862,72.91133881,True,True,True,True
19.11903191,72.8947525,True,True,True,True
19.11554909,72.90008545,True,True,True,True
19.10985184,72.89914703,True,False,True,True
19.11634064,72.91352081,True,True,True,True
19.11888885,72.90911865,True,True,True,True
19.12086487,72.8979187,True,True,True,True
19.11870575,72.91014862,True,True,True,True
19.11819839,72.90802765,True,True,True,True
19.11624718,72.90150452,True,True,True,True
19.1196804,72.89414978,True,False,True,False
19.11923027,72.91072083,True,True,True,True
19.1127758,72.89860535,True,True,True,True
19.12099457,72.91236877,True,True,True,True
19.10995293,72.89769745,True,False,True,True
19.12459946,72.91601562,True,True,True,True
19.11504745,72.91234589,True,True,True,True
19.11705971,72.89162445,True,False,True,False
19.12256432,72.89339447,True,False,True,False
19.11445427,72.90411377,True,True,True,True
19.21018028,72.82280731,True,False,True,False
19.08271599,72.83628082,True,False,True,False
19.0618,72.85441589,True,False,True,False
19.07983017,72.85529327,True,False,True,False
19.07526779,72.85012054,True,False,True,False
19.13225174,72.93518829,True,True,True,False
19.2016964,72.82946777,True,True,True,False
19.15676117,72.87097168,True,False,True,True
19.30349541,72.83396149,False,False,True,False
19.47068214,72.80867767,False,False,False,False
26.87819672,80.95142365,False,False,False,False
19.25348473,73.10418701,False,False,True,False
19.07441521,72.86354065,True,False,True,False
19.14432335,72.9967804,True,False,True,False
19.13683128,72.86800385,True,False,True,True
19.0428257,73.07227325,True,False,True,False
19.07358932,72.86816406,True,False,True,False
19.17734146,72.87755585,True,False,True,False
19.17799377,72.87650299,True,False,True,False
19.13594818,72.86940002,True,False,True,True
19.12830925,72.8639679,True,False,True,False
19.04930115,73.07510376,True,False,True,False
19.0587368,72.84471893,True,False,True,False
19.1772995,72.87310791,True,False,True,False
19.04742622,73.08149719,True,False,True,False
19.1027832,73.01050568,True,False,True,False
19.07684135,72.99853516,True,True,True,False
19.03763771,73.10301971,True,False,True,False
19.03822327,73.09173584,True,False,True,False
19.04868889,73.07923126,True,False,True,False
19.05342484,73.06720734,True,False,True,False
19.07385063,72.86419678,True,False,True,False
19.07279396,72.86384583,True,False,True,False
19.16921997,72.83662415,True,True,True,False
19.04360962,72.89143372,True,False,True,False
19.07053185,73.08592987,True,False,True,False
19.04445076,73.08089447,True,False,True,False
19.07212448,72.86820221,True,False,True,False
19.07246017,72.86375427,True,False,True,False
19.06877136,72.87628937,True,False,True,False
19.06987572,72.87733459,True,False,True,False
19.05111313,73.07460785,True,False,True,False
19.07627678,72.86540222,True,False,True,False
19.05305481,72.90200043,True,False,True,False
19.06895256,73.08503723,True,False,True,False
19.07188797,73.0789566,True,False,True,False
19.07687569,72.85752106,True,False,True,False
23.42931938,85.32411957,False,False,False,False
19.03277397,73.06814575,True,False,True,False
19.17740822,72.95456696,True,True,True,False
19.04962349,73.07437897,True,False,True,False
19.07535553,72.86112213,True,False,True,False
19.07531738,72.84923553,True,False,True,False
19.06706429,72.85186768,True,False,True,False
19.04328537,72.90474701,True,False,True,True
19.04623985,73.06303406,True,False,True,False
18.97682762,72.83912659,True,False,True,False
19.04526329,73.06256104,True,False,True,False
19.04904556,73.06382751,True,False,True,False
19.07038116,73.08075714,True,False,True,False
19.04980278,73.07408142,True,False,True,False
19.06645775,73.06904602,True,False,True,False
19.05766106,72.91059113,True,False,True,False
19.18260765,72.96127319,True,True,True,False
19.17523766,72.87052917,True,False,True,False
19.12996101,72.85632324,True,False,True,False
19.04444313,73.0790863,True,False,True,False
19.0345726,73.06755829,True,False,True,False
19.04390335,73.07848358,True,False,True,False
19.0737381,73.07472992,True,False,True,False
19.05443382,72.90036011,True,False,True,False
19.04881859,73.07318115,True,False,True,False
19.17204857,72.87194824,True,False,True,False
19.05035782,73.07202911,True,False,True,False
19.0466671,73.08078003,True,False,True,False
19.17634773,72.87322235,True,False,True,False
19.04128265,73.07174683,True,False,True,False
19.04788971,73.07809448,True,False,True,False
19.12765121,72.86154175,True,False,True,False
19.03845215,73.09728241,True,False,True,False
19.04789543,72.91614532,True,False,True,True
19.16893959,72.83577728,True,True,True,False
19.16910744,72.83631897,True,True,True,False
19.16913414,72.84459686,True,True,True,False
19.16851997,72.84217072,True,True,True,False
19.04979515,73.07844543,True,False,True,False
19.03645325,73.0897522,True,False,True,False
19.22370911,72.84122467,True,True,True,False
19.14399147,72.99369049,True,False,True,False
19.14605331,72.99641418,True,False,True,False
19.14306068,72.82511139,True,True,True,False
19.13191223,72.83450317,True,True,True,True
19.07924843,72.853508,True,False,True,False
19.02000999,73.08602905,True,False,True,False
19.14061737,72.81022644,False,False,True,False
19.14341927,72.99730682,True,False,True,False
19.23393059,72.98840332,True,False,True,False
19.1905899,72.86213684,True,True,True,False
19.26536179,73.13453674,False,False,False,False
19.16839409,72.84095001,True,True,True,False
19.06097031,73.01056671,True,True,True,False
19.05822372,73.0134964,True,True,True,False
19.4112854,72.78408813,False,False,False,False
19.25576591,73.13948059,False,False,False,False
19.12416077,72.84096527,True,True,True,True
19.26743126,73.12126923,False,False,False,False
19.13689232,72.82938385,True,True,True,False
19.03473663,73.05744171,True,False,True,False
19.02899742,73.06309509,True,False,True,False
19.04157448,73.06394196,True,False,True,False
19.03532791,73.067276,True,False,True,False
19.19865036,73.00214386,True,False,True,True
19.12727356,72.82556152,True,True,True,True
19.25506401,73.14311218,False,False,False,False
19.24366951,73.12358093,False,False,False,False
19.25399971,73.13456726,False,False,False,False
19.24463654,73.12352753,False,False,False,False
19.11358261,72.84261322,True,False,True,True
19.05493736,73.01587677,True,True,True,False
19.05559349,73.01509094,True,True,True,False
19.12986374,72.83755493,True,True,True,True
18.97127914,73.01783752,True,False,True,False
19.04450607,73.07069397,True,False,True,False
19.03798676,73.06668854,True,False,True,False
19.0581398,73.08119202,True,False,True,False
19.07247925,73.0797348,True,False,True,False
19.0718174,73.07794189,True,False,True,False
19.26477242,73.13123322,False,False,False,False
19.23395538,72.98749542,True,False,True,False
18.97544861,73.02937317,True,False,True,False
19.09667587,72.8575058,True,False,True,False
19.25686646,73.14007568,False,False,False,False
19.14806557,72.92578888,True,False,True,True
18.9894104,72.82932281,True,False,True,False
19.11856461,72.99215698,True,False,True,False
19.12237549,72.99855804,True,False,True,False
19.09690285,72.8265686,True,False,True,False
19.10977173,72.85826874,True,False,True,False
19.46860313,72.79941559,False,False,False,False
19.14067841,72.81233215,False,False,True,False
19.21079445,73.01342773,True,False,True,False
19.15122414,72.82866669,True,True,True,False
19.25602722,72.97692108,True,False,True,False
19.06999969,72.83000183,True,False,True,False
19.27337646,72.87338257,True,True,True,False
19.06728935,72.89926147,True,False,True,False
19.10761261,72.8992157,True,False,True,True
19.00398636,73.01650238,True,True,True,False
19.10704422,72.86820221,True,False,True,False
19.06040573,72.82672119,True,False,True,False
19.07322884,72.83232117,True,False,True,False
19.06962967,72.82893372,True,False,True,False
19.0515728,72.83463287,True,False,True,False
19.05765533,72.83065796,True,False,True,False
19.06867599,72.83633423,True,False,True,False
19.15149117,73.07994843,True,False,True,False
19.15905571,73.115242,False,False,True,False
19.04387093,73.06230164,True,False,True,False
19.13327599,72.93379211,True,True,True,True
19.1168251,72.87012482,True,False,True,False
19.15316391,72.87567139,True,False,True,True
19.01791573,73.09322357,True,False,True,False
19.12870407,72.83263397,True,True,True,True
19.13791656,72.81115723,False,False,True,False
19.15411758,72.84352112,True,True,True,False
19.11009979,73.00070953,True,False,True,False
19.15037727,72.84749603,True,True,True,False
19.2561245,73.13549805,False,False,False,False
19.14055443,72.83118439,True,True,True,False
19.12628365,72.8326416,True,True,True,True
19.19696999,72.8759079,True,True,False,False
19.17316628,72.96511841,True,True,True,False
19.12485886,73.00468445,True,False,True,False
19.14286423,72.99062347,True,False,True,False
19.00620651,73.01461792,True,True,True,False
19.21541214,72.83696747,True,False,True,False
19.00232315,72.82753754,True,True,True,False
19.01035881,72.83055115,True,True,True,False
19.05360985,72.88645935,True,False,True,False
19.06233406,72.89425659,True,False,True,False
19.0024128,72.82653809,True,True,True,False
19.25799751,72.97820282,True,False,True,False
19.25801277,72.97825623,True,False,True,False
19.25621605,72.98490143,True,False,True,False
19.25847244,72.9842453,True,False,True,False
19.26366806,72.9796524,True,False,True,False
19.26374054,72.97973633,True,False,True,False
19.02579117,73.08976746,True,False,True,False
19.02604675,73.09063721,True,False,True,False
19.01439095,73.09449005,True,False,True,False
19.02183342,73.08637238,True,False,True,False
19.12586975,72.84249115,True,True,True,True
19.12509918,72.93358612,True,True,True,True
19.26945305,72.88064575,True,True,True,False
19.11796951,72.99695587,True,False,True,False
19.11912727,73.00679016,True,False,True,False
19.10673523,73.01082611,True,False,True,False
19.11301613,73.00727081,True,False,True,False
19.11886406,73.00686646,True,False,True,False
19.08991432,72.90174866,True,False,True,False
19.15221214,72.88626099,False,False,True,True
19.20919228,73.09050751,True,False,True,False
19.21289635,73.09632111,True,False,True,False
19.23759651,72.97093201,True,False,True,True
19.20772552,73.11164093,True,False,True,False
19.22686768,72.97250366,True,False,True,True
19.13873291,72.84063721,True,True,True,False
19.10470772,72.89698029,True,False,True,True
19.0399704,73.07698059,True,False,True,False
19.03955269,73.06789398,True,False,True,False
19.07026482,73.06941223,True,False,True,False
19.03665733,73.05966949,True,False,True,False
19.05057526,73.06804657,True,False,True,False
19.04971313,73.06507874,True,False,True,False
19.04318047,73.0664978,True,False,True,False
19.05057907,73.0680542,True,False,True,False
19.05057716,73.06804657,True,False,True,False
19.0435276,73.06318665,True,False,True,False
19.11634254,72.83181763,True,True,True,True
19.15038681,72.84749603,True,True,True,False
19.14983749,72.84687805,True,True,True,False
19.14983749,72.84683228,True,True,True,False
19.14964294,72.84712982,True,True,True,False
19.1503849,72.8474884,True,True,True,False
19.15022278,72.84762573,True,True,True,False
19.15022278,72.8476181,True,True,True,False
19.15019798,72.84761047,True,True,True,False
19.14984894,72.84686279,True,True,True,False
19.15412903,72.84346771,True,True,True,False
19.26140785,73.12130737,False,False,False,False
19.14524841,73.04563904,True,False,True,True
19.15661049,73.0639801,True,False,True,False
19.14521408,73.04563141,True,False,True,True
19.47031784,72.7999649,False,False,False,False
19.48460579,72.78666687,False,False,False,False
19.17808533,72.96029663,True,True,True,False
19.13874435,72.81476593,True,True,True,False
19.13927841,72.81475067,True,True,True,False
19.14082718,72.81272888,True,False,True,False
19.1433239,73.04677582,True,False,True,True
19.00629807,73.10330963,True,False,True,False
19.47192574,72.80041504,False,False,False,False
19.14520454,73.04562378,True,False,True,True
19.00634956,73.10275269,True,False,True,False
19.15051651,72.84674835,True,True,True,False
19.14982986,72.84686279,True,True,True,False
19.15058517,72.84673309,True,True,True,False
19.15036964,72.8474884,True,True,True,False
19.11885071,73.00692749,True,False,True,False
19.03713226,73.00855255,True,False,True,False
19.21320915,73.08672333,False,False,True,False
18.97218895,73.0164032,True,False,True,False
18.96730042,73.01540375,True,False,True,False
18.97512245,73.05290222,True,False,True,False
19.05956078,72.82952881,True,False,True,False
18.97351646,73.01733398,True,False,True,False
18.97139168,73.01264954,False,False,True,False
18.98565674,73.02648926,True,False,True,False
18.97071648,73.01301575,True,False,True,False
18.97175789,73.01626587,True,False,True,False
18.97277069,72.81299591,True,True,True,False
19.16876793,72.83560181,True,True,True,False
19.10214233,72.91384125,True,False,False,True
19.19087029,72.86130524,True,True,True,False
19.05125999,73.07674408,True,False,True,False
19.22662354,72.97582245,True,False,True,False
19.10175705,72.91075134,True,False,False,True
19.16797638,72.95916748,True,True,True,False
19.0743084,72.86810303,True,False,True,False
19.12496376,72.9168396,True,True,True,True
19.11456108,72.89637756,True,True,True,True
19.07842636,72.85665894,True,False,True,False
19.12283516,72.91300201,True,True,True,True
19.12494469,72.91692352,True,True,True,True
19.07556152,72.85774994,True,False,True,False
19.17123795,72.94036865,True,True,True,True
19.10622025,72.89893341,True,False,True,True
19.1227951,72.91296387,True,True,True,True
19.12325668,72.91281128,True,True,True,True
19.12279129,72.9129715,True,True,True,True
18.9363308,73.18986511,False,False,False,False
18.91738319,73.19842529,False,False,False,False
19.69177055,72.77097321,False,False,False,False
18.97014046,73.01754761,True,False,True,False
18.91041183,72.82020569,True,False,True,False
18.91054344,72.82027435,True,False,True,False
18.91048622,72.82016754,True,False,True,False
18.91077805,72.82048798,True,False,True,False
18.93436432,72.82583618,True,True,True,False
18.91053963,72.82024384,True,False,True,False
18.91078949,72.82073975,True,False,True,False
18.91612053,72.82676697,True,True,True,False
18.91041946,72.82019043,True,False,True,False
18.91856384,72.82546234,True,True,True,False
18.91079903,72.82047272,True,False,True,False
18.9187355,72.83003998,True,True,True,False
19.28962708,72.87622833,True,False,True,False
19.29994774,72.87439728,True,False,True,False
19.07680702,72.83995056,True,False,True,False
19.19815063,72.87384033,True,True,False,False
19.19954109,72.87702179,True,True,False,False
19.19454956,72.87233734,True,True,True,False
19.12702942,72.83228302,True,True,True,True
18.91166878,72.8228302,True,False,True,False
19.05729103,72.90239716,True,False,True,False
19.06189346,72.89530945,True,False,True,False
19.05508041,72.83100891,True,False,True,False
19.14554596,72.85346985,True,False,True,False
18.97022629,73.01915741,True,False,True,False
18.97488022,73.05581665,True,False,True,False
19.11925888,73.00700378,True,False,True,False
19.12447357,73.00479889,True,False,True,False
19.12031364,72.99881744,True,False,True,False
19.12514305,73.00463104,True,False,True,False
19.11910248,73.00672913,True,False,True,False
19.12783623,72.81794739,True,True,True,False
19.18902206,72.96759033,True,True,True,False
19.17752266,72.96000671,True,True,True,False
19.46089935,72.81815338,False,False,False,False
19.40488052,72.83856964,False,False,False,False
19.14726257,72.93522644,True,False,True,True
19.29249954,72.87176514,True,False,True,False
19.05563354,72.82538605,True,False,True,False
19.07835579,72.83985901,True,False,True,False
19.08450127,72.83721161,True,False,True,False
19.06676865,72.83115387,True,False,True,False
19.08839989,72.83769226,True,False,True,False
19.0450058,72.82017517,True,False,True,False
19.05952263,72.83078766,True,False,True,False
19.06830025,72.82364655,True,False,True,False
18.92134094,73.19820404,False,False,False,False
19.1144886,72.8962326,True,False,True,True
18.97066498,73.01450348,True,False,True,False
19.21473885,72.98933411,True,True,True,False
19.17394066,72.94203949,True,True,True,True
19.1433239,73.04497528,True,False,True,True
19.14524651,73.04523468,True,False,True,True
19.06116676,72.82977295,True,False,True,False
19.07229614,72.83082581,True,False,True,False
19.05788231,72.8249588,True,False,True,False
18.95201683,72.8363266,True,True,True,False
19.10146523,72.82805634,True,False,True,False
19.07073975,72.83628082,True,False,True,False
19.05868912,72.8225708,True,False,True,False
19.25235367,72.85125732,True,False,True,True
19.01250458,73.09145355,True,False,True,False
19.01634407,73.09550476,True,False,True,False
19.07730484,73.07568359,True,False,True,False
19.07547379,72.83792114,True,False,True,False
19.19767189,72.81980133,True,False,True,False
19.16864586,72.84247589,True,True,True,False
19.16920471,72.84524536,True,True,True,False
19.16932297,72.84515381,True,True,True,False
19.05433083,73.07266998,True,False,True,False
19.09981346,73.00895691,True,False,True,False
19.03626633,73.09143066,True,False,True,False
19.03972244,73.0954895,True,False,True,False
19.03602791,73.09107208,True,False,True,False
19.03564453,73.09230804,True,False,True,False
19.03598404,73.09338379,True,False,True,False
19.11759949,72.90907288,True,True,True,True
19.19519424,72.96289825,True,True,True,False
19.18892288,72.96302795,True,True,True,False
19.19579315,72.96469879,True,True,True,False
19.20230675,72.82356262,True,False,True,False
19.21675301,72.99372864,True,False,True,False
19.19001007,72.96786499,True,True,True,False
19.19521523,72.96303558,True,True,True,False
19.19083977,72.97228241,True,True,True,False
19.19024658,72.96781921,True,True,True,False
19.36510086,72.86039734,False,False,False,False
19.28126717,72.95166016,True,False,True,False
19.26326942,72.87560272,True,True,True,False
19.2934227,72.87831879,True,False,True,False
19.28299713,72.88573456,True,False,True,False
19.27640724,72.88571167,True,True,True,False
19.26652908,72.87171173,True,True,True,False
19.28744507,72.87618256,True,False,True,False
19.29012489,72.87606812,True,False,True,False
19.29012489,72.87599182,True,False,True,False
19.2820816,72.8765564,True,False,True,False
19.26466942,72.8784256,True,True,True,False
19.26166916,72.87430573,True,True,True,False
19.27368927,72.86976624,True,True,True,False
19.28604317,72.87023163,True,False,True,False
19.28123665,72.87892914,True,False,True,False
19.27972221,72.88388824,True,False,True,False
19.28332329,72.88627625,True,False,True,False
19.28781509,72.86935425,True,False,True,False
19.28136444,72.88446045,True,False,True,False
19.27293587,72.88097382,True,True,True,False
19.2818985,72.88632965,True,False,True,False
19.12278938,72.91297913,True,True,True,True
19.12277412,72.91293335,True,True,True,True
19.1203022,72.89926147,True,True,True,True
19.18938255,72.96760559,True,True,True,False
19.22325134,72.96419525,True,True,True,True
19.06566429,72.82707977,True,False,True,False
19.01296425,73.02244568,True,True,True,False
19.58354378,73.3866806,False,False,False,False
19.18997192,73.0427475,False,False,True,False
19.22291374,72.98842621,True,False,True,False
19.21265221,72.98867035,True,True,True,False
19.1959095,72.9646225,True,True,True,False
19.19586372,72.96472931,True,True,True,False
19.22629738,72.96929932,True,False,True,True
19.14526939,72.8306427,True,True,True,False
19.19696426,72.84853363,True,True,True,False
19.26498795,72.9720459,True,False,True,False
19.26770592,72.97130585,True,False,True,False
19.17686081,72.85383606,True,True,True,False
19.17262268,72.87081146,True,False,True,False
19.16975403,72.83875275,True,True,True,False
19.29854774,72.86050415,True,False,True,False
19.15102959,72.89043427,False,False,True,True
19.15105629,72.88568115,False,False,True,True
19.12613869,72.82546234,True,True,True,True
19.14338493,72.82459259,True,True,True,False
19.1078949,72.82891083,True,False,True,True
19.15210342,72.83035278,True,True,True,False
19.20962715,72.98136139,True,True,True,False
19.1396637,72.86990356,True,False,True,True
19.02149963,72.8375473,True,True,True,False
19.11654472,72.87200165,True,False,True,False
19.12444687,72.86378479,True,False,True,False
19.12395096,72.86105347,True,False,True,False
19.12842369,72.81876373,True,True,True,False
19.16191292,73.0453949,True,False,True,False
19.15540886,72.88598633,False,False,True,True
19.1172924,72.8841095,True,False,True,False
19.15793419,72.99347687,True,False,True,False
19.16000748,72.99343872,True,False,True,False
19.15964699,72.99078369,True,False,True,False
19.18841743,73.08371735,True,False,True,False
19.20936394,73.09390259,True,False,True,False
19.36641502,72.82137299,False,False,False,False
19.21278954,72.95993805,True,True,True,False
19.23326492,72.97569275,True,False,True,True
19.36323929,72.85987091,False,False,False,False
19.36274338,72.85929871,False,False,False,False
19.35957909,72.85820007,False,False,False,False
19.20537186,72.9597168,True,True,True,False
19.22191429,72.96641541,True,True,True,True
19.2227726,72.97317505,True,True,True,False
19.18913078,72.96363068,True,True,True,False
19.16619682,73.04575348,True,False,True,False
19.13915443,72.82833862,True,True,True,False
19.26537704,72.97238922,True,False,True,False
19.25333786,72.97263336,True,False,True,False
19.25627136,72.97373962,True,False,True,False
19.25942039,72.96585846,True,False,True,False
19.26477814,72.96714783,True,False,True,False
19.37060547,72.80923462,False,False,False,False
19.25854492,72.85076141,True,False,True,True
19.11367607,72.89700317,True,True,True,True
19.25876808,72.98666382,True,False,True,False
19.11481285,72.90932465,True,True,True,True
18.99811935,72.81504822,True,False,True,False
19.36698532,72.86917877,False,False,False,False
19.21240234,73.09454346,True,False,True,False
19.20391846,73.09927368,True,False,True,False
19.21178436,73.09603882,True,False,True,False
19.21087646,73.10479736,True,False,True,False
19.11781311,72.99448395,True,False,True,False
18.53321648,73.83097076,False,False,False,False
19.20085716,72.86756897,True,True,True,False
19.20157623,72.87600708,True,True,False,False
19.19815254,72.87229919,True,True,False,False
19.19026947,72.96784973,True,True,True,False
19.18922234,72.96940613,True,True,True,False
19.19527245,72.96307373,True,True,True,False
19.17359161,72.86934662,True,False,True,False
19.19338989,72.85915375,True,True,True,False
19.17182732,72.87014008,True,False,True,False
19.16916656,72.87172699,True,False,True,False
18.98202515,73.03182983,True,False,True,False
18.9796524,73.0342865,True,False,True,False
18.98084068,73.03084564,True,False,True,False
18.97663498,73.03266907,True,False,True,False
19.28188324,72.88626099,True,False,True,False
19.27980042,72.88249969,True,False,True,False
19.29121017,72.86071777,True,False,True,False
19.28417206,72.88123322,True,False,True,False
19.28910446,72.86850739,True,False,True,False
19.29339027,72.86540222,True,False,True,False
19.2830143,72.87870026,True,False,True,False
19.28289413,72.87917328,True,False,True,False
19.28219795,72.88488007,True,False,True,False
19.29725838,72.86573792,True,False,True,False
19.28695679,72.86962891,True,False,True,False
19.28972054,72.86604309,True,False,True,False
19.11178398,72.89842987,True,True,True,True
18.98712158,72.8290329,True,False,True,False
19.12995338,72.83454895,True,True,True,True
18.99590683,72.82880402,True,False,True,False
19.23558235,72.84405518,True,True,True,True
19.15340042,72.88674164,False,False,True,True
19.15294075,72.8865509,False,False,True,True
19.01372337,73.02217865,True,True,True,False
19.01610565,73.01616669,True,True,True,False
19.01244736,73.01242065,True,True,True,False
19.01483536,73.02342224,True,True,True,False
19.01258278,73.02320862,True,True,True,False
19.0147934,73.0233078,True,True,True,False
19.01479912,73.02328491,True,True,True,False
19.09591103,72.99804688,True,False,True,False
19.19563866,72.86850739,True,True,True,False
19.44324493,72.80575562,False,False,False,False
19.01293373,73.15991211,True,False,True,False
19.2564106,72.99015045,True,False,True,False
19.34781075,72.87174988,False,False,False,False
19.35971642,72.85686493,False,False,False,False
19.36453438,72.86127472,False,False,False,False
19.16778564,72.84686279,True,True,True,False
19.46629333,72.8008194,False,False,False,False
19.11548805,72.88269806,True,False,True,False
19.00203514,72.84919739,True,False,True,False
19.39898872,72.840065,False,False,False,False
19.40688133,72.84757233,False,False,False,False
19.40829849,72.84578705,False,False,False,False
19.12130547,72.82369995,True,True,True,True
19.12641144,72.82249451,True,True,True,True
19.12084579,72.82424164,True,True,True,True
19.12229729,72.82559204,True,True,True,True
19.12837791,72.82110596,True,True,True,False
19.12791443,72.8188858,True,True,True,False
19.12750053,72.81898499,True,True,True,False
19.13641548,72.81147766,False,True,True,False
19.12891579,72.83842468,True,True,True,True
19.22576714,72.99422455,True,False,True,False
19.40968132,72.8368988,False,False,False,False
19.41152573,72.84896851,False,False,False,False
19.12368774,72.82952881,,,,
21.17456245,79.04459381,False,False,False,False
21.10795593,79.07183075,False,False,False,False
21.16840172,79.01312256,False,False,False,False
21.10347176,79.07408905,False,False,False,False
21.22462845,78.98709106,False,False,False,False
21.15748024,79.06723785,False,False,False,False
21.11568451,79.06869507,False,False,False,False
21.10386276,79.05102539,False,False,False,False
19.11858177,72.82878113,True,True,True,True
19.17831421,72.87186432,True,True,True,False
19.19519234,72.96315002,True,True,True,False
19.12821579,72.86928558,True,False,True,False
19.19529152,72.87622833,True,True,False,False
19.17361641,72.94251251,True,True,True,True
19.15002823,72.93054199,True,False,True,True
19.24913406,72.84872437,True,False,True,True
19.35858154,72.85855865,False,False,False,False
18.99154091,72.84139252,True,False,True,False
19.26244545,73.13493347,False,False,False,False
19.26094437,73.13653564,False,False,False,False
19.25645828,73.13584137,False,False,False,False
19.26071167,73.14162445,False,False,False,False
19.36036682,72.85797119,False,False,False,False
19.36037445,72.85797119,False,False,False,False
19.36036873,72.85797119,False,False,False,False
19.17343903,72.94037628,True,True,True,True
19.23566628,72.86286163,True,True,True,True
19.21152687,72.83187866,True,False,True,False
19.0596962,72.8265686,True,False,True,False
19.12950706,72.85144043,True,False,True,True
18.97465897,73.11180878,True,True,True,False
18.97457123,73.10448456,True,False,True,False
19.26090813,72.97863007,True,False,True,False
19.21141052,72.98690033,True,True,True,False
19.24021149,72.99583435,True,False,True,False
19.14150429,72.83450317,True,True,True,False
19.05903435,72.8302536,True,False,True,False
19.06438255,72.98899078,True,True,True,False
19.27209091,72.88573456,True,True,True,False
19.2720871,72.88573456,True,True,True,False
19.16145515,72.99312592,True,False,True,False
19.12223244,72.86806488,True,False,True,False
19.36343765,72.86302948,False,False,False,False
19.36005211,72.85678864,False,False,False,False
18.97302818,73.10897064,True,True,True,False
18.97214127,73.11000824,True,True,True,False
18.97499657,73.10592651,True,False,True,False
19.17184639,72.84577942,True,True,True,False
19.12399673,72.9980545,True,False,True,False
19.05143738,73.07290649,True,False,True,False
19.03163338,73.06708527,True,False,True,False
19.04786301,73.06852722,True,False,True,False
19.03282738,73.07387543,True,False,True,False
19.01551437,73.01852417,True,True,True,False
19.04534531,72.91001892,True,False,True,True
19.05800629,72.9004364,True,False,True,False
19.05535316,72.88937378,True,False,True,False
19.04785728,72.9151535,True,False,True,True
19.04891014,73.06781006,True,False,True,False
19.21784973,72.98886871,True,False,True,False
19.21739388,72.98554993,True,True,True,False
19.21688843,72.99127197,True,False,True,False
19.10612106,72.82601929,True,False,True,False
19.06879044,72.82737732,True,False,True,False
19.25968933,73.13945007,False,False,False,False
19.26518631,73.13746643,False,False,False,False
19.22686195,72.86437988,True,True,True,False
18.97758865,73.10082245,True,False,True,False
19.10585594,72.91746521,True,True,False,True
19.08087349,72.83625031,True,False,True,False
19.01490974,73.04190826,True,False,True,False
19.02348518,73.0384903,True,False,True,False
19.18646049,72.83118439,True,True,True,False
18.96750069,73.01538849,True,False,True,False
19.06088638,72.84735107,True,False,True,False
19.22044373,72.86213684,True,True,True,False
19.11989021,73.00995636,True,False,True,False
19.11891937,72.99397278,True,False,True,False
19.09443855,73.00896454,True,False,True,False
19.23609924,72.83381653,True,False,True,False
19.23134422,72.84638977,True,True,True,True
19.24896431,72.85482025,,,,
19.06555176,72.89429474,True,False,True,False
19.42544556,72.81661224,False,False,False,False
19.41975594,72.81576538,False,False,False,False
19.06009293,72.83030701,True,False,True,False
19.09774208,72.85029602,True,False,True,False
19.16825485,72.8529892,True,True,True,False
19.10050774,72.84749603,True,False,True,False
18.95427322,72.80132294,True,True,True,False
18.97393608,72.80551147,True,True,True,False
18.95891762,72.81240082,True,True,True,False
19.11607552,73.00608826,True,False,True,False
19.13016319,72.99938202,True,False,True,False
19.11493874,73.00551605,True,False,True,False
19.10331154,73.00547791,True,False,True,False
19.04992294,72.90982056,True,False,True,False
19.21996117,72.86444092,True,True,True,False
19.21984673,72.86177063,True,True,True,False
19.22908783,72.86087036,True,True,True,True
19.01380157,73.10284424,True,False,True,False
18.98332977,73.10197449,True,True,True,False
19.2360878,72.86049652,True,True,True,True
19.21999931,72.86000061,True,True,True,False
19.20780563,72.82957458,True,False,True,False
19.18119812,72.86160278,True,True,True,False
19.17658234,72.86328125,True,True,True,False
19.20769882,73.11167145,True,False,True,False
19.20571518,73.09552765,True,False,True,False
19.20543861,73.09545135,True,False,True,False
19.21064949,73.09201813,True,False,True,False
19.20868111,73.09803772,True,False,True,False
19.22420692,73.1000061,True,False,True,False
19.19506645,73.09049988,True,False,True,False
19.12964439,72.99658203,True,False,True,False
19.2303257,73.11384583,True,False,True,False
19.22255325,72.85861969,True,True,True,False
19.22075844,72.85770416,True,True,True,False
19.22208595,72.86083984,True,True,True,False
19.22131157,72.85739899,True,True,True,False
19.18950081,72.94877625,True,True,True,True
19.0124855,73.03336334,True,False,True,False
19.14496231,72.94623566,True,False,True,False
19.20386887,72.82038879,True,False,True,False
19.18503952,72.81951141,True,True,True,False
19.23329735,72.86278534,True,True,True,True
19.10760689,72.8992157,True,False,True,True
19.14850998,72.94291687,True,False,True,False
19.13909912,72.93654633,True,False,True,True
19.15027237,72.94711304,True,False,True,False
19.07289696,73.07741547,True,False,True,False
19.05172348,73.07276917,True,False,True,False
19.00215721,72.84157562,True,False,True,False
19.12863541,72.842659,True,True,True,True
19.14883804,72.82988739,True,True,True,False
19.15035629,72.83569336,True,True,True,False
19.06731033,72.82647705,True,False,True,False
18.96696472,73.01980591,True,False,True,False
19.11169052,72.92162323,True,True,True,True
19.22451973,72.86052704,True,True,True,False
19.2126503,72.9861145,True,True,True,False
19.09826851,72.82744598,True,False,True,False
19.12306786,73.00344849,True,False,True,False
19.10780334,72.82821655,True,False,True,True
19.12616158,72.99758911,True,False,True,False
19.09006119,72.91701508,True,False,False,False
19.11924934,73.02577209,True,False,True,True
19.16810036,73.07397461,True,False,True,False
19.05451012,72.89835358,True,False,True,False
19.10988808,73.00279999,True,False,True,False
19.11912918,73.00015259,True,False,True,False
19.03771019,72.84046936,True,False,True,False
19.06182289,72.83197784,True,False,True,False
19.12163925,72.88522339,True,False,True,False
19.11824036,72.99440002,True,False,True,False
19.12528038,72.9990387,True,False,True,False
19.11730194,72.88404083,True,False,True,False
19.07708931,72.95559692,False,False,True,False
19.20246506,72.82470703,True,False,True,False
19.11830139,72.99414825,True,False,True,False
19.19611931,72.83595276,True,True,True,False
19.12911034,72.99610901,True,False,True,False
19.13183212,72.83072662,True,True,True,True
19.12961578,72.93227386,True,True,True,True
19.1656971,72.83633423,True,True,True,False
19.02456284,73.08798981,True,False,True,False
19.28341484,72.88877869,True,False,True,False
19.28027725,72.88612366,True,False,True,False
19.43014336,72.81072998,False,False,False,False
19.05621338,72.90248108,True,False,True,False
19.04411888,72.89853668,True,False,True,False
19.16656113,73.23669434,False,False,False,False
19.10852814,72.83081818,True,False,True,True
19.13266945,72.85889435,True,False,True,False
19.10225296,72.82697296,True,False,True,False
19.40540504,72.75317383,False,False,False,False
19.17848206,72.83987427,True,True,True,False
19.25287247,72.8502655,True,False,True,True
19.25052834,72.8484726,True,False,True,True
19.16249847,72.83969879,True,True,True,False
18.97902489,73.02609253,True,False,True,False
19.04832649,72.91680908,True,False,True,False
19.17317009,72.86012268,True,True,True,False
18.99174881,72.84083557,True,False,True,False
19.0669899,72.8945694,True,False,True,False
19.15792465,73.07858276,True,False,True,False
19.0532341,73.0072403,True,True,True,False
19.12234116,72.86753845,True,False,True,False
19.12844658,72.93025208,True,True,True,True
19.06106186,72.8347168,True,False,True,False
19.22584152,72.99420166,True,False,True,False
19.14501762,72.82588196,True,True,True,False
19.17693901,73.07203674,True,False,True,False
19.01124573,73.01848602,True,True,True,False
19.21303558,72.86557007,True,True,False,False
19.03855705,73.00894928,True,False,True,False
19.03273392,72.89628601,True,False,True,False
19.24791908,73.15251923,False,False,False,False
19.11814308,72.88335419,True,False,True,False
19.06744576,72.831604,True,False,True,False
19.17053223,72.86499023,True,False,True,False
19.05596924,72.90213776,True,False,True,False
19.20948792,73.01093292,True,False,True,False
19.29329872,72.86969757,True,False,True,False
19.25219917,72.87197876,True,True,True,False
19.21658516,72.86559296,True,True,False,False
19.06072998,72.89917755,True,False,True,False
19.16207123,72.99158478,True,False,True,False
19.2362709,72.87168121,True,True,True,False
19.26158905,72.95728302,True,False,True,True
19.12396812,72.91261292,True,True,True,True
19.22274971,73.08178711,False,False,True,False
19.2383709,72.99481201,True,False,True,False
19.23377609,72.98891449,True,False,True,False
19.18535995,72.97104645,True,False,True,False
19.22405052,72.96396637,True,True,True,True
19.08032036,72.88509369,True,False,True,False
18.95734787,72.80865479,True,True,False,False
17.46821976,78.42687225,False,False,False,False
19.15120697,72.84749603,True,True,True,False
19.02001381,72.83184052,True,True,True,False
19.1426239,72.83071136,True,True,True,False
19.12706566,73.00237274,True,False,True,False
18.89486885,73.19171143,False,False,False,False
18.90357018,73.17067719,False,False,False,False
19.26701164,73.0819931,True,False,True,False
19.06225777,72.82492828,True,False,True,False
18.98327065,72.82579803,True,False,True,False
19.16183662,72.83708191,True,True,True,False
19.12691879,72.83322906,True,True,True,True
19.13508606,72.81461334,True,True,True,False
19.12880707,72.83333588,True,True,True,True
19.13883018,72.80986786,False,False,True,False
19.12917519,72.83668518,True,True,True,True
19.13529968,72.81290436,True,True,True,False
19.13798523,72.81282806,True,True,True,False
19.13797188,72.82723999,True,True,True,False
19.14033508,72.83763123,True,True,True,False
19.12988663,72.83614349,True,True,True,True
19.13695145,72.81660461,True,True,True,False
19.13881683,72.8126297,False,True,True,False
18.88085556,73.16190338,False,False,False,False
18.88459206,73.16992188,False,False,False,False
18.88423347,73.16943359,False,False,False,False
18.89098167,73.19636536,False,False,False,False
18.89548683,73.19187927,False,False,False,False
18.91119385,72.82083893,True,False,True,False
18.99641609,72.82364655,True,False,True,False
19.08460617,72.8438797,True,False,True,False
19.08492088,72.84379578,True,False,True,False
19.17366028,72.87387085,True,False,True,False
19.2040863,72.85447693,True,True,True,False
19.20689011,72.8681488,True,True,False,False
19.20030022,72.86284637,True,True,True,False
19.20139313,72.85879517,True,True,True,False
19.42853355,72.81442261,False,False,False,False
19.12387466,72.99108124,True,False,True,False
19.16319275,72.84197235,True,True,True,False
19.05817223,72.82762909,True,False,True,False
19.11484909,73.00028992,True,False,True,False
19.07043266,72.82911682,True,False,True,False
19.07204819,72.82513428,True,False,True,False
19.20169067,72.83439636,True,True,True,False
19.05612183,72.83197021,True,False,True,False
19.01517296,72.82372284,True,True,True,False
18.95075417,72.80206299,True,False,True,False
19.26938438,72.97092438,True,False,True,False
19.27858353,72.96922302,True,False,True,False
19.01231384,72.82936859,True,True,True,False
19.07809639,72.85581207,True,False,True,False
19.15181923,72.84397125,True,True,True,False
19.26602936,72.97202301,True,False,True,False
19.23064041,72.97132874,True,False,True,True
19.26864624,72.96790314,True,False,True,False
19.25904083,72.97184753,True,False,True,False
19.2271328,72.99668121,True,False,True,False
19.21686745,72.9930954,True,False,True,False
19.28519821,72.94740295,True,False,True,False
19.22886848,72.97798157,True,False,True,False
19.21806526,72.9667511,True,True,True,False
19.26171494,72.97971344,True,False,True,False
19.26420021,72.96038818,True,False,True,False
19.26286888,72.97666168,True,False,True,False
19.22483444,72.96968079,True,True,True,True
19.2728653,72.97156525,True,False,True,False
19.17131424,72.86444855,True,False,True,False
19.1738739,72.87392426,True,False,True,False
19.0833168,72.8532486,True,False,True,False
19.09975624,73.0,True,False,True,False
19.05879021,72.8293457,True,False,True,False
19.06436729,72.89434814,True,False,True,False
19.07351112,72.86617279,True,False,True,False
19.07299232,72.86676025,True,False,True,False
19.07362938,72.8649292,True,False,True,False
19.10100174,73.00590515,True,False,True,False
19.10526657,72.99950409,True,False,True,False
19.10782623,73.00067902,True,False,True,False
19.08519363,72.84516144,True,False,True,False
19.09980965,72.99932098,True,False,True,False
19.0483017,72.82282257,True,False,True,False
18.95226288,73.14863586,True,False,False,False
19.36672783,72.81552124,False,False,False,False
19.09799004,73.00910187,True,False,True,False
19.3706665,72.80860138,False,False,False,False
19.10786247,72.85948181,True,False,True,False
19.06076813,73.08040619,True,False,True,False
19.09716034,72.91742706,True,False,False,True
19.1582737,72.94545746,True,False,True,False
19.46743011,72.80207825,False,False,False,False
19.00379562,72.82748413,True,True,True,False
18.98789024,72.82803345,True,False,True,False
19.24074745,72.8707962,True,False,True,True
19.22372818,72.85921478,True,True,True,False
19.18913269,72.83620453,True,True,True,False
19.17700195,72.83917236,True,True,True,False
19.22639465,72.86008453,True,True,True,False
19.26848221,72.97049713,True,False,True,False
19.1743145,72.83811951,True,True,True,False
19.05565643,72.82774353,True,False,True,False
19.41449928,72.85800171,False,False,False,False
19.06421089,72.82302094,True,False,True,False
19.04832458,72.82084656,True,False,True,False
19.03825188,72.87870026,True,False,True,True
19.25522041,73.1413269,False,False,False,False
18.94564629,72.82355499,True,True,True,False
19.01613617,72.83091736,True,True,True,False
19.25404167,72.86548615,True,True,True,True
19.11630249,73.00468445,True,False,True,False
19.15069008,72.93463135,True,False,True,True
19.15924072,72.93253326,True,False,True,False
19.1655407,72.83707428,True,True,True,False
19.26881409,72.9703598,True,False,True,False
19.11577797,72.87003326,True,False,True,False
19.11804008,72.88634491,True,False,True,False
19.11660004,72.88657379,True,False,True,False
19.07013702,72.82408142,True,False,True,False
19.06122017,72.83004761,True,False,True,False
19.26965141,72.9697876,True,False,True,False
19.26135635,73.13598633,False,False,False,False
19.24520874,73.12499237,False,False,False,False
19.25932312,73.12896729,False,False,False,False
19.25698471,73.1344223,False,False,False,False
19.07017326,72.89566803,True,False,True,False
19.06838036,72.89819336,True,False,True,False
19.15526581,72.85148621,True,True,True,False
19.17432022,72.86387634,True,True,True,False
19.25414085,72.85073853,True,False,True,True
19.10728836,72.86682892,True,False,True,False
19.25187492,72.84875488,True,False,True,True
19.11247253,72.86307526,True,False,True,False
19.0157299,73.01365662,True,True,True,False
19.17672729,72.84113312,True,True,True,False
19.11846924,72.99710846,True,False,True,False
19.17101669,73.11563873,False,False,True,False
19.07111931,72.83309937,True,False,True,False
19.06620789,72.83200073,True,False,True,False
19.11641121,72.87969208,True,False,True,False
19.09498024,72.88595581,True,False,True,False
19.11621284,72.88354492,True,False,True,False
19.12174416,72.88658142,True,False,True,False
19.11958313,72.88167572,True,False,True,False
19.2664547,73.13716125,False,False,False,False
19.26565742,73.13835144,False,False,False,False
19.26392174,73.12128448,False,False,False,False
19.17612267,72.84026337,True,True,True,False
19.222826,72.85998535,True,True,True,False
19.19548035,73.18966675,False,False,False,False
19.14115715,72.81265259,True,False,True,False
19.14121819,72.82975006,True,True,True,False
19.14131355,72.81232452,False,False,True,False
19.14380646,72.82681274,,,,
19.12923622,72.82000732,True,True,True,False
19.14465523,72.82555389,True,True,True,False
19.13983917,72.83750153,True,True,True,False
19.13946533,72.83043671,True,True,True,False
19.1290226,72.83203125,True,True,True,True
19.14442635,72.8217926,True,True,True,False
19.12146759,72.82640076,True,True,True,True
19.13033485,72.83637238,True,True,True,True
19.12999153,72.83300781,True,True,True,True
19.14074326,72.82852936,True,True,True,False
19.14878845,72.82951355,True,True,True,False
19.1895504,72.80776215,False,False,True,False
19.41750526,72.81793976,False,False,False,False
19.24099922,72.86535645,True,True,True,True
19.05914307,72.8520813,True,False,True,False
19.07109642,72.83961487,True,False,True,False
19.07615089,72.83560181,True,False,True,False
19.05423546,72.83387756,True,False,True,False
19.07457161,72.83242798,True,False,True,False
19.19903946,73.19889069,False,False,False,False
19.14023209,72.81293488,True,False,True,False
19.14069939,72.83135986,True,True,True,False
19.12936211,72.82793427,True,True,True,True
19.14953613,72.82519531,True,True,True,False
19.1291275,72.8197937,True,True,True,False
19.23378944,72.84632111,True,True,True,True
19.22652435,72.84638214,True,True,True,True
19.22635841,72.84619904,True,True,True,True
19.22226334,72.8455658,True,True,True,False
19.23563385,72.84248352,True,True,True,True
19.23506355,72.84313202,True,True,True,True
19.14771461,72.82930756,True,True,True,False
19.12693405,72.83662415,True,True,True,True
19.06764793,72.8378067,True,False,True,False
19.07092857,72.83623505,True,False,True,False
19.22455025,72.86902618,True,True,False,False
19.2203064,72.86916351,True,True,False,False
19.17284775,72.87393188,True,False,True,False
19.16963196,73.07382202,True,False,True,False
19.12545776,72.86256409,True,False,True,False
19.20726585,72.87004089,True,True,False,False
19.19738007,72.8664093,True,True,True,False
19.06623077,72.89774323,True,False,True,False
19.13865662,72.82530975,True,True,True,False
19.15156555,72.83294678,True,True,True,False
19.14069557,72.81018066,False,False,True,False
19.12360191,72.82544708,True,True,True,True
19.13784599,72.81187439,False,True,True,False
19.13678741,72.81346893,True,True,True,False
19.1387825,72.8247757,True,True,True,False
19.14875603,72.82733917,True,True,True,False
19.13275337,72.82987976,True,True,True,True
19.12260628,72.83061981,True,True,True,True
19.23482323,72.86389923,True,True,True,True
19.23532677,72.86383057,True,True,True,True
19.22108459,72.86225891,True,True,True,False
19.22362328,72.86126709,True,True,True,False
19.2265892,72.86247253,True,True,True,False
19.22719193,72.85888672,True,True,True,True
19.22656059,72.86119843,True,True,True,False
19.20701027,73.18536377,False,False,False,False
19.14412308,73.01037598,True,False,True,True
19.12205887,73.00367737,True,False,True,False
19.07801628,72.8368988,True,False,True,False
19.20821953,72.87799072,True,True,False,False
19.21897888,73.08285522,False,False,True,False
19.21887779,73.08082581,False,False,True,False
19.21815491,73.08911896,False,False,True,False
19.22630692,73.08757782,False,False,True,False
19.21930122,73.08474731,False,False,True,False
19.01823807,73.08615112,True,False,True,False
19.46762085,72.79753113,False,False,False,False
19.46809959,72.79780579,False,False,False,False
19.46812439,72.80107117,False,False,False,False
19.45465279,72.80261993,False,False,False,False
19.47033882,72.79947662,False,False,False,False
19.47019005,72.79875946,False,False,False,False
19.47076988,72.79985809,False,False,False,False
19.48043442,72.78175354,False,False,False,False
19.46188164,72.77765656,False,False,False,False
19.46626663,72.79608154,False,False,False,False
19.46914673,72.79850006,False,False,False,False
19.47035027,72.80420685,False,False,False,False
19.46950531,72.8014679,False,False,False,False
19.46906281,72.80033875,False,False,False,False
19.46962166,72.80021667,False,False,False,False
19.46957207,72.79759216,False,False,False,False
19.45682907,72.80256653,False,False,False,False
19.45512581,72.79853058,False,False,False,False
19.19328308,72.9876709,True,False,True,False
19.46689034,72.7970047,False,False,False,False
19.47238922,72.80033112,False,False,False,False
19.46200371,72.80164337,False,False,False,False
19.2113533,73.08587646,False,False,True,False
19.45510674,72.7986145,False,False,False,False
19.28334618,72.95620728,True,False,True,False
19.27178764,72.9677887,True,False,True,False
19.25832748,72.96630859,True,False,True,False
19.25980186,72.97011566,True,False,True,False
19.27389145,72.96154022,True,False,True,False
19.26484108,72.96659088,True,False,True,False
19.4446125,72.80041504,False,False,False,False
19.46921349,72.79705811,False,False,False,False
19.46715736,72.79639435,False,False,False,False
19.11929512,72.99339294,True,False,True,False
19.20784187,73.01161957,True,False,True,True
19.4709034,72.8026123,False,False,False,False
19.46715355,72.8006897,False,False,False,False
19.46718788,72.8056488,False,False,False,False
19.47138214,72.79937744,False,False,False,False
19.21966934,73.08443451,False,False,True,False
19.0232563,73.08821869,True,False,True,False
19.46747208,72.80194092,False,False,False,False
19.46005249,72.80393219,False,False,False,False
19.45218658,72.79871368,False,False,False,False
19.45285606,72.80165863,False,False,False,False
19.47374344,72.80554199,False,False,False,False
19.36215973,72.85749054,False,False,False,False
19.24693871,72.84758759,True,False,True,True
19.20657158,72.96121979,True,True,True,False
19.14663887,72.83405304,True,True,True,False
19.16541481,72.86873627,True,False,True,False
19.17181015,72.87014771,True,False,True,False
19.07962799,72.90830231,True,False,True,False
19.20181656,72.86830902,True,True,False,False
19.19499969,72.875,True,True,False,False
19.15810013,72.99727631,True,False,True,True
19.05118561,72.91221619,True,False,True,False
19.13770866,72.82993317,True,True,True,False
19.12341118,72.82142639,True,True,True,True
19.13844872,72.82474518,True,True,True,False
19.03579903,73.07224274,True,False,True,False
19.20758247,72.82060242,True,False,True,False
19.23472595,72.83889008,True,True,True,True
19.23666,72.85134888,True,True,True,True
19.23833466,72.84928131,True,True,True,True
19.25900841,72.85482025,True,False,True,True
19.27116776,72.96845245,True,False,True,False
19.27189636,72.96781921,True,False,True,False
19.26793861,72.97115326,True,False,True,False
19.26010513,72.97001648,True,False,True,False
19.2674427,72.97096252,True,False,True,False
19.12836075,72.82793427,True,True,True,True
19.12356186,72.82545471,True,True,True,True
19.10844421,72.82679749,True,False,True,True
19.14286613,72.82094574,True,True,True,False
19.12915421,72.8214035,True,True,True,False
19.13684273,72.93132019,True,True,True,True
19.13986778,72.81033325,False,False,True,False
19.13312721,72.83476257,True,True,True,True
19.1346817,72.82645416,True,True,True,False
19.12373734,72.82178497,True,True,True,True
19.14975739,72.82554626,True,True,True,False
19.12605858,72.82550812,True,True,True,True
19.13851357,72.81504059,True,True,True,False
19.13518333,72.81463623,True,True,True,False
19.14692116,72.8230896,True,True,True,False
19.13364792,72.8118515,False,True,True,False
19.12760353,72.82015228,True,True,True,False
19.12873268,72.82064056,True,True,True,False
19.13035774,72.81746674,True,True,True,False
19.13755989,72.82753754,True,True,True,False
19.12981987,72.82790375,True,True,True,True
19.12680817,72.82117462,True,True,True,False
19.13294411,72.81173706,False,True,True,False
19.1355381,72.80938721,False,False,True,False
19.12188911,72.82594299,True,True,True,True
19.12177086,72.82602692,True,True,True,True
19.12128448,72.82345581,True,True,True,True
19.12828255,72.81748962,True,True,True,False
19.11876488,72.82875824,,,,
19.12854767,72.81816864,True,True,True,False
19.12939453,72.81907654,True,True,True,False
19.12297821,72.83952332,True,True,True,True
19.14317894,72.82242584,True,True,True,False
19.1354084,72.81220245,False,True,True,False
19.13174629,72.81732941,True,True,True,False
19.14588928,72.82395172,True,True,True,False
19.14209175,72.82617188,True,True,True,False
19.1350174,72.81748199,True,True,True,False
19.13617134,72.83621216,True,True,True,True
19.13719559,72.82214355,True,True,True,False
19.14638519,72.82272339,True,True,True,False
19.1397171,72.83566284,True,True,True,False
19.20748329,72.87451935,True,True,False,False
19.11712646,73.00035858,True,False,True,False
19.13103867,72.83850861,True,True,True,True
19.13945389,72.83829498,True,True,True,False
19.1355629,72.81622314,True,True,True,False
19.12973785,72.82915497,True,True,True,True
19.13960838,73.00018311,True,False,True,False
19.0660305,72.86507416,True,False,True,False
19.11757469,72.99636841,True,False,True,False
19.26341629,72.96022034,True,False,True,False
18.97815323,73.10289764,True,False,True,False
19.26239014,72.97595215,True,False,True,False
19.26841354,72.97348022,True,False,True,False
19.26111603,72.956604,True,False,True,True
19.10694122,73.00715637,True,False,True,False
19.26335335,72.95998383,True,False,True,False
18.97410583,73.10845184,True,True,True,False
19.01543427,72.8396225,True,True,True,False
19.13805389,72.8253479,True,True,True,False
19.16852379,72.87818909,False,False,True,False
19.08888435,72.83405304,True,False,True,False
19.07980347,72.84977722,True,False,True,False
19.0793705,72.85626221,True,False,True,False
19.08043671,72.83149719,True,False,True,False
19.0793457,72.85140228,True,False,True,False
19.07277298,72.86320496,True,False,True,False
19.08174324,72.85057831,True,False,True,False
19.29697227,72.87494659,True,False,True,False
19.0758667,72.84881592,True,False,True,False
19.07871056,72.87129974,True,False,True,False
19.0765934,72.85385132,True,False,True,False
19.0767765,72.85953522,True,False,True,False
19.07958031,72.85543823,True,False,True,False
19.07854652,72.8524704,True,False,True,False
19.0831337,72.85222626,True,False,True,False
19.07990265,72.85475922,True,False,True,False
19.0726223,72.86604309,True,False,True,False
19.28800583,72.87633514,True,False,True,False
19.0825882,72.85115051,True,False,True,False
19.07865715,72.85053253,True,False,True,False
19.08365059,72.8526001,True,False,True,False
19.07553101,72.84187317,True,False,True,False
19.08075333,72.850914,True,False,True,False
19.06723595,72.83774567,True,False,True,False
19.08069229,72.85571289,True,False,True,False
19.08467484,72.83592224,True,False,True,False
19.15562439,72.88517761,False,False,True,True
19.15395355,72.88471222,False,False,True,True
19.1560955,72.88613892,False,False,True,True
19.16577721,72.99156952,True,False,True,False
19.14600563,72.99151611,True,False,True,False
19.30442429,72.85031128,True,False,True,False
19.29881859,72.8687439,True,False,True,False
19.29784584,72.87086487,True,False,True,False
19.2965107,72.87081146,True,False,True,False
19.14357758,73.00984955,True,False,True,True
19.29465675,72.87438202,True,False,True,False
19.2180481,73.13169098,True,False,False,False
19.08502007,72.88198853,True,False,True,False
19.08627701,72.88880157,True,False,True,False
19.083004,72.8820343,True,False,True,False
19.12096786,72.89785767,True,True,True,True
19.25876045,72.87361145,True,True,True,False
19.12029648,72.9910965,True,False,True,False
19.12185478,72.99793243,True,False,True,False
19.24119949,73.12905884,False,False,False,False
19.2482357,73.14151764,False,False,False,False
19.25474739,73.13502502,False,False,False,False
19.25468063,73.13434601,False,False,False,False
19.26552963,73.13800812,False,False,False,False
19.25401878,73.14002991,False,False,False,False
19.25750923,73.13879395,False,False,False,False
19.25409889,73.14461517,False,False,False,False
19.20737076,72.97259521,True,True,True,False
19.24438858,73.12254333,False,False,False,False
19.24053764,73.13014984,False,False,False,False
19.19616508,72.84049225,True,True,True,False
19.15414238,72.99334717,True,False,True,False
19.0219593,73.08789825,True,False,True,False
19.23180389,72.97255707,True,False,True,True
18.97259903,73.02490234,True,False,True,False
19.17030144,72.84703827,True,True,True,False
19.20091438,73.00455475,True,False,True,True
19.20221519,73.00561523,True,False,True,True
19.12579918,72.84484863,True,True,True,True
19.12462044,72.8527298,True,False,True,True
19.06751823,73.10680389,True,False,True,False
19.36766815,72.82011414,False,False,False,False
19.17507362,72.872612,True,False,True,False
19.12973404,72.81665802,True,True,True,False
28.46425247,77.03192139,False,False,False,False
19.17108536,73.25007629,False,False,False,False
19.05584908,72.92816162,True,False,True,False
19.16946411,72.96743774,True,False,True,False
19.05191612,72.82830048,True,False,True,False
19.11375618,72.90040588,True,True,True,True
19.25787544,72.98234558,True,False,True,False
19.07642365,72.88147736,True,False,True,False
19.28388023,72.87950897,True,False,True,False
26.8856163,75.74514771,False,False,False,False
19.20727158,73.08815765,True,False,True,False
19.46796227,72.80297852,False,False,False,False
19.16775131,72.96636963,True,False,True,False
18.9705677,72.80607605,True,True,True,False
19.1231308,73.00248718,True,False,True,False
19.04285431,72.87123108,True,False,True,True
19.08798409,73.00245667,True,False,True,False
19.09326744,72.91314697,True,False,False,True
18.9611454,73.02095032,True,False,True,False
19.12204361,72.99951935,True,False,True,False
18.97031593,72.80643463,True,True,True,False
19.20379448,72.82067871,True,False,True,False
19.229002,73.12407684,True,False,False,False
19.15184021,72.84003448,True,True,True,False
19.16641045,73.07491302,True,False,True,False
19.30096245,72.87307739,True,False,True,False
19.12217331,73.00213623,True,False,True,False
19.10458374,72.99993896,True,False,True,False
19.12551308,72.98970032,True,False,True,False
19.07069588,73.07765198,True,False,True,False
19.19700813,72.82634735,True,True,True,False
19.21238518,72.99079895,True,False,True,False
19.23848724,73.1268692,True,False,False,False
18.97328758,73.10987854,True,True,True,False
19.11739731,72.90912628,True,True,True,True
19.06893158,72.89499664,True,False,True,False
19.11966324,72.9401474,True,True,True,True
19.44832611,72.78582001,False,False,False,False
19.14508629,73.24726868,False,False,False,False
19.30034447,72.86470795,True,False,True,False
19.13863754,72.81012726,,,,
19.25776482,72.96995544,True,False,True,False
19.38999557,72.82585144,False,False,False,False
19.15073013,73.23242188,False,False,False,False
19.17090607,73.11322021,False,False,True,False
19.07444,73.12260437,False,False,True,False
19.0707531,72.87813568,True,False,True,False
19.07118607,73.07369232,True,False,True,False
19.10404968,72.84106445,True,False,True,True
19.13739777,72.83024597,True,True,True,False
18.93000221,73.12888336,True,False,False,False
19.16604233,72.83409119,True,True,True,False
19.01679802,72.83128357,True,True,True,False
19.35946465,72.85695648,False,False,False,False
19.11130142,72.93241882,True,True,True,True
19.57501793,72.80705261,False,False,False,False
19.00345802,73.1131897,True,True,True,False
19.57699394,72.82630157,False,False,False,False
19.01652145,73.04334259,True,False,True,False
19.18254852,72.83827209,True,True,True,False
19.1742363,72.94650269,True,True,True,True
19.06855965,73.08152008,True,False,True,False
19.21536255,73.09783936,True,False,True,False
19.24933052,72.85006714,True,False,True,True
19.13495827,72.86820984,True,False,True,True
19.25203323,72.85495758,True,False,True,True
19.22319794,72.84586334,True,True,True,False
19.24912071,72.85344696,True,False,True,True
19.25639153,72.85221863,True,False,True,True
19.25128555,72.84901428,True,False,True,True
19.24906921,72.85404968,True,False,True,True
19.1367321,72.86825562,True,False,True,True
19.1222744,72.85087585,True,False,True,True
19.12713242,72.86473083,True,False,True,False
19.12548637,72.86579132,True,False,True,False
19.13697433,72.86552429,True,False,True,True
19.14635468,72.86658478,True,False,True,True
19.13409996,72.86669159,True,False,True,False
19.14775467,72.99542999,True,False,True,False
19.11413956,73.00130463,True,False,True,False
19.10147285,73.00657654,True,False,True,False
19.12343407,73.00328064,True,False,True,False
19.29786491,72.8760376,True,False,True,False
19.27747536,72.87630463,True,True,True,False
19.27889061,72.8793335,True,True,True,False
19.24070168,73.14421082,False,False,False,False
18.97980118,72.82622528,True,False,True,False
18.99291992,72.84759521,True,False,True,False
19.14195061,72.93058014,True,False,True,True
19.11569977,72.91299438,True,True,True,True
19.13013268,72.93141937,True,True,True,True
19.13116074,72.94013977,True,True,True,False
19.11077309,72.90171051,True,True,True,True
19.18170357,72.99532318,True,False,True,False
19.0697422,73.07112122,True,False,True,False
19.0528698,73.06694031,True,False,True,False
19.02833939,73.05752563,True,False,True,False
19.10423851,73.00769043,True,False,True,False
19.14222717,73.043396,True,False,True,True
19.12585068,72.99929047,True,False,True,False
18.99361229,72.85025787,True,False,True,False
19.00691986,72.84114838,True,True,True,False
19.42834854,72.8152771,False,False,False,False
19.08098412,73.11239624,False,False,True,False
19.06043625,72.91445923,True,False,True,False
19.20280075,72.82180786,True,False,True,False
19.1383934,73.25221252,False,False,False,False
19.11781311,72.87030792,True,False,True,False
19.12073898,72.9921875,True,False,True,False
19.11590195,72.83117676,True,True,True,True
19.21043777,72.84133148,True,False,True,False
19.16555786,72.99092102,True,False,True,False
19.01486015,73.02294159,True,True,True,False
19.24455643,72.86598969,True,False,True,True
19.07254028,73.07128906,True,False,True,False
19.06728363,72.88253784,True,False,True,False
19.07254219,73.00183105,True,True,True,False
19.04843712,72.88838196,True,False,True,False
19.16002846,73.24035645,False,False,False,False
19.19246864,72.8194046,True,True,True,False
18.99886894,72.84266663,True,False,True,False
19.27427101,73.12537384,False,False,False,False
18.96871948,73.12556458,True,False,True,False
19.15210915,72.84357452,True,True,True,False
18.95305443,72.82118225,True,True,True,False
19.22422791,73.07946777,False,False,True,False
19.1108036,72.87134552,True,False,True,False
19.23176956,72.96821594,True,False,True,True
19.01469612,73.03904724,True,False,True,False
19.17576218,73.23732758,False,False,False,False
19.18059731,72.84043121,True,True,True,False
19.18027878,72.86412048,True,True,True,False
19.27990913,73.08123016,False,False,False,False
19.06905174,73.08538818,True,False,True,False
19.0713501,73.07579803,True,False,True,False
19.22246552,72.98777771,True,False,True,False
19.00496101,72.8400116,True,True,True,False
19.20824814,72.98790741,True,True,True,False
19.14526939,72.99676514,True,False,True,False
19.16418076,72.9905777,True,False,True,False
19.16210938,72.99080658,True,False,True,False
19.14788246,72.99542999,True,False,True,False
19.16828537,72.99168396,True,False,True,False
19.14437485,72.99450684,True,False,True,False
19.14338875,72.9906311,True,False,True,False
19.16423035,72.99762726,True,False,True,False
19.14291,72.99671936,True,False,True,False
19.1606369,72.99333191,True,False,True,False
19.15826607,72.99282837,True,False,True,False
19.20796013,72.83493805,True,False,True,False
19.07082176,73.08248138,True,False,True,False
19.05468369,73.06788635,True,False,True,False
19.03384018,73.07701874,True,False,True,False
19.0487709,73.07372284,True,False,True,False
19.07061577,73.07376862,True,False,True,False
19.15802002,72.93614197,True,False,True,False
19.1209507,73.00354004,True,False,True,False
19.24607849,73.12249756,False,False,False,False
19.12025452,73.00336456,True,False,True,False
19.27896118,72.94429016,True,False,True,True
19.06826973,72.89733124,True,False,True,False
19.17168999,72.87002563,True,False,True,False
19.21998405,72.87126923,True,True,False,False
19.05502129,72.82582092,True,False,True,False
19.26527023,72.97159576,True,False,True,False
19.18365097,72.84864807,True,True,True,False
19.01506615,73.03377533,True,False,True,False
19.12851143,72.83378601,True,True,True,True
19.07127571,73.07574463,True,False,True,False
19.16966629,72.86525726,True,False,True,False
19.01724052,73.09398651,True,False,True,False
19.16792107,72.84716797,True,True,True,False
21.1857605,72.80945587,False,False,False,False
19.0788784,72.85002899,True,False,True,False
19.07228661,73.07062531,True,False,True,False
19.0733223,73.07743073,True,False,True,False
19.05834389,73.07910156,True,False,True,False
19.0716095,73.07697296,True,False,True,False
19.0724678,73.07278442,True,False,True,False
19.033638,73.0694046,True,False,True,False
19.11069107,72.85361481,True,False,True,True
22.60107994,88.45159149,False,False,False,False
18.95242119,73.12985229,True,False,False,False
19.00576019,72.82849884,True,True,True,False
19.0403595,72.84889221,True,False,True,False
19.0709362,73.07646179,True,False,True,False
19.04225349,73.06384277,True,False,True,False
19.0344677,73.07588196,True,False,True,False
19.07297516,73.07847595,True,False,True,False
19.03727913,73.07691193,True,False,True,False
19.15771484,73.11577606,False,False,True,False
19.10247231,73.01037598,True,False,True,False
19.05828285,72.84348297,True,False,True,False
19.11974716,72.83940125,True,True,True,True
19.15992928,72.94499207,True,False,True,False
19.15910149,72.93578339,True,False,True,False
19.05696678,72.84830475,True,False,True,False
19.19078445,73.20041656,False,False,False,False
19.15392494,72.85612488,True,True,True,False
19.17146492,72.87011719,True,False,True,False
19.17149162,72.86368561,True,False,True,False
19.14529037,72.92858887,True,False,True,True
18.97987556,73.02629089,True,False,True,False
19.07134628,73.07009888,True,False,True,False
19.03459358,73.06764221,True,False,True,False
19.17262459,72.86993408,True,False,True,False
19.0729847,72.83636475,True,False,True,False
19.19580078,73.19409943,False,False,False,False
19.05743217,72.85077667,True,False,True,False
19.23436356,72.84619141,True,True,True,True
19.07167053,73.07639313,True,False,True,False
19.05176163,73.07390594,True,False,True,False
19.21573067,72.97798157,True,True,True,False
19.08148003,72.84369659,True,False,True,False
19.10888863,72.83103943,True,False,True,True
19.10368156,72.92684937,True,True,True,True
19.18354225,72.85486603,True,True,True,False
19.20572662,73.09552765,True,False,True,False
19.0528965,72.89450073,True,False,True,False
19.0592308,72.89805603,True,False,True,False
19.05746269,72.9059906,True,False,True,False
19.03613091,73.01737213,True,False,True,False
19.08155441,72.85072327,True,False,True,False
19.07296562,73.07965088,True,False,True,False
19.04845047,73.07750702,True,False,True,False
19.03221321,73.06774139,True,False,True,False
19.03489304,73.07614899,True,False,True,False
19.04418373,73.07123566,True,False,True,False
19.10133553,72.91609192,True,False,False,True
19.15301895,72.94235992,True,False,True,False
19.27484322,72.95363617,True,False,True,False
19.26966667,72.96385193,True,False,True,False
19.27259254,72.95902252,True,False,True,False
19.27075386,72.97117615,True,False,True,False
19.08481216,72.83287811,True,False,True,False
19.19122124,72.96129608,True,True,True,False
18.99762344,72.8493042,True,False,True,False
19.12566376,72.84403229,True,True,True,True
18.98121643,73.02389526,True,False,True,False
19.16049004,72.83770752,True,True,True,False
19.43025589,72.81349945,False,False,False,False
19.22338867,72.98991394,True,False,True,False
18.94354057,72.82717896,True,True,True,False
19.13087273,72.93810272,True,True,True,False
19.07906723,72.8497467,True,False,True,False
19.04391289,73.06561279,True,False,True,False
19.25764084,72.84858704,True,False,True,True
19.18727493,72.83114624,True,True,True,False
19.17062187,72.8449173,True,True,True,False
19.04342079,73.078125,True,False,True,False
18.6058197,73.91240692,True,False,True,False
18.47437668,73.82054901,True,False,True,False
18.58033562,73.9805069,True,False,True,False
18.54178619,73.88245392,True,True,True,False
18.5601635,73.92492676,True,True,True,False
18.64037323,73.73686218,True,False,True,False
18.57936478,73.73588562,True,True,True,False
18.57242584,73.9076767,True,False,True,False
18.44660759,73.90554047,True,False,True,False
18.56818581,73.79068756,True,False,True,False
18.55333519,73.94477844,True,True,True,False
18.62474632,73.73732758,True,False,False,False
18.60659409,73.90982056,True,False,True,False
18.47053337,73.91357422,False,True,False,False
18.4641552,73.90855408,True,True,False,False
18.51470566,73.77187347,True,False,True,False
18.57761574,73.77683258,True,True,True,False
18.5135746,73.76791382,True,False,True,False
18.55271912,73.92081451,True,True,True,False
18.57625198,73.78787231,True,True,True,False
18.65039825,73.79167938,True,False,True,False
18.51910019,73.9276123,True,True,True,False
18.48172569,73.86858368,True,False,True,False
18.49023247,73.819664,True,False,True,False
18.56738091,73.78688049,True,False,True,False
18.51603508,73.90481567,True,True,True,False
18.45897293,73.78629303,True,True,True,False
18.54000092,73.90000153,True,True,True,False
18.55271912,73.94644165,True,True,True,False
18.66391754,73.70794678,True,False,True,False
18.60011864,73.72468567,True,False,True,False
18.63496017,73.7894516,True,True,True,False
18.56578255,73.8832016,True,True,True,False
18.58267593,73.97707367,True,False,True,False
18.63115883,73.79122162,True,True,True,False
18.75749969,73.85807037,True,False,True,False
18.44337654,73.81282043,True,True,False,False
18.59602737,73.75917053,True,True,True,False
26.83705139,80.93888092,False,False,False,False
18.72934914,73.64609528,False,False,False,False
18.59318161,73.77986908,True,True,True,False
28.66072845,77.37116241,False,False,False,False
18.68061447,73.82879639,True,False,True,False
18.5906601,73.77902985,True,True,True,False
18.55978584,73.77967834,True,False,True,True
18.48707962,74.01500702,True,False,True,False
18.55982018,73.78572845,True,False,True,True
23.02228737,72.50914001,False,False,False,False
18.56719398,73.91213989,True,False,True,False
18.41939735,73.85161591,True,False,False,False
18.52026939,73.76664734,True,False,True,False
18.55448723,73.89758301,True,True,True,False
18.55174637,73.78198242,True,False,True,True
18.52124214,73.93656921,True,True,True,False
18.60525894,73.91014862,True,False,True,False
18.58479881,73.97431183,True,False,True,False
18.56602287,73.9102478,True,True,True,False
18.44833183,73.92327881,True,False,True,False
18.58137703,73.98854828,True,False,True,False
18.48160553,73.89597321,True,True,False,False
18.57751656,73.9812851,True,False,True,False
18.5635376,73.90897369,True,True,True,False
18.57848358,74.00447845,True,False,False,True
18.56936264,73.87811279,True,False,True,False
18.58400536,73.99136353,True,False,True,True
18.58929634,73.81355286,True,False,True,False
18.51734543,73.93192291,True,True,True,False
21.14222908,72.7721405,False,False,False,False
18.5721302,73.76119995,True,False,True,False
18.56800461,73.91990662,True,False,False,False
18.49789619,73.90370941,True,True,True,False
18.54711151,73.93025208,True,True,True,False
18.57188988,73.77677917,True,True,True,False
18.62477303,73.73713684,True,False,False,False
18.4787178,73.8137207,True,False,True,False
18.60065651,73.92022705,True,False,True,False
18.58615685,73.78089142,True,True,True,False
18.47886658,73.87547302,True,False,False,False
18.56284332,73.80349731,True,False,True,False
18.44908524,73.82544708,True,False,False,False
18.57390213,73.88419342,True,False,True,False
18.53986549,73.89595795,True,True,True,False
18.59578705,73.77779388,True,True,True,False
18.53946114,73.94590759,True,True,True,False
18.52221107,73.90399933,True,True,False,False
18.51729012,73.94721985,True,True,True,False
18.52027893,73.76657104,True,False,True,False
18.57286263,73.68908691,True,False,True,False
18.62072754,73.91501617,False,False,True,False
18.48402214,73.90130615,True,True,False,False
18.55467796,73.80711365,True,False,True,False
18.62471008,73.73709869,True,False,False,False
18.56312752,73.80509949,True,False,True,False
18.54854393,73.92847443,True,True,True,False
18.55584717,73.80997467,True,False,True,False
18.53939247,73.79570007,True,False,True,True
18.56051636,73.80738068,True,False,True,False
18.56212997,73.80351257,True,False,True,False
18.45946693,73.89128876,True,True,False,False
18.56450272,73.80047607,True,False,True,False
18.59893608,73.90194702,True,False,True,False
18.59297371,73.90126038,True,False,True,False
18.59836388,73.90181732,True,False,True,False
18.5966568,73.89671326,True,False,True,False
18.60192871,73.90148163,False,False,True,False
18.59461403,73.90431976,True,False,True,False
18.60000038,73.91000366,True,False,True,False
18.59954453,73.9006958,True,False,True,False
18.59116364,73.89559937,True,False,True,False
18.60369492,73.90953064,True,False,True,False
18.60346985,73.91340637,True,False,True,False
18.60121727,73.91455841,True,False,True,False
18.61118889,73.91108704,False,False,True,False
18.60799026,73.90748596,False,False,True,False
18.59991455,73.90873718,True,False,True,False
18.60248947,73.90661621,True,False,True,False
18.59597778,73.90735626,True,False,True,False
18.60419464,73.90248871,False,False,True,False
18.60061073,73.92128754,True,False,True,False
18.59473228,73.90409088,True,False,True,False
18.58807373,73.89533997,True,False,True,False
18.60913467,73.90710449,False,False,True,False
18.56154823,73.80631256,True,False,True,False
18.55017853,73.80449677,True,False,True,True
18.45779228,73.80800629,True,True,False,False
18.60876274,73.75455475,True,True,True,False
18.58862686,73.70233917,True,False,True,True
18.63827705,73.73539734,True,False,True,False
18.60643005,73.75308228,True,True,True,False
18.62283707,73.73451996,True,False,True,False
18.58816147,73.72674561,True,True,True,False
18.58264923,73.69248199,True,False,True,False
18.56966591,73.91046143,True,False,True,False
18.59188652,73.70767975,True,False,True,True
18.57986069,73.78509521,True,True,True,False
18.58205414,73.78432465,True,True,True,False
18.59140968,73.73464203,True,True,True,False
18.59551239,73.79496765,True,True,True,False
18.59427261,73.76107025,True,True,True,False
18.61173058,73.74422455,True,True,True,False
18.56938934,73.91133118,True,False,True,False
18.48013878,73.87506104,True,False,False,False
18.59009361,73.90274048,True,False,True,False
18.57149506,73.90843201,True,False,True,False
18.4711647,73.86678314,True,False,True,False
18.56838799,73.91345215,True,False,True,False
18.56506157,73.81399536,True,False,True,False
18.56554794,73.91164398,True,False,True,False
18.55731964,73.79521942,True,False,True,True
18.54445839,73.79319,True,False,True,True
18.5678463,73.80082703,True,False,True,False
18.56064034,73.77961731,True,False,True,True
18.51631927,73.81690979,True,False,True,True
18.52263069,73.77487946,True,False,True,True
18.46516991,73.78374481,True,False,False,False
18.44596863,73.80133057,True,True,False,False
18.44221878,73.80958557,True,True,False,False
18.45885849,73.7809906,True,False,True,False
18.44906998,73.84957123,True,False,True,False
18.48331261,73.81238556,True,False,True,False
18.47284889,73.90947723,False,True,False,False
18.46999931,73.88500214,True,True,False,False
18.51758766,73.90679169,True,True,True,False
18.48812485,73.82439423,True,False,True,False
18.5183506,73.77896881,True,False,True,False
18.50208473,73.79509735,True,False,True,False
18.51687241,73.90248108,True,True,True,False
18.48647308,73.79683685,True,False,True,False
18.57142639,73.69288635,True,False,True,False
18.47086334,73.9002533,True,True,False,False
18.49837685,73.7901535,True,False,False,False
18.50739861,73.80764771,True,False,True,False
18.58709145,73.69843292,True,False,True,True
18.48842049,73.81199646,True,False,True,False
18.51055145,73.78179932,True,False,True,False
18.48544502,73.81768799,True,False,True,False
18.54690933,73.90139771,True,True,True,False
18.47596169,73.89118195,True,True,False,False
18.5163765,73.90409088,True,True,True,False
18.54046059,73.92725372,True,True,True,False
18.55347443,73.9198761,True,True,True,False
18.55362511,73.92064667,True,True,True,False
18.57260513,73.87820435,True,False,True,False
18.58052254,73.87258911,True,False,True,False
18.58406258,73.88640594,True,False,True,False
18.57862663,73.87588501,True,False,True,False
18.5781002,73.89917755,True,False,True,False
18.53852463,73.938591,True,True,True,False
18.54661369,73.93197632,True,True,True,False
18.59843254,73.75946808,True,True,True,False
18.62059402,73.75565338,True,False,True,False
18.56818581,73.91455841,True,False,False,False
18.53147888,73.93881226,True,True,True,False
18.5121994,73.9054718,True,True,True,False
18.57291031,73.88282013,True,False,True,False
18.55116081,73.9292984,True,True,True,False
18.4607563,73.83367157,True,False,True,False
18.45824623,73.79203033,True,True,False,False
18.58470154,74.00345612,True,False,False,True
18.54116249,73.92810059,True,True,True,False
18.54464531,73.92749023,True,True,True,False
18.55384445,73.75,False,False,True,False
18.56993675,73.85063934,True,False,True,False
18.56845665,73.8826828,True,True,True,False
18.57160378,73.87667847,True,False,True,False
18.54427338,73.91606903,True,True,True,False
18.63515472,73.78964233,True,True,True,False
18.53233147,73.89938354,True,True,True,False
18.54618835,73.93382263,True,True,True,False
18.57112694,73.77534485,True,False,True,False
18.57619858,73.97637177,True,False,True,False
18.58266449,73.72602081,True,False,True,False
18.50984573,73.92698669,True,True,True,False
18.54154968,73.93910217,True,True,True,False
18.51155472,73.93701935,True,True,True,False
18.56577492,73.91014862,True,True,True,False
18.57311058,73.91124725,True,False,True,False
18.58084679,73.87232971,True,False,True,False
18.44493866,73.93695831,True,False,True,False
18.57022858,73.77071381,True,False,True,False
18.55212021,73.9586792,False,False,True,False
18.55548286,73.95166016,True,True,True,False
18.51298141,73.93431854,True,True,True,False
18.58664513,73.76042938,True,True,True,False
18.57841873,73.68244171,True,False,True,False
18.51144791,73.92240143,True,True,True,False
18.55299759,73.78027344,True,False,True,True
18.50140381,73.94055176,True,False,True,False
18.55251312,73.96128082,False,False,True,False
18.52988625,73.93758392,True,True,True,False
18.5513649,73.94225311,True,True,True,False
18.51421738,73.77755737,True,False,True,False
18.49255943,73.93493652,True,False,True,False
18.51883698,73.93750763,True,True,True,False
18.58146667,73.73651123,True,True,True,False
18.51930428,73.77668762,True,False,True,False
18.59685707,73.69957733,True,False,True,True
18.58727837,74.00176239,True,False,False,True
18.55437279,73.94778442,True,True,True,False
18.5082798,73.76957703,True,False,True,False
18.57528877,73.72084045,True,False,True,False
18.51146126,73.76261902,True,False,False,False
18.56024933,73.76472473,True,False,True,False
18.63580513,73.80122375,True,True,True,False
18.50583267,73.77140045,True,False,True,False
18.53148079,73.94528961,True,False,True,False
18.51241684,73.75959015,True,False,False,False
18.59403992,74.00275421,False,False,True,True
18.57422066,73.75743103,True,False,True,False
18.58144569,73.9852066,True,False,True,False
18.58396339,73.69768524,True,False,True,False
18.62830925,73.73857117,True,False,True,False
18.5880146,73.70035553,True,False,True,True
18.66506004,73.73773193,True,False,False,False
18.59588623,73.80695343,True,False,True,False
18.59703445,73.71080017,True,False,True,True
18.48458672,73.93880463,True,False,False,False
18.59741592,73.69973755,True,False,True,True
18.59942818,73.765625,True,False,True,False
18.48744965,73.89952087,True,True,True,False
18.56290054,73.94908142,True,True,True,False
18.55181122,73.94478607,True,True,True,False
18.52070618,73.93044281,True,True,True,False
18.5219593,73.90532684,True,True,False,False
18.45565224,73.91783142,True,False,True,False
18.51644325,73.93782043,True,True,True,False
18.59467697,73.80156708,True,True,True,False
18.54960251,73.91888428,True,True,True,False
18.57916832,73.97148895,True,False,True,False
18.54770279,73.93723297,True,True,True,False
18.55534172,73.94202423,True,True,True,False
18.54247665,73.93925476,True,True,True,False
18.54807472,73.91558838,True,True,True,False
18.51585388,73.89878845,True,True,True,False
18.54774284,73.91387939,True,True,True,False
18.53190613,73.9287796,True,True,True,False
18.58803177,73.96559143,True,False,True,False
18.57723236,73.7924118,True,True,True,False
18.48319054,73.8974762,True,True,False,False
18.49500084,73.90499878,True,True,True,False
18.47241592,73.91330719,False,True,False,False
18.47114372,73.90706635,True,True,False,False
18.4941864,73.89837646,True,True,True,False
18.50017929,73.9000473,True,True,True,False
18.48536301,73.89337158,True,True,False,False
18.48304558,73.89848328,True,True,False,False
18.4689064,73.91411591,False,True,False,False
18.49491119,73.90304565,True,True,True,False
18.48502159,73.89488983,True,True,False,False
18.46794891,73.90599823,True,True,False,False
18.48526764,73.88362122,True,False,False,False
18.49519539,73.90856171,True,True,True,False
18.4862709,73.89492798,True,True,False,False
18.4752121,73.89335632,True,True,False,False
18.49346542,73.8980484,True,True,True,False
18.59531212,73.79914856,True,True,True,False
18.52142525,73.90804291,True,True,True,False
18.51783943,73.91490936,True,True,True,False
18.60172272,73.75244141,True,True,True,False
18.59819221,73.77409363,True,True,True,False
18.60131454,73.77529907,True,True,True,False
18.60545158,73.77509308,True,True,True,False
18.57839012,73.68415833,True,False,True,False
18.62960243,73.80921173,True,True,True,False
18.59487152,73.76429749,True,False,True,False
18.68320084,73.81749725,True,False,True,False
18.63941002,73.78873444,True,True,True,False
18.63287354,73.78612518,True,True,True,False
18.62063408,73.73766327,True,False,True,False
18.56999969,73.76999664,True,False,True,False
18.5965538,73.77578735,True,True,True,False
18.61466026,73.75376129,True,True,True,False
18.54070091,73.78869629,True,False,True,True
18.59907341,73.7725296,True,True,True,False
18.6076107,73.75753021,True,True,True,False
18.61255836,73.76641083,True,True,True,False
18.59729958,73.78024292,True,True,True,False
18.58364868,73.7646637,True,False,True,False
18.58914757,73.69488525,True,False,True,True
18.50756454,73.82968903,True,True,True,False
18.58492851,73.73873138,True,True,True,False
18.58109283,73.77120972,True,True,True,False
18.5647049,73.77220154,True,False,True,False
18.60397911,73.90257263,False,False,True,False
18.59404182,73.89763641,True,False,True,False
18.58354378,73.88654327,True,False,True,False
18.62777901,73.8061676,True,True,True,False
18.45061111,73.92198181,True,False,True,False
18.60302353,73.78948212,True,True,True,False
18.50691795,73.94322205,True,True,True,False
18.58207512,73.76696014,True,True,True,False
18.45053673,73.87578583,True,False,True,False
18.45776939,73.86393738,True,False,True,False
18.5498333,73.90530396,True,True,True,False
18.55036545,73.92193604,True,True,True,False
18.55627823,73.78134155,True,False,True,True
18.5635128,73.80041504,True,False,True,False
18.53081322,73.84422302,True,False,True,False
18.48571968,73.81304169,True,False,True,False
18.56492424,73.91003418,True,True,True,False
18.56888771,73.90989685,True,False,True,False
18.55090141,73.91979218,True,True,True,False
18.51480675,73.81638336,True,False,True,True
18.60547447,73.90895844,True,False,True,False
18.59786987,73.90299988,True,False,True,False
18.60209465,73.91862488,True,False,True,False
18.45765495,73.8639679,True,False,True,False
18.4468708,73.88508606,True,False,True,False
18.47396088,73.90559387,True,True,False,False
18.56032944,73.80487061,True,False,True,False
18.56766129,73.80521393,True,False,True,False
18.5592804,73.92044067,True,False,True,False
18.55656815,73.95006561,True,True,True,False
18.56566048,73.9217453,True,False,False,False
18.57950783,73.98155975,True,False,True,False
18.59639359,73.78530884,True,True,True,False
18.59722519,73.77924347,True,True,True,False
18.67006874,73.70677185,True,False,True,False
18.55895615,73.8055954,True,False,True,False
18.54799652,73.90641785,True,True,True,False
18.57369232,73.8971405,True,True,True,False
18.56411362,73.81017303,True,False,True,False
18.48459816,73.93573761,True,False,False,False
18.51024437,73.80846405,True,False,True,True
18.4975071,73.75083923,True,False,True,False
18.54081535,73.91834259,True,True,True,False
18.54379272,73.92418671,True,True,True,False
18.60192108,73.91272736,True,False,True,False
18.59620094,73.90930176,True,False,True,False
18.62320328,73.91668701,False,False,True,False
18.60913658,73.90711212,False,False,True,False
18.61758995,73.9103241,False,False,True,False
18.60433006,73.91017914,True,False,True,False
18.62314034,73.91410065,False,False,True,False
18.56085968,73.95453644,True,False,True,False
18.55218887,73.94390106,True,True,True,False
18.55463791,73.94429016,True,True,True,False
18.60578346,73.91027069,True,False,True,False
18.60787582,73.91117096,True,False,True,False
18.62409592,73.91689301,False,False,True,False
18.60551453,73.91033173,True,False,True,False
18.60538483,73.90778351,True,False,True,False
18.60411072,73.89910126,False,False,True,False
18.5937748,73.92818451,True,False,True,False
18.55358124,73.94746399,True,True,True,False
18.54683685,73.88838959,True,True,True,False
18.54678345,73.88877869,True,True,True,False
18.57613182,74.00145721,True,False,False,True
18.59412384,73.9683609,True,False,True,False
18.57436371,73.99543762,True,False,False,True
18.57997322,73.9730072,True,False,True,False
18.58410645,74.00319672,True,False,False,True
18.47959328,73.89612579,True,True,False,False
18.47183418,73.92155457,False,False,False,False
18.44636345,73.90672302,True,False,True,False
18.4787674,73.88932037,True,True,False,False
18.47225189,73.9136734,False,True,False,False
18.47759056,73.90289307,True,True,False,False
18.47608566,73.89735413,True,True,False,False
18.57494926,74.00061035,True,False,False,True
18.59903717,73.76509094,True,False,True,False
18.50271416,73.90719604,True,True,True,False
18.55264091,73.94025421,True,True,True,False
18.50663567,73.77935791,True,False,True,False
18.53783989,73.7929306,True,False,True,True
18.55137062,73.79102325,True,False,True,True
18.51499176,73.77275848,True,False,True,False
18.52359962,73.76025391,True,False,True,True
18.51931572,73.77245331,True,False,True,False
18.52125931,73.7677536,True,False,True,False
18.56209373,73.93202209,True,True,True,False
18.57366753,73.91217041,True,False,True,False
18.60580063,73.91000366,True,False,True,False
18.54833221,73.91746521,True,True,True,False
18.54968071,73.9012146,True,True,True,False
18.52282715,73.90229034,True,True,False,False
18.58809853,73.99346924,True,False,True,True
18.57222748,73.98094177,True,False,True,False
18.55183411,73.96214294,False,False,True,False
18.55091286,73.94720459,True,True,True,False
18.59058952,73.99626923,True,False,True,True
18.58660889,73.99105835,True,False,True,True
18.58038139,73.9802475,True,False,True,False
18.51744652,73.94339752,True,True,True,False
18.60054016,73.76419067,True,True,True,False
18.47910118,73.9103775,False,True,False,False
18.46179008,73.90258026,True,True,False,False
18.48743439,73.89795685,True,True,True,False
18.47274971,73.91949463,False,False,False,False
18.48436165,73.90124512,True,True,False,False
18.53993797,73.93495178,True,True,True,False
18.55480385,73.89883423,True,True,True,False
18.54966736,73.96169281,False,False,True,False
18.54870605,73.94934082,True,True,True,False
18.55762672,73.94908142,True,True,True,False
18.51585007,73.92630005,True,True,True,False
18.55039978,73.90479279,True,True,True,False
18.55489922,73.92066193,True,True,True,False
18.56914139,73.90769196,True,True,True,False
18.5404644,73.92726135,True,True,True,False
18.55849838,73.92789459,True,True,True,False
18.55397606,73.92414856,True,True,True,False
18.55164337,73.90484619,True,True,True,False
18.5428257,73.92774963,True,True,True,False
18.5496006,73.92030334,True,True,True,False
18.54795265,73.90604401,True,True,True,False
18.55819511,73.92140961,True,True,True,False
18.55865288,73.92147827,True,True,True,False
18.47858429,73.91229248,False,True,False,False
18.57481003,73.91124725,True,False,True,False
18.57019615,73.91249847,True,False,True,False
18.55356216,73.94377899,True,True,True,False
18.5473175,73.93548584,True,True,True,False
18.54184914,73.93522644,True,True,True,False
18.50792885,73.80702972,True,False,True,False
18.50429916,73.80525208,True,False,True,False
18.49697113,73.81362152,True,False,True,False
18.58989906,73.7726593,True,True,True,False
18.55093956,73.76186371,True,False,False,True
18.62864494,73.80278778,True,True,True,False
18.55023384,73.95716095,False,False,True,False
18.55612564,73.74012756,False,False,True,False
18.59375763,73.99693298,True,False,True,True
18.58408737,73.81674957,True,False,True,False
18.58312607,74.00086975,True,False,False,True
18.67205238,73.83763885,True,False,True,False
18.68013573,73.83243561,True,False,True,False
18.67595482,73.84246063,True,False,True,False
18.68356895,73.83739471,True,False,True,False
18.67791176,73.83702087,True,False,True,False
18.59660149,73.9058609,True,False,True,False
18.60496521,73.91372681,True,False,True,False
18.60161972,73.903862,True,False,True,False
18.60257339,73.90667725,True,False,True,False
18.57764816,73.88939667,True,False,True,False
18.4590683,73.8214798,True,False,True,False
18.50859451,73.83171844,True,True,True,False
18.56027794,73.94487762,True,True,True,False
18.51321411,73.78190613,True,False,True,False
18.55815697,73.9512558,True,True,True,False
18.55397987,73.95217133,True,True,True,False
18.5649147,73.77024078,True,False,True,False
18.48751831,73.80006409,True,False,True,False
18.59614182,73.73965454,True,True,True,False
18.56287003,73.75579071,True,False,True,False
18.56068611,73.77831268,True,False,True,True
18.60161972,73.89728546,False,False,True,False
18.65449524,73.90770721,False,False,True,False
18.59800339,73.90225983,True,False,True,False
18.59542084,73.90149689,True,False,True,False
18.58590889,73.89323425,True,False,True,False
18.66266441,73.7066803,True,False,True,False
18.65584183,73.73114777,True,False,True,False
18.65385246,18.65385246,False,False,False,False
18.58509636,73.99692535,True,False,True,True
18.54423332,73.90419006,True,True,True,False
18.47061157,73.823349,True,False,True,False
18.46989632,73.83023834,True,False,True,False
18.57373619,73.97103882,True,False,True,False
18.5841217,74.02622223,True,False,False,True
18.58424377,74.003685,True,False,False,True
18.57411385,73.97853088,True,False,True,False
18.58773422,73.98551178,True,False,True,False
18.58896446,73.98583984,True,False,True,False
18.59073067,74.00737,False,False,False,True
18.58279419,73.97045135,True,False,True,False
18.58697319,74.00184631,True,False,False,True
18.58126259,73.98873901,True,False,True,False
18.58864784,73.98957062,True,False,True,False
18.58438492,73.99645233,True,False,True,True
18.59365273,74.00461578,False,False,False,True
18.57670975,73.99583435,True,False,False,True
18.57443619,73.98206329,True,False,True,False
18.58604813,73.98841095,True,False,True,False
18.5717144,73.97583771,True,False,True,False
18.57386971,73.978302,True,False,True,False
18.5781498,74.00430298,True,False,False,True
18.57419014,73.99902344,True,False,False,True
18.58679199,73.99843597,True,False,True,True
18.58333015,73.98332977,True,False,True,False
18.57564735,73.98487854,True,False,True,False
18.57562256,73.95863342,True,False,True,False
18.57318115,73.97950745,True,False,True,False
18.58149719,73.97528839,True,False,True,False
18.57175446,73.97624207,True,False,True,False
18.54603577,73.90991211,True,True,True,False
18.60182762,73.9128952,True,False,True,False
18.56046677,73.77961731,True,False,True,True
18.46665955,73.89189148,True,True,False,False
18.59469986,73.99736023,True,False,True,True
18.60276604,73.92597961,True,False,True,False
18.59248543,73.75439453,True,True,True,False
18.45780182,73.83157349,True,False,True,False
18.59466934,73.76006317,True,True,True,False
18.56652641,73.73932648,False,False,True,False
18.56813431,73.75982666,True,False,True,False
18.54776955,73.94429016,True,True,True,False
18.50765991,73.80805969,True,False,True,False
18.58561516,73.97576141,True,False,True,False
18.46996117,73.83074188,True,False,True,False
18.57700348,73.98805237,True,False,True,False
18.58497429,73.96444702,True,False,True,False
18.5765667,73.97870636,True,False,True,False
18.55859184,73.95002747,True,True,True,False
18.58422279,73.98563385,True,False,True,False
18.57388115,73.97631073,True,False,True,False
18.58726883,74.00492096,False,False,False,True
18.59058762,73.99630737,True,False,True,True
18.59023857,73.99723816,True,False,True,True
18.5771904,74.00457764,True,False,False,True
18.55730438,73.95034027,True,True,True,False
18.54139328,73.94002533,True,True,True,False
18.45851326,73.78095245,True,False,True,False
18.55807495,73.8818512,True,True,True,False
18.57694817,73.88828278,True,False,True,False
18.57639122,73.88925171,True,False,True,False
18.5695076,73.87902832,True,False,True,False
18.64721489,73.74228668,True,False,True,False
18.44367027,73.86656189,True,False,True,False
18.59469795,73.74652863,True,True,True,False
18.60207939,73.75001526,True,True,True,False
18.65756989,73.73680878,True,False,True,False
18.57556343,73.8839035,True,False,True,False
18.57361412,73.87996674,True,False,True,False
18.57403183,73.88536835,True,False,True,False
18.57470322,73.88276672,True,False,True,False
18.57511902,73.8852005,True,False,True,False
18.59029579,73.90916443,True,False,True,False
18.66067314,73.72764587,True,False,True,False
18.58792686,73.98773193,True,False,True,False
18.5858593,73.98474121,True,False,True,False
18.66183472,73.74171448,True,False,True,True
18.45633507,73.83314514,True,False,True,False
18.57500267,73.9759903,True,False,True,False
18.44856834,73.90751648,True,False,True,False
18.47699928,73.88762665,True,True,False,False
18.48027992,73.89520264,True,True,False,False
18.4516468,73.89151764,True,False,False,False
18.46228218,73.90461731,True,True,False,False
18.47689629,73.89581299,True,True,False,False
18.47092438,73.90032196,True,True,False,False
18.49569893,73.90390015,True,True,True,False
18.45889854,73.78898621,True,True,False,False
18.59346771,73.89509583,True,False,True,False
18.46117973,73.81863403,True,False,True,False
18.53134727,73.89892578,True,True,True,False
18.58208084,73.77269745,True,True,True,False
18.51068687,73.79370117,True,False,True,False
18.50981522,73.80860138,True,False,True,True
18.45884514,73.82816315,True,False,True,False
18.57123566,73.97721863,True,False,True,False
18.58435822,73.97000122,True,False,True,False
18.5711174,73.97442627,True,False,True,False
18.58368492,74.00031281,True,False,False,True
18.57239532,73.98386383,True,False,True,False
18.5932312,73.96865082,True,False,True,False
18.57432747,73.97636414,True,False,True,False
18.5842247,74.00370789,True,False,False,True
18.58070755,73.96819305,True,False,True,False
18.57534027,73.95858765,True,False,True,False
18.58084106,73.98760986,True,False,True,False
18.57692719,73.96950531,True,False,True,False
18.57847023,73.97673798,True,False,True,False
18.57697678,73.98103333,True,False,True,False
18.57815933,74.00416565,True,False,False,True
18.58467102,73.9986496,True,False,False,True
18.57999992,74.0,True,False,False,True
18.58992004,74.00083923,True,False,False,True
18.59166145,74.00128174,True,False,False,True
18.59178925,74.00141907,True,False,True,True
18.65761757,73.90355682,True,False,True,False
18.57193756,73.97954559,True,False,True,False
18.57724953,73.97581482,True,False,True,False
18.56040573,73.80667114,True,False,True,False
18.56575203,73.80490875,True,False,True,False
18.57439423,73.77763367,True,True,True,False
18.56247902,73.80609131,True,False,True,False
18.56554604,73.81208801,True,False,True,False
18.56630898,73.80373383,True,False,True,False
18.47638512,73.89437866,True,True,False,False
18.48082352,73.89649963,True,True,False,False
18.46115112,73.90406036,True,True,False,False
18.45915031,73.90910339,True,True,False,False
18.58878899,74.00847626,False,False,False,True
18.59477615,73.89426422,False,False,True,False
18.55526924,73.87619781,True,True,True,False
18.58359337,73.88674164,True,False,True,False
18.57525063,73.87471008,True,False,True,False
18.59564972,73.89535522,False,False,True,False
18.59625244,73.90005493,True,False,True,False
18.5941391,73.89772797,True,False,True,False
18.59844017,73.9008255,True,False,True,False
18.59778595,73.90550995,True,False,True,False
18.60829544,73.91072083,False,False,True,False
18.57992744,73.88175201,True,False,True,False
18.57937622,73.88542175,True,False,True,False
18.55588722,73.88839722,True,True,True,False
18.58148193,73.89109802,True,False,True,False
18.59719658,73.90261078,True,False,True,False
18.57397652,73.87448883,True,False,True,False
18.54798126,73.90657806,True,True,True,False
18.62452126,73.91722107,False,False,True,False
18.64663315,73.87836456,True,False,True,False
18.59919357,73.89832306,False,False,True,False
18.60057259,73.90563202,True,False,True,False
18.61605072,73.90641785,False,False,True,False
18.59597397,73.90444946,True,False,True,False
18.46316719,73.8886261,True,True,False,False
18.47255516,73.91059113,False,True,False,False
18.47187042,73.90218353,True,True,False,False
18.44705772,73.89079285,True,False,True,False
18.47802925,73.90692902,True,True,False,False
18.47956276,73.89037323,True,True,False,False
18.49671173,73.90116119,True,True,True,False
18.5670414,73.95563507,True,False,True,False
18.57197189,73.98031616,True,False,True,False
18.56955719,73.97392273,True,False,True,False
18.58507729,73.97621155,True,False,True,False
18.58956146,73.96814728,True,False,True,False
18.58762932,73.98764801,True,False,True,False
18.51283836,73.81687927,True,True,True,True
18.46862984,73.82598114,True,False,True,False
18.46670341,73.90796661,True,True,False,False
18.45936012,73.92002869,True,False,True,False
18.45446014,73.9148407,True,False,True,False
18.46157646,73.81690979,True,False,True,False
18.47803879,73.90595245,True,True,False,False
18.5617733,73.80363464,True,False,True,False
18.45470619,73.91233826,True,False,True,False
18.47583008,73.90903473,True,True,False,False
18.5940876,73.89762878,True,False,True,False
18.56651688,73.77545929,True,False,True,False
18.56700897,73.88340759,True,True,True,False
18.46117592,73.92504883,True,False,True,False
18.46324921,73.90236664,True,True,False,False
18.59069443,74.00778961,False,False,False,True
18.5822506,73.98009491,True,False,True,False
18.589571,74.00563812,False,False,False,True
18.60354996,73.79156494,True,True,True,False
18.57644653,73.99585724,True,False,False,True
18.57381821,74.0247345,True,False,True,False
18.57906532,73.98636627,True,False,True,False
18.58748817,73.98136902,True,False,True,False
18.57734871,73.97943115,True,False,True,False
18.57951927,73.9798584,True,False,True,False
18.56855774,74.02105713,True,False,True,False
18.57061577,74.01682281,True,False,False,True
18.58987427,74.01211548,True,False,False,True
18.57258797,73.97939301,True,False,True,False
18.58554268,73.96858215,True,False,True,False
18.57940483,73.98042297,True,False,True,False
18.59541512,74.00424957,False,False,True,True
18.57914352,73.9861908,True,False,True,False
18.5826931,73.98444366,True,False,True,False
18.5749855,73.98157501,True,False,True,False
18.58453369,73.97467041,True,False,True,False
18.58821678,73.98162842,True,False,True,False
18.57999992,73.97000122,True,False,True,False
18.57760048,73.98139954,True,False,True,False
18.57983208,73.98499298,True,False,True,False
18.58306694,73.99835968,True,False,False,True
18.45947075,73.82883453,True,False,True,False
18.57084465,74.02423859,True,False,True,False
18.58865738,74.00753784,False,False,False,True
18.57561302,73.98685455,True,False,True,False
18.6112957,73.9065094,False,False,True,False
18.56959343,73.95823669,True,False,True,False
18.58231926,73.97055054,True,False,True,False
18.58146095,73.97018433,True,False,True,False
18.43399429,73.89771271,True,False,True,False
18.47662735,73.89476013,True,True,False,False
18.47709084,73.89068604,True,True,False,False
18.45152092,73.91368866,True,False,True,False
18.48399353,73.89331818,True,True,False,False
18.47415924,73.88709259,True,True,False,False
18.44964409,73.91627502,True,False,True,False
18.44812012,73.91139984,True,False,True,False
18.46458817,73.90461731,True,True,False,False
18.4684639,73.9065094,True,True,False,False
18.63632393,73.73783875,True,False,True,False
18.63556671,73.74836731,True,False,True,False
18.65150261,73.73059845,True,False,True,False
18.61967087,73.73614502,True,False,True,False
18.65536118,73.73098755,True,False,True,False
18.62993813,73.74118805,True,False,True,False
18.63296509,73.73641205,True,False,True,False
18.66231918,73.73183441,True,False,True,False
18.65595818,73.74341583,True,False,True,False
18.50799751,73.79019165,True,False,True,False
18.67046165,73.91018677,True,False,False,False
18.64643288,73.90383148,False,False,True,False
18.62338638,73.91491699,False,False,True,False
18.65023804,73.90292358,True,False,True,False
18.56515121,73.73178864,False,False,True,False
18.5845089,73.98793793,True,False,True,False
18.58879852,74.0082016,False,False,False,True
18.59157944,74.00972748,False,False,False,True
18.58209229,73.98880005,True,False,True,False
18.51088142,73.79834747,True,False,True,False
18.57256317,73.87550354,True,False,True,False
18.57143784,73.87939453,True,False,True,False
18.58092308,73.89482117,True,False,True,False
18.5149498,73.83454895,True,True,True,False
18.46218872,73.89093018,True,True,False,False
18.48478889,73.88598633,True,False,False,False
18.47962189,73.87554169,True,False,False,False
18.60529327,73.79563141,True,True,True,False
18.6053772,73.78423309,True,True,True,False
18.56686211,73.91378021,True,False,True,False
18.59337234,73.78913879,True,True,True,False
18.59155273,73.79750061,True,True,True,False
18.60398483,73.79550934,True,True,True,False
18.58561516,73.78372955,True,True,True,False
18.57858658,73.78323364,True,True,True,False
18.5911026,73.80147552,True,True,True,False
18.58532906,73.73147583,True,True,True,False
18.54757309,73.78919983,True,False,True,True
18.59355545,73.79978943,True,True,True,False
18.55934334,73.77848816,True,False,True,True
18.56982231,73.77074432,True,False,True,False
18.59325409,73.79299927,True,True,True,False
18.5945282,73.90215302,True,False,True,False
18.59800529,73.78526306,True,True,True,False
18.59511375,73.78903961,True,True,True,False
18.59943199,73.75384521,True,True,True,False
18.57000542,73.72183228,True,False,True,False
18.61136818,73.76685333,True,True,True,False
18.59943962,73.76737213,True,False,True,False
18.56265259,73.83485413,True,False,True,False
18.59465599,73.75798798,True,True,True,False
18.59365082,73.77416992,True,True,True,False
18.59486961,73.79818726,True,True,True,False
18.59448242,73.77145386,True,True,True,False
18.59266281,73.80107117,True,True,True,False
18.59954453,73.79097748,True,True,True,False
18.60111618,73.7845993,True,True,True,False
18.60369873,73.7612381,True,True,True,False
18.58527374,73.78078461,True,True,True,False
18.60396385,73.77526093,True,True,True,False
18.60084724,73.78998566,True,True,True,False
18.59864235,73.77244568,True,True,True,False
18.59202576,73.75017548,True,True,True,False
18.60471535,73.75894165,True,True,True,False
18.60311699,73.76626587,True,False,True,False
18.59090233,73.77270508,True,True,True,False
18.59311485,73.79576874,True,True,True,False
18.60084724,73.75977325,True,True,True,False
18.53078842,73.84418488,True,False,True,False
18.58324623,73.78445435,True,True,True,False
18.5494709,73.79029846,True,False,True,True
18.59047699,73.77888489,True,True,True,False
18.59000015,73.79000092,True,True,True,False
18.6017971,73.78448486,True,True,True,False
18.57963943,73.88426208,True,False,True,False
18.57247734,73.8839798,True,False,True,False
18.55545616,73.7770462,True,False,True,True
18.59686661,73.80332184,True,False,True,False
18.59784889,73.89923859,True,False,True,False
18.5832901,73.99875641,True,False,False,True
18.57680321,73.97979736,True,False,True,False
18.58331299,73.97669983,True,False,True,False
18.59247398,74.00771332,False,False,False,True
18.58881569,73.98297882,True,False,True,False
18.57365417,73.98553467,True,False,True,False
18.57759857,73.95838928,True,False,True,False
18.59203529,74.00263214,True,False,False,True
18.55283928,73.78160858,True,False,True,True
18.55163956,73.76681519,True,False,True,True
18.54817772,73.90387726,True,True,True,False
18.55545998,73.89746094,True,True,True,False
18.56743622,73.91110229,True,False,True,False
18.54533958,73.90512085,True,True,True,False
18.56534004,73.92069244,True,False,False,False
18.56401825,73.92030334,True,False,True,False
18.56255913,73.91382599,True,False,True,False
18.59721375,73.90261841,True,False,True,False
18.56696129,73.90786743,True,True,True,False
18.54532242,73.91433716,True,True,True,False
18.56258011,73.91376495,True,False,True,False
18.60349274,73.74594879,True,True,True,False
18.59696388,73.76154327,True,True,True,False
18.60221672,73.75718689,True,True,True,False
18.58971024,73.99659729,True,False,True,True
18.59135246,73.97054291,True,False,True,False
18.54676819,73.90420532,True,True,True,False
18.54416656,73.89861298,True,True,True,False
18.54707527,73.90216827,True,True,True,False
18.55505562,73.90091705,True,True,True,False
18.54493332,73.89855957,True,True,True,False
18.51025963,73.80330658,True,False,True,False
18.50485802,73.80524445,True,False,True,False
18.52042961,73.85674286,True,False,True,False
18.56524658,73.8010788,True,False,True,False
18.55562782,73.80806732,True,False,True,False
18.54715347,73.81478882,True,False,True,False
18.57247162,73.87510681,True,False,True,False
18.60111237,73.8977356,False,False,True,False
18.58828163,73.89012909,True,False,True,False
18.47116852,73.93158722,True,False,False,False
18.54384613,73.94051361,True,True,True,False
18.53939819,73.93421173,True,True,True,False
18.59570122,73.79788971,True,True,True,False
18.5952549,73.79166412,True,True,True,False
18.59573936,73.89610291,True,False,True,False
18.65369987,73.90769958,False,False,True,False
18.49789619,18.49789619,False,False,False,False
18.47803879,73.88882446,True,True,False,False
18.49666977,73.94167328,True,False,True,False
18.51144791,73.85007477,True,True,True,False
18.53964043,73.94807434,True,True,True,False
18.51502228,73.84793091,True,True,True,False
18.48577309,73.88504791,True,False,False,False
18.50439644,73.90155029,True,True,True,False
18.4762764,73.90934753,True,True,False,False
18.50333023,73.86472321,True,False,True,False
18.51891518,73.8504715,True,False,True,False
18.51776505,73.90248108,True,True,True,False
18.46089745,73.9109726,True,True,False,False
18.46761894,73.88667297,True,True,False,False
18.57693863,73.88834381,True,False,True,False
18.45281029,73.8732605,True,False,True,False
18.45172882,73.87441254,True,False,True,False
18.45472336,73.91415405,True,False,True,False
18.45090103,73.90738678,True,False,True,False
18.47966194,73.80402374,True,False,True,False
18.46567345,73.78303528,True,False,True,False
18.60510826,73.91703796,True,False,True,False
18.48603058,73.93418884,True,False,False,False
18.51568413,73.83542633,True,True,True,False
18.52039909,73.85669708,True,False,True,False
18.58408165,73.76374817,True,False,True,False
18.62844658,73.78089142,True,True,True,False
18.66283417,74.10321045,False,False,False,False
18.60583115,73.91001892,True,False,True,False
18.53107452,73.82996368,True,False,True,True
18.57723427,73.97464752,True,False,True,False
18.60290527,73.93016052,True,False,True,False
18.49463272,73.82732391,True,True,True,False
18.50582695,73.95748138,True,False,True,False
18.53594208,73.87174225,True,True,True,False
18.48397636,73.95150757,True,False,True,False
18.57986832,73.87530518,True,False,True,False
18.45737267,73.92417908,True,False,True,False
18.52626038,73.94172668,True,True,True,False
18.65437698,73.74511719,True,False,True,False
18.57954025,73.7694397,True,True,True,False
18.46529007,73.79118347,True,False,False,False
18.76175499,73.84884644,True,False,True,False
18.75016022,73.86221313,True,False,True,False
18.60178757,73.91351318,True,False,True,False
18.60009956,73.91500092,True,False,True,False
18.56076622,73.94447327,True,True,True,False
18.62872314,74.03294373,True,False,True,False
18.6574707,73.76837921,True,False,True,True
18.57671928,73.87989044,True,False,True,False
18.53496361,73.87637329,True,True,True,False
18.62057686,73.79396057,True,True,True,False
18.49471283,73.97016144,True,False,True,False
18.4495697,73.89186859,True,False,True,False
18.65520477,73.90209198,True,False,True,False
18.59472275,73.77527618,True,True,True,False
18.5028286,73.96429443,True,False,True,False
18.52560616,73.90805817,False,True,True,False
18.62671089,73.77651978,True,True,True,False
18.81683922,74.36988068,False,False,False,False
18.58831596,73.81651306,True,False,True,False
18.64977264,73.91429901,False,False,True,False
18.46024323,73.92569733,True,False,True,False
18.61830139,73.7075882,False,False,True,True
18.56110001,73.93450928,True,True,True,False
18.48101425,73.90065765,True,True,False,False
18.51400566,73.835289,True,True,True,False
18.65011597,73.87715912,True,False,True,False
18.59990311,73.80088806,True,False,True,False
18.5211544,73.76687622,True,False,True,True
18.59700012,73.89672852,True,False,True,False
18.61830139,73.712883,False,False,True,False
18.57319069,74.02413177,True,False,True,True
18.66720581,73.72828674,True,False,False,False
18.43179321,73.89795685,True,False,True,False
18.55825043,73.93966675,True,True,True,False
18.59720993,73.75839996,True,True,True,False
18.53171539,73.9449234,True,True,True,False
18.55174828,73.93890381,True,True,True,False
18.47385025,73.91191864,False,True,False,False
18.53286743,73.94581604,True,False,True,False
18.52046967,73.85662079,True,False,True,False
18.46571922,73.78718567,True,False,False,False
18.56972122,73.91083527,True,False,True,False
18.64679909,73.78308105,True,False,False,False
18.58947563,73.97996521,True,False,True,False
18.66646576,73.73058319,True,False,False,False
18.59394073,73.79755402,True,True,True,False
18.49538231,73.83577728,True,True,True,False
18.61235237,73.74703217,True,True,True,False
18.47924995,73.93019867,False,False,False,False
18.54262924,73.83267975,True,False,True,False
18.47744942,73.87300873,True,False,True,False
18.53195953,73.83969879,True,False,True,False
18.56468964,73.77624512,True,False,True,True
18.49274635,73.95277405,True,False,True,False
18.65196991,73.75800323,True,False,True,False
18.6844101,73.83165741,True,False,True,False
18.4456501,73.82772827,True,False,True,False
18.60608673,73.6888504,False,False,True,True
18.51889038,73.91949463,True,True,True,False
18.53953171,73.89923096,True,True,True,False
18.68491554,73.81268311,True,False,True,False
18.53220177,73.94471741,True,False,True,False
18.66456223,73.83971405,True,False,True,False
18.4582119,73.87044525,True,False,True,False
18.57930756,73.77586365,True,True,True,False
18.52169418,73.7624588,True,False,True,True
18.55939865,73.78768921,True,False,True,True
18.45939445,73.83583832,True,False,True,False
18.58031654,73.76448059,True,False,True,False
18.56105614,73.77561951,True,False,True,True
18.14999962,74.58329773,False,False,False,False
18.55319595,73.94537354,True,True,True,False
18.59604645,73.74126434,True,True,True,False
18.59754181,73.77381134,True,True,True,False
18.53278351,73.92153168,True,True,True,False
18.66674995,73.78382111,True,False,False,False
18.65265656,73.75718689,True,False,True,True
18.6444416,73.74881744,True,False,True,False
18.65383148,73.76878357,True,False,True,False
18.64532852,73.75150299,True,False,True,False
18.5921669,73.78955841,True,True,True,False
18.59545517,73.76712036,True,False,True,False
18.55632401,73.78134155,True,False,True,True
18.55918884,73.78131104,True,False,True,True
18.57166481,73.78366089,True,True,True,False
18.6003685,73.8988266,False,False,True,False
18.60308266,73.91183472,True,False,True,False
18.61297035,73.91231537,False,False,True,False
18.57866287,73.71112823,True,False,True,False
18.44892693,73.90343475,True,False,False,False
18.47181511,73.91228485,False,True,False,False
18.47828865,73.89661407,True,True,False,False
18.47164536,73.91429138,False,True,False,False
18.59190559,73.79658508,True,True,True,False
18.57884216,73.88421631,True,False,True,False
18.59604645,73.79502106,True,True,True,False
18.59605217,73.80177307,True,False,True,False
18.58086395,73.88402557,True,False,True,False
18.60223007,73.75694275,True,True,True,False
18.57371902,73.87998199,True,False,True,False
18.55715561,73.87771606,True,True,True,False
18.6780529,73.88217926,True,False,True,False
18.56664658,73.95001221,True,False,True,False
18.48369408,73.90781403,True,True,False,False
18.47696114,73.89567566,True,True,False,False
18.47746086,73.8944397,True,True,False,False
18.47125435,73.8899231,True,True,False,False
18.46703339,73.88047791,True,False,False,False
18.46245575,73.91368866,True,True,True,False
18.44718933,73.9118042,True,False,True,False
18.46068954,73.89208984,True,True,False,False
18.46984863,73.87834167,True,False,False,False
18.46297073,73.91757202,True,True,True,False
18.47590446,73.89391327,True,True,False,False
18.47486115,73.89528656,True,True,False,False
18.48246574,73.90047455,True,True,False,False
18.46999168,73.88965607,True,True,False,False
18.45270538,73.89302826,True,True,False,False
18.44930077,73.89183044,True,False,True,False
18.47446632,73.89332581,True,True,False,False
18.47738838,73.8998642,True,True,False,False
18.47496986,73.89402771,True,True,False,False
18.45973778,73.88777924,True,True,False,False
18.46726227,73.89246368,True,True,False,False
18.45264435,73.9003067,True,True,False,False
18.47087097,73.90003204,True,True,False,False
18.48234177,73.89289093,True,True,False,False
18.47907448,73.89257812,True,True,False,False
18.49072266,73.8996048,True,True,True,False
18.47807503,73.89951324,True,True,False,False
18.47131538,73.90200043,True,True,False,False
18.61599159,73.77100372,True,True,True,False
31.10658646,77.16181946,False,False,False,False
18.4568367,73.93746185,True,False,True,False
18.61275101,73.71643066,True,False,True,True
18.66984367,73.712677,True,False,True,False
18.65453529,73.83215332,True,False,True,False
18.5615654,73.76436615,True,False,True,False
18.61651421,73.91000366,False,False,True,False
18.48216248,73.82827759,True,False,True,False
18.51938248,73.97356415,True,False,True,False
18.67258072,73.88936615,True,False,True,False
18.55272675,73.76828766,True,False,True,True
18.54350471,73.95081329,True,True,True,False
18.5765152,73.98661804,True,False,True,False
18.54905128,73.79530334,True,False,True,True
18.59249878,73.78331757,True,True,True,False
18.58198738,73.88442993,True,False,True,False
18.60132217,73.78340912,True,True,True,False
18.57759094,73.76396179,True,False,True,False
18.58169174,73.76519775,True,False,True,False
18.57867241,73.77658844,True,True,True,False
18.57930565,73.77367401,True,True,True,False
18.56174278,73.77076721,True,False,True,True
18.56397438,73.78327942,True,False,True,True
18.55571556,73.76322174,True,False,True,False
18.59845543,73.7933197,True,True,True,False
18.59862518,73.80445099,True,False,True,False
18.59347725,73.79312897,True,True,True,False
18.62182426,73.75257874,True,False,True,False
18.55714989,73.78253937,True,False,True,True
18.61263275,73.75180817,True,True,True,False
18.56776237,73.73348999,True,False,True,False
18.61598969,73.91094208,False,False,True,False
18.58503914,73.89508057,True,False,True,False
18.55772781,73.94032288,True,True,True,False
18.4702816,73.82859039,True,False,True,False
18.58343315,73.99557495,True,False,True,True
18.45469475,73.93287659,True,False,True,False
18.56823921,73.73696899,True,False,True,False
21.87574005,83.99294281,False,False,False,False
18.50198364,73.82216644,True,True,True,False
18.46917725,73.91532135,False,True,False,False
18.45881081,73.91819,True,False,True,False
18.4505558,73.90136719,True,False,False,False
21.19968414,72.78279877,False,False,False,False
18.55434418,73.77623749,True,False,True,True
18.55401611,73.77603912,True,False,True,True
18.57995987,73.76641846,True,False,True,False
18.64485741,73.8796463,True,False,True,False
18.69539833,73.86027527,True,False,True,False
18.63802528,73.79302216,True,True,True,False
18.56052589,73.77519989,True,False,True,True
18.5936203,73.73013306,True,True,False,False
18.60974884,73.78421783,True,True,True,False
18.59736443,73.79183197,True,True,True,False
18.4537487,73.91627502,True,False,True,False
18.4547348,73.91845703,True,False,True,False
18.47813034,73.90167999,True,True,False,False
18.54831505,73.92977142,True,True,True,False
18.59451485,73.7984314,True,True,True,False
18.60089302,73.84252167,True,False,True,False
18.76100922,73.84754944,True,False,True,False
18.50893974,73.92602539,True,True,True,False
18.58755493,74.00271606,True,False,False,True
18.58069611,73.9882431,True,False,True,False
18.57230186,73.97644806,True,False,True,False
18.5622654,73.79631805,True,False,True,True
18.54893112,73.77207947,True,False,True,True
18.60148048,73.78170013,True,True,True,False
18.60426903,73.78177643,True,True,True,False
18.58708954,74.01047516,True,False,False,True
18.59053421,73.89565277,True,False,True,False
18.48614311,73.9524231,True,False,True,False
18.6246624,74.02874756,True,False,True,False
18.55047989,73.80036926,True,False,True,True
18.60354042,73.90814972,True,False,True,False
18.58433914,73.88645172,True,False,True,False
18.60608482,73.90020752,False,False,True,False
18.56857491,73.95127869,True,False,True,False
18.64973068,73.84679413,True,False,True,False
18.60476112,73.79137421,True,True,True,False
18.49265099,73.95251465,True,False,True,False
18.60812569,73.7625351,True,True,True,False
18.46765137,73.91692352,True,True,False,False
18.45417595,73.91843414,True,False,True,False
18.4591713,73.88790894,True,True,False,False
18.45702362,73.83449554,True,False,True,False
18.48612595,73.80614471,True,False,True,False
18.59833908,73.7580719,True,True,True,False
18.56643295,73.95774841,True,False,True,False
18.59017372,73.772789,True,True,True,False
18.65956688,73.76764679,True,False,True,True
18.53279495,73.94124603,True,True,True,False
18.75901985,73.66655731,False,False,False,False
18.45121956,73.85153961,True,False,True,False
18.60347939,73.75160217,True,True,True,False
18.52220726,73.7804184,True,False,True,True
18.52059937,73.92752838,True,True,True,False
18.56716347,73.80487823,True,False,True,False
18.5743351,73.7727356,True,True,True,False
18.56291771,73.77078247,True,False,True,True
18.54850578,73.79492188,True,False,True,True
18.57967186,73.7727356,True,True,True,False
18.57818794,73.7743988,True,True,True,False
18.56719208,73.78601074,True,False,True,True
18.54911041,73.79128265,True,False,True,True
18.54423523,73.79344177,True,False,True,True
18.5673275,73.80388641,True,False,True,False
18.57356071,73.76959991,True,False,True,False
18.57889175,73.77068329,True,True,True,False
18.55888367,73.80407715,True,False,True,False
18.54259491,73.79163361,True,False,True,True
18.5668869,73.80753326,True,False,True,False
18.56721878,73.80590057,True,False,True,False
18.54667854,73.80220795,True,False,True,True
18.5716629,73.7790451,True,True,True,False
18.55522156,73.78281403,True,False,True,True
18.56766319,73.77165222,True,False,True,False
18.56496239,73.80393219,True,False,True,False
18.56680298,73.77088165,True,False,True,False
18.55748558,73.80955505,True,False,True,False
18.55473709,73.88181305,True,True,True,False
18.50863457,73.92761993,True,True,True,False
18.53361511,73.88479614,True,True,True,False
18.57663345,73.77033234,True,True,True,False
18.55214691,73.76937103,True,False,True,True
18.57922935,73.76403046,True,False,True,False
18.5716095,73.77642059,True,False,True,False
18.56677437,73.7747879,True,False,True,False
18.57720184,73.78591919,True,True,True,False
18.57027054,73.78349304,True,True,True,False
18.56747818,73.80358124,True,False,True,False
18.57522774,73.77285004,True,True,True,False
18.55373573,73.78446198,True,False,True,True
18.57569885,73.77638245,True,True,True,False
18.55979538,73.77394104,True,False,True,True
18.55635071,73.81604767,True,False,True,False
18.56630898,73.81248474,True,False,True,False
18.58082008,73.7844162,True,True,True,False
18.55987549,73.78089905,True,False,True,True
18.55820465,73.80586243,True,False,True,False
18.46482658,73.90315247,True,True,False,False
18.67864037,73.87439728,True,False,True,False
18.54663277,73.90539551,True,True,True,False
18.56634712,73.81490326,True,False,True,False
18.56785393,73.77397156,True,False,True,False
18.53239822,73.94406128,True,True,True,False
18.57546043,73.90742493,True,False,True,False
18.66300774,73.88861847,True,False,True,False
19.0200901,73.89187622,False,False,False,False
18.47921181,73.82107544,True,False,True,False
18.56594276,73.81510925,True,False,True,False
18.54401398,73.79227448,True,False,True,True
18.54717445,73.82022095,True,False,True,False
18.58788681,73.68241882,True,False,True,False
18.49902153,73.92333221,True,False,True,False
18.46693993,73.91191101,True,True,False,False
18.63400078,73.7338028,True,False,True,False
18.63204193,73.7368927,True,False,True,False
18.56337929,73.96300507,True,False,True,False
18.53169823,73.95027924,True,False,True,False
18.53661919,73.94754028,True,True,True,False
18.59936523,73.9050827,True,False,True,False
18.55474091,73.81060028,True,False,True,False
18.56669235,73.81530762,True,False,True,False
18.49368477,73.71643066,True,False,True,False
18.65538216,73.76102448,True,False,True,True
18.64920044,73.76577759,True,False,True,False
18.66309738,73.80917358,True,False,True,False
18.58916855,73.8928833,True,False,True,False
18.5975399,73.9161911,True,False,True,False
18.60214043,73.79465485,True,True,True,False
18.45167732,73.85417175,True,False,True,False
18.56913948,74.02566528,True,False,True,False
18.57219696,73.77565002,True,True,True,False
18.56408691,73.96179962,True,False,True,False
18.64847946,73.84352112,True,False,True,False
18.62817955,73.78125763,True,True,True,False
18.48727798,73.82118225,True,False,True,False
18.44725418,73.79767609,True,True,False,False
18.59526443,73.78869629,True,True,True,False
18.63852692,73.84778595,True,False,True,False
18.48439598,73.85587311,True,False,True,False
18.63404083,73.81106567,True,True,True,False
18.59298134,73.89568329,True,False,True,False
18.60145378,73.921875,True,False,True,False
18.56929398,73.78317261,True,False,True,False
18.55953217,73.78904724,True,False,True,True
18.50206757,73.74404144,True,False,True,False
18.55945015,73.79086304,True,False,True,True
18.49514008,73.92334747,True,False,True,False
18.48584366,73.89510345,True,True,False,False
18.59877205,73.79434967,True,True,True,False
18.59965897,73.79489136,True,True,True,False
18.48814964,73.81676483,True,False,True,False
18.55944252,73.7819519,True,False,True,True
18.51280594,73.78125,True,False,True,False
18.47982025,73.83085632,True,False,True,False
18.59374046,73.89377594,True,False,True,False
18.52228928,73.77256012,True,False,True,True
18.51394653,73.77102661,True,False,True,False
18.52776909,73.92812347,True,True,True,False
18.466959,73.82790375,True,False,True,False
18.55923462,73.77996826,True,False,True,True
18.51338005,73.83309174,True,True,True,False
18.45800209,73.78517914,True,True,True,False
18.5143261,73.9402771,True,True,True,False
18.4542923,73.88523102,True,False,False,False
18.54229355,73.88842773,True,True,True,False
18.55241966,73.7710495,True,False,True,True
18.5089016,73.8319931,True,True,True,False
18.55067062,73.90377045,True,True,True,False
18.5906086,73.73022461,True,True,True,False
18.50379753,73.80992126,True,False,True,False
18.46525002,73.91521454,True,True,False,False
18.55297279,73.78955841,True,False,True,True
18.46099281,73.84983826,True,False,True,False
18.55919266,73.77970123,True,False,True,True
18.57375526,73.97623444,True,False,True,False
18.59038162,73.77328491,True,True,True,False
18.5764637,73.7658844,True,False,True,False
18.55125237,73.77441406,True,False,True,True
18.59416389,73.76515198,True,False,True,False
18.4751091,73.93266296,True,False,False,False
18.57831955,73.96798706,True,False,True,False
18.42463493,73.89905548,True,False,True,False
18.6384201,73.73475647,True,False,True,False
18.56949615,73.87870026,True,False,True,False
18.52044868,73.93849945,True,True,True,False
18.48045349,73.80678558,True,False,True,False
18.45667076,73.90953064,True,True,True,False
18.44608688,73.9174881,True,False,True,False
18.55127716,73.92098999,True,True,True,False
18.61645126,73.7743988,True,True,True,False
18.61078644,73.77153015,True,True,True,False
18.5358963,73.945961,True,True,True,False
18.53743362,73.94949341,True,True,True,False
18.55818367,73.92165375,True,True,True,False
18.51300621,73.94721985,True,True,True,False
18.47523308,73.89495087,True,True,False,False
18.46402168,73.88986969,True,True,False,False
18.50587463,73.8420105,True,True,True,False
18.56635475,73.7695694,True,False,True,False
18.67665672,73.85422516,True,False,True,False
18.47952461,73.93237305,False,False,False,False
18.48796082,73.7978363,True,False,True,False
18.59233093,73.79817963,True,True,True,False
18.59866333,73.78554535,True,True,True,False
18.65424728,73.73588562,True,False,True,False
18.59077263,73.79174042,True,True,True,False
18.46051216,73.79430389,True,True,False,False
18.45890045,73.78898621,True,True,False,False
18.45963287,73.79055786,True,True,False,False
18.52104759,73.77257538,True,False,True,False
18.51617241,73.77026367,True,False,True,False
18.52168083,73.76389313,True,False,True,True
18.55448532,73.76759338,True,False,True,True
18.53703308,73.94950104,True,True,True,False
18.51065445,73.7813797,True,False,True,False
18.51424217,73.77316284,True,False,True,False
18.54802132,73.9328537,True,True,True,False
18.51395035,73.80654144,True,False,True,True
18.55677414,73.95593262,True,False,True,False
18.51303101,73.9471817,True,True,True,False
18.52241516,73.93550873,True,True,True,False
18.44808769,73.90656281,True,False,True,False
18.44987106,73.91234589,True,False,True,False
18.45099831,73.87236023,True,False,True,False
18.46015167,73.91362,True,True,True,False
18.54227448,73.78449249,True,False,True,True
18.59397507,73.75163269,True,True,True,False
18.59099579,73.74343872,True,True,True,False
18.45611572,73.9188385,True,False,True,False
18.56504822,73.76965332,True,False,True,False
18.59900284,73.91033173,True,False,True,False
18.45618629,73.78399658,True,True,True,False
18.51773071,73.90675354,True,True,True,False
18.46132088,73.91439819,True,True,True,False
18.45619583,73.91448212,True,False,True,False
18.45811462,73.78936768,True,True,False,False
18.4564476,73.78610229,True,True,True,False
18.60349274,73.7612381,True,True,True,False
18.59657669,73.76704407,True,False,True,False
18.56022644,73.94680786,True,True,True,False
18.56119919,73.94778442,True,True,True,False
18.5464325,73.93385315,True,True,True,False
18.50141716,73.92111206,True,False,True,False
18.5008564,73.93518066,True,False,True,False
18.49851418,73.92345428,True,False,True,False
18.599226,73.76329803,True,True,True,False
18.59265709,73.96859741,True,False,True,False
18.58539009,73.8755722,True,False,True,False
18.58964539,73.93215942,True,False,True,False
18.59729385,73.76016998,True,True,True,False
18.60299492,73.76326752,True,True,True,False
18.59202957,73.76960754,True,True,True,False
18.60170937,73.76239014,True,True,True,False
18.66744995,73.70217896,True,False,True,False
18.46322441,73.9021759,True,True,False,False
18.45256233,73.9199295,True,False,True,False
18.46556282,73.93635559,True,False,False,False
18.44471359,73.91989136,True,False,True,False
18.51017761,73.92458344,True,True,True,False
18.47414207,73.93651581,True,False,False,False
18.48423386,73.95812225,True,False,True,False
18.48541641,73.93864441,True,False,False,False
18.48131561,73.93276215,True,False,False,False
18.47999954,73.93000031,False,False,False,False
18.50113678,73.9384613,True,False,True,False
18.48871994,73.93733978,True,False,False,False
18.48084831,73.93577576,True,False,False,False
18.49815178,73.96245575,True,False,True,False
18.49817085,73.95925903,True,False,True,False
18.46534538,73.93486786,True,False,False,False
18.48906708,73.93299103,True,False,True,False
18.47151184,73.93690491,True,False,False,False
18.48888588,73.9434967,True,False,True,False
18.46088982,73.91506195,True,True,True,False
18.4601593,73.91429138,True,True,True,False
18.45055962,73.92471313,True,False,True,False
18.59830666,73.75841522,True,True,True,False
18.59652519,73.76265717,True,True,True,False
18.60178185,73.75954437,True,True,True,False
18.60016441,73.7557373,True,True,True,False
18.59777069,73.76177216,True,True,True,False
18.45106697,73.91685486,True,False,True,False
18.57409477,73.77438354,True,True,True,False
18.45063019,73.89899445,True,False,False,False
18.47076607,73.91299438,False,True,False,False
18.44655228,73.87433624,True,False,True,False
18.45461082,73.91021729,True,True,True,False
18.53680611,73.89556885,True,True,True,False
18.60027313,73.77169037,True,True,True,False
18.45555687,73.92867279,True,False,True,False
18.46720123,73.90486145,True,True,False,False
18.47912025,73.94314575,True,False,True,False
18.46165085,73.88987732,True,True,False,False
18.60034752,73.77388,True,True,True,False
18.44071579,73.9079895,True,False,True,False
18.56352806,73.75112152,True,False,True,False
18.56761932,73.77799225,True,False,True,False
18.60243607,73.77078247,True,True,True,False
18.55917168,73.88117218,True,True,True,False
18.5519352,73.88988495,True,True,True,False
18.62402916,73.73253632,True,False,False,False
18.62774849,73.79701996,True,True,True,False
18.62901878,73.78148651,True,True,True,False
18.63259697,73.80936432,True,True,True,False
18.57692146,73.88557434,True,False,True,False
18.55951881,73.77996063,True,False,True,True
18.58518982,73.78179932,True,True,True,False
18.62517357,73.73738861,True,False,False,False
18.63718605,73.7440567,True,False,True,False
18.63767815,73.73706818,True,False,True,False
18.62446976,73.72875977,True,False,False,False
18.65149879,73.73213959,True,False,True,False
18.63230705,73.73251343,True,False,True,False
18.63676834,73.73078156,True,False,True,False
18.59382057,73.87377167,True,False,True,False
18.50675774,73.87688446,True,False,True,False
18.50420952,73.90144348,True,True,True,False
18.5152874,73.7730484,True,False,True,False
18.55462074,73.802948,True,False,True,True
18.55456924,73.81224823,True,False,True,False
18.52210808,73.77835846,True,False,True,True
18.54482841,73.79354858,True,False,True,True
18.57080269,73.77485657,True,False,True,False
18.56114769,73.81332397,True,False,True,False
18.54958725,73.7890625,True,False,True,True
18.57207489,73.77645111,True,True,True,False
18.54591942,73.77755737,True,False,True,True
18.56026077,73.80919647,True,False,True,False
18.54414368,73.90107727,True,True,True,False
18.57972145,73.76592255,True,False,True,False
18.55742264,73.80046082,True,False,True,True
18.57212067,73.77640533,True,True,True,False
18.57808685,73.77077484,True,True,True,False
18.54877853,73.76789093,True,False,True,True
18.51524734,73.7729187,True,False,True,False
18.55358315,73.80482483,True,False,True,True
18.54436111,73.78487396,True,False,True,True
18.56436157,73.83913422,True,False,True,False
18.55794144,73.80295563,True,False,True,True
18.55465698,73.80698395,True,False,True,False
18.55539131,73.80922699,True,False,True,False
18.50040436,73.77735901,True,False,False,False
18.55842972,73.7952652,True,False,True,True
18.56683731,73.80549622,True,False,True,False
18.55557823,73.76647949,True,False,True,True
18.52750397,73.96342468,True,False,True,False
18.56682968,73.91797638,True,False,False,False
18.55300331,73.93356323,True,True,True,False
18.52931023,73.84796143,True,False,True,False
18.55159187,73.94326019,True,True,True,False
18.45937729,73.91976166,True,False,True,False
18.48189354,73.89647675,True,True,False,False
18.60449982,73.90254211,False,False,True,False
18.54856491,73.88799286,True,True,True,False
18.59881783,73.90312195,True,False,True,False
18.54802322,73.89959717,True,True,True,False
18.54919815,73.90361786,True,True,True,False
18.58414268,73.98375702,True,False,True,False
18.59725189,74.05182648,False,False,False,False
18.47592545,73.85413361,True,False,True,False
18.48110771,73.86430359,True,False,True,False
18.44947624,73.84402466,True,False,True,False
18.44222069,73.84529114,True,False,True,False
18.48049164,73.87045288,True,False,True,False
18.49583626,73.86147308,True,False,True,False
18.4944706,73.86396027,True,False,True,False
18.48164177,73.86614227,True,False,True,False
18.47667885,73.858078,True,False,True,False
18.46612358,73.85324097,True,False,True,False
18.46162033,73.85053253,True,False,True,False
18.45836067,73.85440063,True,False,True,False
18.47758484,73.85728455,True,False,True,False
18.45503044,73.86703491,True,False,True,False
18.47400856,73.86915588,True,False,True,False
18.56236076,73.78580475,True,False,True,True
18.62447548,73.7853775,True,True,True,False
18.53393745,73.89832306,True,True,True,False
18.53276825,73.93916321,True,True,True,False
18.46611595,73.8269577,True,False,True,False
18.62928581,73.77713776,True,True,True,False
18.50751877,73.94139099,True,True,True,False
18.60032654,73.79438019,True,True,True,False
18.57931709,73.81426239,True,False,True,False
18.5396347,73.89807892,True,True,True,False
18.75581551,73.84977722,True,False,True,False
18.55890846,73.96257019,True,False,True,False
18.59409904,73.74171448,True,True,True,False
18.61053467,73.77159119,True,True,True,False
18.59076881,74.00076294,True,False,False,True
18.61428642,73.81586456,True,False,True,False
18.6006279,73.78252411,True,True,True,False
18.46849823,73.85266113,True,False,True,False
18.599823,73.77628326,True,True,True,False
18.46827507,73.85227966,True,False,True,False
18.57935715,73.68952942,True,False,True,False
18.45128822,73.82376862,True,False,False,False
18.59511757,73.78903198,True,True,True,False
18.47351456,73.95557404,True,False,True,False
18.46458817,73.85141754,True,False,True,False
18.58903122,73.80046082,True,True,True,False
18.66044044,73.81028748,True,False,True,False
18.51945686,73.91488647,True,True,True,False
18.35493088,74.03047943,True,False,True,False
18.45877838,73.84264374,True,False,True,False
18.4670372,73.93384552,True,False,False,False
18.4805069,73.81829071,True,False,True,False
18.45766068,73.9354248,True,False,True,False
18.58218956,73.77103424,True,True,True,False
18.58242989,73.8307724,True,False,True,False
18.44791222,73.82184601,True,False,False,False
18.4847908,73.88598633,True,False,False,False
18.59098053,73.81969452,True,False,True,False
18.61786652,73.75193024,True,True,True,False
18.43234062,73.84060669,True,False,True,False
18.59012604,73.81243134,True,False,True,False
18.56709671,73.94976807,True,False,True,False
18.62091446,73.87155914,True,False,True,False
18.44909096,73.80989075,True,True,False,False
18.44801712,73.89817047,True,False,False,False
18.66466713,73.847229,True,False,True,False
18.44235039,73.88324738,True,False,True,False
18.50875092,73.84584808,True,True,True,False
18.59967804,73.81496429,True,False,True,False
18.45146942,73.86211395,True,False,True,False
18.51822281,73.8483963,True,False,True,False
18.6150074,73.75059509,True,True,True,False
18.52291489,73.77516937,True,False,True,True
18.68511581,73.83211517,True,False,True,False
18.47158813,73.93374634,True,False,False,False
18.55463982,73.95282745,True,True,True,False
18.55987358,73.89556122,True,True,True,False
18.60000038,73.77999878,True,True,True,False
18.49149323,73.93418121,True,False,True,False
18.63470268,73.69690704,False,False,True,False
18.54802132,73.93351746,True,True,True,False
18.49774742,73.85173035,True,False,True,False
18.58634377,73.78097534,True,True,True,False
18.50546455,73.80851746,True,False,True,False
18.45344925,73.82279205,True,False,False,False
18.53504753,73.85189056,True,False,True,False
18.50115395,73.92419434,True,False,True,False
18.66116142,73.72866058,True,False,True,False
18.55945969,73.79322052,True,False,True,True
18.55848312,73.93278503,True,True,True,False
18.73064613,73.6730423,True,True,True,False
18.44516754,73.91171265,True,False,True,False
18.64005089,73.79266357,True,True,True,False
18.54041862,73.92922211,True,True,True,False
18.49061394,73.82006836,True,False,True,False
18.61031723,73.71395874,True,False,True,True
18.51627922,73.81690216,True,False,True,True
18.62981606,73.79961395,True,True,True,False
18.68206406,73.83172607,True,False,True,False
18.64890099,73.77767181,True,False,True,False
18.63196564,73.84397125,True,False,True,False
18.63233948,73.76102448,True,False,True,False
18.53657913,74.02279663,True,False,False,False
18.55481339,73.92793274,True,True,True,False
18.555233,73.94291687,True,True,True,False
18.6554203,73.77607727,True,False,True,False
18.62310982,73.81984711,True,False,True,False
18.59669113,73.79779053,True,True,True,False
18.60704041,73.77272797,True,True,True,False
18.45478058,73.87535095,True,False,True,False
18.44711494,73.84838867,True,False,True,False
18.66948318,73.73644257,True,False,False,False
18.5904026,73.75090027,True,True,True,False
18.60108376,73.77476501,True,True,True,False
18.66410065,73.90952301,True,False,True,False
18.64649773,73.77364349,True,False,True,False
18.75086021,73.84725189,True,False,True,False
18.59421349,73.71434784,True,False,True,True
18.57948875,73.97609711,True,False,True,False
18.6112957,73.74077606,True,True,True,False
18.6340313,73.77325439,True,False,True,False
18.52963066,73.82131958,True,False,True,True
18.55122948,73.93897247,True,True,True,False
18.59308052,73.70708466,True,False,True,True
18.54874611,73.93305206,True,True,True,False
18.56463623,73.83358002,True,False,True,False
18.70651627,73.7856369,True,False,True,False
18.50874901,73.90709686,True,True,True,False
18.56237793,73.94921112,True,True,True,False
18.60074806,73.92801666,True,False,True,False
18.43601418,73.86934662,True,False,True,False
18.54932213,73.93157196,True,True,True,False
18.49795914,73.96952057,True,False,True,False
18.47597885,73.97411346,True,False,True,False
18.52169228,73.77030945,True,False,True,False
18.52470016,73.86399078,True,True,True,False
18.51625061,73.90840912,True,True,True,False
18.45327187,73.83125305,True,False,True,False
18.59386063,73.71205902,True,False,True,True
18.44929695,73.87532806,True,False,True,False
18.50510406,73.79549408,True,False,True,False
18.48616219,73.94197083,True,False,True,False
18.44914246,73.88239288,True,False,True,False
18.65365982,73.73862457,True,False,True,False
18.44768143,73.81111908,True,True,False,False
18.49817085,73.82077026,True,True,True,False
18.61247063,73.71542358,True,False,True,True
18.63189888,73.77593231,True,False,True,False
18.60332108,73.7872467,True,True,True,False
18.67391586,73.80892944,True,False,True,False
18.47051239,73.94250488,True,False,False,False
18.62263298,73.91603088,False,False,True,False
18.75392723,73.8572998,True,False,True,False
18.61588287,73.87258148,True,False,True,False
18.4464283,73.91749573,True,False,True,False
18.61376381,73.71811676,True,False,True,False
18.60105515,73.92093658,True,False,True,False
18.58035851,73.98484039,True,False,True,False
18.58424377,74.00370789,True,False,False,True
18.56394577,73.8102951,True,False,True,False
18.5336628,73.93003845,True,True,True,False
18.53367805,73.93003845,True,True,True,False
18.72909927,73.82025146,False,False,True,False
18.57719994,73.75559235,True,False,True,False
18.48261833,73.80117035,True,False,True,False
18.53338623,73.82621765,True,False,True,True
18.5709877,73.81765747,True,False,True,False
18.60796928,73.93756104,False,False,True,False
18.63720131,73.74578094,True,False,True,False
18.51546478,73.77231598,True,False,True,False
18.52907181,73.92547607,True,True,True,False
18.55018044,73.92121124,True,True,True,False
18.69405365,74.13639832,False,False,False,False
18.49145699,73.79227448,True,False,False,False
18.69433212,73.64808655,True,False,True,False
18.59552383,73.92939758,True,False,True,False
18.50524712,73.79355621,True,False,False,False
21.1273098,79.08241272,False,False,False,False
21.17945862,72.80954742,False,False,False,False
18.59944534,73.79008484,True,True,True,False
18.43995094,73.84883881,True,False,True,False
18.57164192,73.82953644,True,False,True,False
18.63172722,73.78774261,True,True,True,False
18.60121155,73.74320984,True,True,True,False
18.74325562,73.84774017,True,False,True,False
18.58147621,73.79753876,True,True,True,False
18.60222626,73.73621368,True,True,True,False
18.59380913,73.79833221,True,True,True,False
18.50295067,73.80758667,True,False,True,False
18.51398277,73.86376953,True,False,True,False
18.57938194,73.98279572,True,False,True,False
18.52243614,73.95858765,True,False,True,False
18.53225517,73.94303894,True,True,True,False
18.62142944,73.78649902,True,True,True,False
18.45730782,73.83914185,True,False,True,False
18.59160042,73.71278381,True,False,True,True
18.59894371,73.76527405,True,False,True,False
18.59788322,73.78840637,True,True,True,False
18.59203911,73.7318573,True,True,True,False
18.59425354,73.74131775,True,True,True,False
18.48571777,73.81295776,True,False,True,False
18.57535172,73.67964935,True,False,True,False
18.62132835,73.85353088,True,False,True,False
18.44493675,73.8012085,True,True,False,False
18.54369545,73.78440857,True,False,True,True
18.53475571,73.897995,True,True,True,False
18.49514961,73.96816254,True,False,True,False
18.60754967,73.921875,True,False,True,False
18.59599876,73.79756165,True,True,True,False
18.57417488,73.90983582,True,False,True,False
18.55659676,73.94007111,True,True,True,False
18.56627274,73.77991486,True,False,True,False
18.54691505,73.93416595,True,True,True,False
18.48850441,73.9008255,True,True,True,False
18.60337067,73.82587433,True,False,True,False
18.55533981,73.94221497,True,True,True,False
18.46854019,73.81988525,True,False,True,False
18.470047,73.89107513,True,True,False,False
18.62791824,73.73498535,True,False,True,False
18.44767761,73.89941406,True,False,False,False
18.54387856,73.92185211,True,True,True,False
18.45072746,73.91629028,True,False,True,False
18.59333038,73.93199158,True,False,True,False
18.52306366,73.9298172,True,True,True,False
18.58797455,73.73735809,True,True,True,False
18.58025932,73.73374176,True,True,True,False
18.49928474,73.80348969,True,False,True,False
18.44933128,73.9080658,True,False,True,False
18.52472115,73.90880585,False,True,True,False
18.57167625,73.82749176,True,False,True,False
18.55162239,73.89958191,True,True,True,False
18.55962372,73.94892883,True,True,True,False
18.48798752,73.78939819,True,False,False,False
18.59781837,73.7609024,True,True,True,False
18.62430191,73.72978973,True,False,False,False
18.66268539,73.89546967,True,False,True,False
18.47189713,73.84466553,True,False,True,False
18.4577198,73.81452942,True,True,False,False
18.48542213,73.93516541,True,False,False,False
18.61416626,73.87371063,True,False,True,False
18.56254387,73.93169403,True,True,True,False
18.59726143,73.81361389,True,False,True,False
18.65605736,73.77078247,True,False,True,False
18.6529789,73.7727356,True,False,True,False
18.6579895,73.77426147,True,False,True,False
18.59247589,73.79853821,True,True,True,False
18.65200233,73.75196075,True,False,True,False
18.59401512,73.76426697,True,False,True,False
18.55077171,73.79243469,True,False,True,True
18.56031227,73.76267242,True,False,True,False
18.57715416,73.75396729,True,True,True,False
18.5986557,73.80379486,True,False,True,False
18.59547997,73.79855347,True,True,True,False
18.55793571,73.77638245,True,False,True,True
18.59983826,73.75639343,True,True,True,False
18.59330368,73.74833679,True,True,True,False
18.59449768,73.7748642,True,True,True,False
