latitude,longitude,dist_highway_m,dist_mall_m,dist_river_m,dist_mountain_m
23.0445921,72.517344,228.72294926042176,1547.4230727175031,546.3377149018736,
23.0260111,72.5567179,45.95424017099891,3298.7124513414888,616.2735583511644,
23.0169268,72.5204317,434.919922232448,1149.1740183537581,1036.7193397249748,
23.0238876,72.3851475,546.4591838433297,9241.869034620042,600.4300030805823,
23.0359998,72.5643429,289.48425421732173,2608.8539998179176,1413.8552751353848,
23.0069372,72.5208415,706.138312821093,2214.0228529069486,951.7918492334429,
23.0063315,72.536517,374.5530587387347,2564.428986880724,330.29252007832207,
23.0589329,72.6718737,1518.390115730573,8723.486391000508,1889.3597779866027,
23.0225,72.5714,12.60562458123361,2995.599280365563,1559.1384738591053,
22.9986596,72.6114013,717.5139440054434,5647.167652122109,1343.2842476055102,
23.075569,72.549728,1382.1561875341736,3531.4828014514965,949.4657566023669,
23.0544372,72.4720756,821.4253102789653,4125.880640996897,280.2389512066084,
23.0400861,72.5290418,874.8662596352888,1574.1813937198629,184.02261822084898,
23.0272347,72.5071124,10.874028380832565,1779.8223372803195,567.1846193081359,
23.1100643,72.5811205,360.91076168850776,1693.9361556015886,2324.3185066140522,
23.0385802,72.4587752,2070.169079853254,2888.447146793095,43.16530515475793,
22.9999369,72.5050111,740.9960782075184,3569.2976762424673,508.0890315317515,
23.0020055,72.5472413,370.1261007181397,3588.719485953906,943.4380440949224,
23.0108213,72.4427119,2704.2590591906355,3403.654901534133,15.550985455811956,
22.996342,72.5043085,838.728502442615,3793.7298496429034,257.88016311114995,
23.0008422,72.6186315,120.98292532573375,5792.438688580398,1448.5493811401718,
23.0295113,72.4506006,2793.176938215072,2851.1108277776857,388.06365350028784,
23.0516973,72.535169,984.7564582047565,1626.7859816243686,189.99953630129377,
23.0225299,72.5416944,119.24333146720303,1816.948612532613,1514.4008176405507,
23.077854,72.494798,429.312764176745,3454.8760589549524,111.3957604097418,
23.0485393,72.511742,461.8753043229995,1417.839388002178,298.19487581226025,
23.1144034,72.5477704,1171.9879097436806,5072.458124709495,3.245244930814959,
23.0917717,72.5973345,714.8715066709492,1257.8473238800025,1098.89557609143,
23.0804086,72.6340502,739.6135465086904,4649.876287361881,1764.636154436632,
23.0011144,72.5168855,1105.7610342735552,2934.842295192748,1034.6730024780006,
23.0145531,72.5635432,305.58601003185896,4182.668997745706,990.1191747676813,
23.0040778,72.5285046,533.0011489734876,2533.820990743825,1186.267422093665,
22.9306513,72.4407996,687.579858326378,10272.585506855808,2046.3953504307815,
23.1010002,72.5408363,828.2903801280089,5186.349404392031,637.7848727067756,
22.9589978,72.6297981,1726.9417488457602,10441.19184836315,1171.2002516854336,
23.0233196,72.4087089,2881.6106271550393,6834.102948884183,436.133264961906,
23.0287179,72.481643,423.4677262056232,1417.4695436220545,4.927774378054291,
23.0766234,72.5764197,997.9656594762895,3539.0398997208486,1823.004793321532,
23.069237,72.5111307,1350.3129553800234,1588.480741026469,1232.462495111875,
22.9729765,72.5895984,133.97495690513537,7973.314808697088,1355.4676306353851,
23.0231657,72.5602628,418.29403696759954,3680.390692615763,501.6345090072103,
23.0457058,72.5268056,1067.457316004763,1507.6862250865652,835.8498015893284,
22.9645191,72.4704112,551.7865341507451,5905.0357063231,293.3161808004343,
23.0110669,72.5137432,179.5787750194398,2044.1660737003895,282.99038191163805,
22.9811295,72.6012948,284.1398021068363,7194.293428042487,291.8838189097185,
23.0264444,72.5120935,484.9670032873585,1268.587328508607,557.1885688237683,
23.092529,72.561323,2796.9147801181625,3712.573132378089,574.2972866048881,
23.0355463,72.4221954,4539.784047118299,5783.947805100394,63.74379719969886,
23.0682238,72.5640995,179.7395209933798,3585.78465813625,2122.979063073289,
23.086171,72.534872,792.5704686526127,3431.529739375129,280.01531169825483,
23.1559206,72.5483,549.8195275713346,7630.120139777206,819.552364404687,
23.0393458,72.2748933,2559.977203489057,20640.453636967697,1146.1222929158023,
23.1060238,72.4759517,2421.8402671926747,7035.404646193644,864.2364429524728,
22.9964913,72.5774026,149.50494876469426,5466.373506876377,1158.5335754115533,
23.0945918,72.6119846,1499.3556169148349,1901.6009807137725,539.5531916194768,
23.0311771,72.5641637,483.3620433990109,2866.5108426483957,1434.6873465803828,
23.0263944,72.5610565,396.45129449860497,3427.8121055249253,816.689561841899,
22.983483,72.5007203,222.15647266886575,4592.641578898337,395.99639664870756,
23.0329288,72.5766297,679.9641922026079,1750.9585853980375,321.47622079517464,
23.058825,72.3686102,688.981860570581,11836.137256479524,974.5385585320031,
22.9993349,72.6245126,9.568592441873607,6272.595797775331,920.0527790346008,
23.1283467,72.558657,642.5321514615617,4729.6093178811425,523.373444222729,
23.018494,72.495454,969.7000037871204,2078.037324427253,701.8076719855068,
22.9999238,72.6006692,337.0798176200807,5140.569482169351,707.2830553135082,
23.0868734,72.4835036,975.305021571972,4984.405659920033,717.7085818112705,
23.1177924,72.5136803,680.1548872037702,6675.859503416275,267.8420827588055,
23.0472488,72.6088046,964.7423363657252,2144.4589431417467,407.825760578161,
23.0556364,72.5965538,585.9317445993951,1499.0978815642427,1377.1407079206451,
23.0255796,72.6653505,169.36550517759892,8191.378627347377,4.5663131836497115,
23.0017632,72.5940885,108.5177132595027,4810.829322922312,883.8414365046448,
23.0265739,72.5489628,361.5887978534248,2504.513759225308,1013.1745351016905,
23.0302382,72.6372435,180.00780791024417,5284.824769354235,576.4580841862731,
22.9411139,72.6674473,534.9717591754221,14094.810069572677,2919.5152873484894,
23.0836489,72.5520835,2060.101991465052,4271.329734786189,19.283660640186028,
22.9950077,72.4724656,0.015113480714809915,2510.073078431276,1068.6149473895098,
23.0687402,72.6734956,1391.2437204046698,8813.867916959145,1469.193579812028,
23.0697965,72.5524459,732.9476263955656,3480.174647952066,1559.452374680667,
23.1170709,72.6283409,81.02267313447051,3678.5120976312614,977.0874730176607,
23.022456,72.5505847,571.6544748644982,2709.303515427027,627.0608979689835,
23.1092602,72.5947005,693.1106093701627,705.6036198683104,1740.9149551894882,
23.0526146,72.4817156,169.27936879537,3967.7059602051945,741.3551208203207,
23.024974,72.5568313,106.23378106838037,3314.4731326357137,502.32431242465816,
23.0180393,72.55112,667.6271479516128,2885.4716485990552,597.7610458195584,
23.1361229,72.5426754,10.967247265628753,6563.17708685806,860.396875989651,
22.9954909,72.5335463,154.9266689363055,3577.280933649983,1413.108168780075,
23.0235385,72.470527,839.9817709421012,828.4650145037609,1279.9706517774607,
22.9402206,72.4567127,257.049768258486,8792.36729029093,1017.8096511176365,
23.0188317,72.6004561,328.990742302073,3141.475585188671,1399.4093918255737,
23.0770712,72.5890677,484.0842925253524,2963.4406227251907,2253.1483728149233,
23.0819604,72.6070596,600.5062254488616,2607.436766111066,873.6683209358714,
23.0139664,72.5288636,49.75430392447047,1470.5123629220145,1360.2372342147091,
23.0516211,72.5190509,121.66742905669444,746.7824824729196,715.4813356543967,
23.3450938,72.3130173,15386.103538820951,38334.840690885365,6625.9624600607485,
23.0611627,72.5858628,479.7814475759544,1847.5641998228805,484.52716841138937,
23.0263264,72.5077538,60.78104141182007,1712.8265202753637,679.3697639841317,
23.0791714,72.6107869,112.63154741832969,3061.0126424584028,964.1331382237638,
23.0601652,72.5806382,520.0555395101477,1882.0927715435837,396.875663406501,
23.049496,72.5932852,353.4282905310486,759.4897406085479,1360.683712000461,
23.0362408,72.630339,1140.6500164578083,4429.015924439313,1033.964374680609,
23.0892382,72.5222394,785.81593148593,3462.7625825096857,957.8282378026199,
23.0458688,72.5348755,668.683498838463,1976.2709435433778,675.445211990072,
23.0439485,72.5067183,730.9254237484677,2141.1512079395975,548.0606848451473,
23.0045991,72.5096372,859.6290611005456,2876.680451613335,377.3391102869963,
23.0212928,72.5847376,808.1467384992237,2620.990714394954,371.2802090024953,
23.0735173,72.6415892,708.5631436125719,5717.392862969128,1539.2620877020954,
23.1263903,72.5400089,27.38150663545907,6269.965956487553,377.8898715987614,
23.0242311,72.5713983,1.9856196994108073,2839.4135579068093,1426.8982905997887,
23.0811398,72.1741575,4840.86717333311,31604.054313079032,12306.118090573631,
22.9993547,72.6137203,567.4234926078875,5683.041363097577,1493.7900740494067,
22.9948656,72.6624431,788.6630462486092,9415.650041592142,542.5001381247602,
23.1296579,72.5896904,3.6144802911513048,3029.787837802072,938.5399481038755,
23.0751633,72.5440359,1779.877882724015,3033.272742645218,1125.7874169207907,
23.0458191,72.5523558,14.791060967420695,3498.5994551435288,1116.005446744032,
23.0494743,72.5243905,692.1615549296368,1026.3040062319615,1274.899633078031,
23.0214082,72.5198974,930.5988978473792,741.2151061134739,552.8205602213422,
23.0392105,72.5810327,166.51742442931345,938.9324905669537,510.95626409364434,
23.0274015,72.5064443,79.3758813639235,1848.9754050984639,541.3868618409448,
22.1398631,72.1004929,77999.87091522533,104891.48200237748,70587.90997465377,
23.0057574,72.6269822,102.84387672990904,5882.6696191873425,1506.6733527235417,
23.0168635,72.4725529,729.2757116197614,276.5942250334822,1617.6602813012628,
23.0854097,72.6580946,100.76323614667008,6665.8377482468595,984.4449841924368,
22.9552343,72.4222572,3374.549399979122,8786.281949164524,701.76572007965,
23.0848516,72.5303277,736.6304952305283,3125.2861270578906,5.976830671911531,
23.0459268,72.5368259,511.06929116492466,2121.152041590991,632.5559630352479,
23.020404,72.556059,103.07871983831413,3302.574619646926,28.409987522448507,
23.0484229,72.5288598,1163.8746425346246,1352.4073716703545,907.490696632084,
23.0759257,72.630564,1116.2962201567057,4659.4293792321805,2122.4702984579117,
23.0585119,72.5174406,285.2211921069022,354.9689086198744,886.8212203493958,
22.8278859,72.3684741,399.5015221260646,23742.338878854625,2724.628120738403,
23.0474293,72.5566266,3.0801371755478963,3228.3499462089053,1495.0017556323241,
23.1031114,72.6021329,597.2598947062525,648.7108456722792,733.3318985741658,
23.003723,72.5538743,113.37646011037863,3936.3166738913164,1493.370294912644,
23.0616704,72.6721767,1677.0748585575973,8814.128810804203,2195.2412106126308,
23.0388616,72.6358575,600.8718198056408,4935.795701994539,1337.2577970801776,
22.9109566,72.4869293,493.74740990588265,11901.625442738889,969.5732554131093,
22.8032995,72.448175,670.3868154755021,23971.736952084757,6756.017414946349,
23.0263312,72.601,166.1937441013,2432.569741027663,1448.3838986088485,
23.016933,72.4729214,691.0625171709514,238.1213696684194,1589.7802675104288,
23.0329173,72.6830623,701.1170070161663,9811.168126702849,1275.8872732583095,
22.9825505,72.6258224,1.719272724522553,7916.119804920418,1154.0322066407698,
23.0256526,72.5265946,442.14496767406223,238.0684348628678,549.5109396973386,
23.0154366,72.5292622,156.25497009622669,1330.1669510626773,1430.4385531459823,
12.9858669,77.5331755,447.138066787163,4258.478393463139,1162.6305081073133,3304.9900735824276
12.9907478,77.7467309,554.7276351657166,4938.288086218046,1059.8047379590341,1717.671247753945
12.9357366,77.624081,87.98955792309364,910.8418655197303,427.8134495798367,7824.921029946557
12.9716,77.5946,92.38085243734022,1460.390075232874,160.92470092391113,6317.390223430613
12.8009043,77.7114908,114.51812838310052,15881.315106860671,852.4203476824956,13430.470100826302
13.0978039,77.5811889,737.1314839526326,10423.493050323785,886.2806703195774,10058.803449428953
12.9034581,77.6230028,766.969235211813,2048.7980879550055,855.7212649249889,4355.788823930409
12.9229728,77.4842926,32.200583609436904,11656.622868902894,637.1359213959876,3545.5540524267353
13.0427796,77.5129645,56.23945565180633,7430.861424319506,497.06306777402335,5551.689659137987
12.7751249,77.7709216,172.184421230547,21173.461069712735,1166.3079642406406,20422.820459008497
12.8977737,77.6745075,1771.9666399538105,6447.611436244679,359.9040563911946,7981.5649563633315
13.0125961,77.5333145,442.79226801874603,4003.2767962101243,423.2311864233194,1982.0445426065842
12.9730088,77.5804711,85.5025617152482,670.863157328472,1166.758761270602,5158.3390238305055
13.0382184,77.5919,291.7209649855213,4447.821370370842,632.6244429182725,5414.65611919582
13.0141618,77.6518539,281.3858186086257,5659.671458282153,798.7906676188046,10897.585851914744
12.9957428,77.7579489,115.53029918569217,6189.2104981584125,313.0033738151951,2409.989778414289
13.1067228,77.6173956,1531.6467782962202,12472.552684136888,362.40205718415757,7137.865358618358
13.037077,77.6413572,22.82037321826374,6899.647711032713,326.58885032242057,10212.209396983431
12.8964767,77.6216675,1298.3991935305658,2670.3417114358213,1186.539253455181,3585.431595080903
12.9278196,77.556621,522.5602600388765,5798.6959700153275,1444.2768308840173,2303.818930234806
12.9999024,77.6776703,25.01601016687593,5289.143279609643,549.5949492204097,8266.818686168934
12.9732913,77.6404672,218.48210018420505,3162.068971827787,646.1808639962763,10469.120193670778
12.9058923,77.675465,906.6036755525898,6123.086494580824,814.7300663503496,8495.600138822738
12.9109539,77.5978198,245.9647606895454,2233.6247268479074,1032.7984397001587,4991.675445030142
12.8633887,77.6130112,608.564277341872,3476.4228878338536,368.27507648175816,693.5734168209658
12.9140008,77.6102821,272.1639391940007,1383.9683939705617,1123.745227027622,5215.523722307309
12.9417261,77.5755021,125.589325546372,3524.5756031609467,1036.8652175089371,4850.103423415493
12.9181024,77.5576638,465.93988373485223,5292.838579168156,408.6302748654303,2164.6276369426882
13.0005232,77.5496166,7.995509847944812,2149.14561355837,1107.6065556252724,1040.5040926274007
13.0766407,77.5577315,1153.3875643320403,8090.53166116967,332.86073395181063,7472.706517418412
12.9676625,77.6761038,1272.274854187272,2646.8456737925667,295.5018193674841,8030.918403122387
12.8496783,77.6649749,370.87077309438075,8610.380210127745,49.53286156468849,6484.210243327072
12.9812262,77.6745845,1769.8656894049561,3716.825769222047,37.001571673558374,8170.927699578637
13.1014045,77.6356543,73.8559149734384,12922.519892693708,870.7887171809094,7252.602542584649
12.910206,77.5639218,429.7573936916764,4247.2077850301,701.2546982320468,2552.2486186933784
13.0333587,77.5581786,1149.2631091282005,3402.5869804564823,495.22935671364667,2729.6734968789247
12.8473999,77.6724452,130.7483296388679,9433.378862670144,135.41489506527668,7332.772541866919
12.9096941,77.5866067,369.1129076577152,2414.9346621439313,743.2230273685439,4517.286400340548
13.031992,77.6280789,186.38523353370178,5800.183438133047,394.9591239636124,8671.383055237702
12.9551213,77.5174955,302.8400432950931,6829.088544819589,916.686439765477,4600.277221779528
13.0027048,77.6346165,10.530411585220572,3408.275845422631,745.6438313840202,9052.8195818756
12.945245,77.6274776,780.601842401009,1786.0339341041936,273.6184067267226,8938.62791809291
13.0254156,77.5960071,1117.841569293383,3686.4526109413323,775.6008369127886,5141.034469918968
13.0522499,77.6316152,99.91179091044597,8064.464065629136,540.709994770401,9895.985695705622
13.0394104,77.5197351,70.49492227124797,6615.410998387125,1244.1537644007394,4758.382602578622
12.9975851,77.6136744,351.78659007456343,1694.0473455100268,128.37655978311756,6883.886924724172
12.9652094,77.717936,170.55408270713733,839.2372427673967,541.4488989817456,3637.510459916844
12.9589406,77.6555917,161.57049809943283,4569.677926323456,211.53062570254036,10371.754036923894
13.0662319,77.6007646,826.6093205580167,7632.986343677032,602.1843490174832,8253.079275585964
12.9855509,77.668072,1081.0687082301095,4551.859939189184,233.2053335135209,8921.474971234575
13.0784743,77.6068938,1439.696203807992,9147.49155468893,741.675558553745,9727.193921892156
12.963555,77.6015856,240.50420875267113,1520.1401089341978,1217.3255532322287,7480.521923492419
12.8792861,77.5697529,1329.7761361074872,3292.9515406548317,946.824313225945,2713.2944821170704
13.050194,77.6075951,785.884675853021,6530.514861980736,534.6172401774161,7573.049262732116
12.9406508,77.746988,37.57172391458759,3858.8497828963277,186.4178841852654,3896.4419080728053
12.9314733,77.5290964,278.1691154567899,7222.317734295512,286.11787938521314,1686.534545273377
13.0221416,77.6403368,344.3306223486235,5433.636079495058,543.9621204180314,9736.898842439201
12.8505644,77.6466948,1311.1867905634726,6948.0785955910305,235.54566144991824,4591.3610052624
13.0021998,77.6251814,321.05694909301747,2674.7337513016955,984.8847448816814,8040.544663619929
12.9512353,77.519054,210.44522348343637,6844.244313096042,788.8537919431745,4138.347537945886
12.9046331,77.6070945,589.2516615524623,1837.7168261388506,891.596307160172,4168.478728571033
12.9565103,77.6759082,201.95841134853634,2360.1889734679753,986.5316919507889,8280.131160521578
13.0784176,77.5245316,2267.795104391277,9521.860984216395,391.77622970008224,8173.01633880565
12.9454643,77.6805505,1009.0849576761475,2227.174012329346,339.52188125234665,8214.815383356097
12.9176571,77.4837568,105.76450562217286,12022.606359063784,506.72869129494677,3157.140621516214
13.0462134,77.7504125,3.650345225796533,10502.795350032513,512.2111723054596,7853.582272040792
13.0093949,77.6267881,275.16183863973527,3442.6932883778513,453.03887318097173,8170.94140700924
12.9934858,77.6251081,603.1944495668743,1960.6965693806912,447.65736414336664,8190.588612741561
13.0148544,77.6382029,830.0052169065242,4651.085617299017,741.7666894804,9424.730280419437
12.997343,77.6036815,393.6310356191407,1815.5824629063643,743.7515188836779,5832.4030063611435
12.8795774,77.6719842,2262.915220313345,7300.322366939891,361.87497947418683,7081.6987283374
13.0275463,77.5905718,486.0342081976336,3418.0938628632193,803.7368381115255,4686.641148364714
13.0120218,77.6777817,1067.7277085810986,6537.6031417715685,349.2647406007,8789.318260749882
12.8992578,77.5321721,910.5559852359792,7165.031598663397,196.08490063353204,1946.484723401253
12.9116225,77.6388622,491.6387849998636,2300.933758978973,131.07561935127714,5975.481850253189
13.0200235,77.6092887,1939.3786031702427,4165.263388213672,181.4174029932743,6378.494553635684
12.9959233,77.7192796,475.02148693208756,4244.172690855748,549.1840129057223,4003.5732744029724
12.9624669,77.6381958,157.10210111262143,3160.595656766446,361.78248339699206,10775.709678062436
13.0271999,77.6792114,2269.7633291466154,8110.236158502971,821.4521203102887,9559.267643199277
12.9552572,77.6984163,193.8036883770483,161.03560492870295,747.7385476519381,6006.4762091513885
13.0031666,77.7272835,1507.291988615216,5179.690798137461,409.9243626542971,3916.8084461595436
13.0221838,77.5530824,185.38044712097522,2620.5004298030117,1237.3782614502618,1397.898199134462
12.8854515,77.6034249,670.1061782805671,863.6563419113479,1414.2128130147169,2091.9248572970864
12.8468545,77.6769267,468.42229331238224,9883.612715607973,313.0690996184621,7814.955909462764
13.0475147,77.5709945,92.50396086059688,4756.036588384102,81.17541624593537,4709.378405835405
12.8750432,77.6164914,1582.3848173481545,2690.553919654196,425.9967491485704,1278.662648662117
12.9783896,77.637303,380.52086843270536,2872.541902574933,633.0990310651101,9941.191037991992
12.7678915,77.7043732,3662.716942577656,17908.381796638867,901.7950491072787,15205.72999864514
12.9150398,77.5678879,229.4377747766943,4204.168760199464,847.6636466150867,3240.3426946954696
13.0273312,77.6601508,1037.1095603502463,7296.900495937377,632.9940354895833,11286.568519746905
12.9954832,77.6239259,373.1429104217279,2013.1687834596164,552.1509376905148,8018.877296530093
13.0979667,77.3945591,424.9240348873907,21587.209810349366,723.0126611211882,19616.396386759017
12.9292731,77.5824229,669.4558772749211,3130.0728348162006,1439.7782751926936,4996.4782970105625
12.9713194,77.6964768,298.5372066274314,1650.869309083053,603.2513568430979,5794.286943572065
13.0015277,77.6512362,1191.6401846647414,4853.332695862558,989.5266603203517,10858.070074646388
13.0578901,77.6721894,2402.351178501842,10687.304203096593,877.8258671942838,12425.695461732683
12.9055682,77.5455438,1827.4489580948175,5886.139831950596,513.0624153678865,1482.0905427663708
12.97516,77.7703403,1825.2047973453257,6185.682352602686,1044.4092703551555,2229.2647262297032
12.9965445,77.6927176,242.8504167062824,4483.016986452421,274.0213012773661,6606.487040171135
12.9117853,77.5976188,274.7833114179232,2326.0646010657615,969.285861557748,5086.649896084413
12.9320495,77.6842915,215.5727126914766,3084.064600591683,445.0613500662593,8589.903188730537
12.9555367,77.5924278,34.53371305916681,2239.968717634074,118.5158699509002,7228.209661964142
13.0529146,77.6312831,132.3098134337068,8125.610560426478,532.2319961569475,9900.030405153166
13.0479536,77.5001422,222.12208613381083,8906.19587345418,434.87754402093066,6990.667873717394
12.9578658,77.6958748,156.58442383990786,247.03038575111285,707.110762083009,6163.686708848458
12.8793396,77.5034003,543.6448118327867,10303.05977504428,462.4816493981115,2137.3105496709954
12.9770585,77.6318947,366.43669802428604,2269.252713630973,408.365191439626,9450.54137034506
12.9644251,77.6349677,338.3317877576339,2754.661052107001,302.46731980455166,10364.154006397483
13.1310462,77.574511,449.5791956698951,14052.092530738464,855.9617951489638,8276.512598788671
12.8291084,77.42703,1502.628024446375,19736.275958938706,1449.908747235938,11461.690029048446
12.8871751,77.6112689,1491.9255619211688,1525.6285246813036,1671.2796891653932,2255.8771115828285
13.0052451,77.7132511,1459.5124872978686,5275.4184539733715,558.1969624403075,5151.01451176771
12.9115381,77.6934164,454.2664772121333,5023.118050972195,216.91835090116356,9381.868675864845
12.8905129,77.7133427,899.7309409601776,7492.448504420923,893.1318385087236,10250.587331338907
12.9111998,77.7065133,602.7157800306444,5105.313705811497,854.5683952118807,8557.760926810859
12.9168164,77.6223685,28.879205594172944,586.3962210254854,85.99349592895267,5740.335616995365
13.0705182,77.5869662,692.7645616996341,7554.7932368199745,558.6454934560184,7782.524114099018
12.9778793,77.6246697,295.65286802628776,1532.2653453500739,230.8466206845226,8695.461244390013
12.9366109,77.7047316,810.6885362199589,2282.3776986374246,898.766127958795,6527.211705414472
12.9528478,77.5819643,209.50288503673335,2799.9934099892575,361.0644339338932,6140.026276215808
12.8773486,77.6028031,799.6888951574035,1601.2067318243653,834.0161935700344,1261.5902106874464
12.8847643,77.6218621,1938.2539634300163,2704.132289430037,988.5227773358494,2474.26791971328
13.0278454,77.7206079,180.3501595200731,7795.015035597757,389.63516283261674,6614.350219483639
12.9312736,77.5704231,600.0035520030609,4255.333410755975,2103.3649143701236,3825.5647938971797
12.8787382,77.642089,492.4709863108562,4995.622486425369,29.20676384287537,3922.5578878909687
12.8722557,77.663486,1036.3418419878044,7219.149974931363,804.3541736689656,6051.182481715908
13.0464819,77.5176977,588.3880316308852,7270.580501549008,1127.0922945490602,5478.415233971424
13.0281982,77.5796524,657.9578837559662,2832.6181721737876,650.2340316271677,3688.956392243787
12.9757853,77.6725875,1535.4270958272075,3462.2446358882667,555.1782598352756,8363.337751295578
13.0207029,77.6215464,756.8103071336934,4392.159650480197,603.2062402355239,7700.196169533265
13.0894554,77.556171,1007.5218485502643,9524.542351021586,306.68652044045746,8881.033945181787
13.0544347,77.559327,851.1776838457123,5628.699384760244,586.8693421892895,5045.842443783708
12.8883623,77.6799727,2513.78762436116,7452.8441856211075,1353.1480477851792,8159.69144971243
12.9761264,77.660815,501.5639268329825,4551.6826127712175,657.344728612668,9639.105033917012
12.9618581,77.5335932,48.16081244219615,4932.1981474774875,892.4689652941962,4853.914359951956
12.8899174,77.6396808,88.2514521124274,4109.901794714059,599.6288726462656,4274.045736105493
13.0742536,77.7465943,1000.5776095498763,13355.555982545,197.23948905291778,10976.600715045717
13.0308767,77.6521533,1056.5964804402338,6987.219950255124,483.05596193646153,11168.958005645367
12.9194108,77.609966,326.8539563733263,1150.3754788695103,583.1556264545962,5815.018474141891
12.9846295,77.7377329,348.9346154500002,3788.301136133188,531.3530561309522,1646.9505887537425
13.0374647,77.623602,232.169779006105,6254.951000052466,335.12207077585634,8411.276749711018
13.1305028,77.5804603,975.6679878885653,14032.08447951609,505.15374517163593,7746.391926138545
12.9041861,77.6778517,975.2485548185897,6203.648517427601,1064.8854569616908,8627.446964308188
13.0155836,77.7063956,160.04528537908396,6501.318165002425,257.0075747395595,6470.386834360805
13.0988898,77.5806518,701.0577973575515,10536.438041546087,959.9890853635276,10005.999239490215
12.9694359,77.6092319,157.85625708774862,496.90083522516426,665.6098469087937,7705.359168374387
12.8966653,77.6855489,1443.8584325213235,6784.3066852874545,702.9025887995116,9032.93240578107
12.9425312,77.6027848,543.3517965146752,567.8624279228347,1032.9912709359994,7547.80829924964
12.9746882,77.628026,239.32581739059694,1819.3134917553953,96.37435649438038,9173.822269258577
13.0705989,77.5867134,712.7187849458423,7556.626376451458,586.3697159830971,7776.80090594412
12.9635497,77.6460411,369.38196291553993,3923.096046504792,290.14447469436595,11319.453543406773
13.015491,77.7631731,155.98390394323454,8189.753937666222,369.46805465475444,4668.646300428209
12.9489339,77.5968273,300.2794632998329,1418.9393967916903,376.6787607052485,7252.9551900398465
13.1006982,77.5963454,605.6201059169821,11059.216272517931,761.6101639300632,8804.867494858394
13.0648426,77.5993429,670.3544676827496,7426.401719169511,398.91715201728897,8035.639789243216
12.9138348,77.6775268,32.14037724872833,5225.13330468822,164.8458503585637,9158.871469337886
12.96218,77.6635462,65.3970491020689,3752.8943809407524,794.2006778797218,9461.429755386162
12.8591407,77.5284991,0.942277830419221,8290.733560830713,1154.4210131655639,4323.936407517036
13.068322,77.591006,386.9176777166576,7444.643369719044,255.6648957978972,7803.349599193466
12.9946631,77.5747183,127.210343815176,872.8827021275067,86.86690619910028,3033.7284189363345
12.7764978,77.6326204,931.0427118218878,13268.425971028248,569.1314752311914,8068.345297582931
12.8565317,77.5877237,186.01245832738118,3968.4670975163644,475.4160524588306,2486.687279980505
12.9140082,77.607945,277.4226870583794,1590.3272920256204,1222.5628164418445,5210.006310685782
12.9558969,77.7405826,307.0909963989433,2664.4962717631774,714.061703360461,2405.2350641323683
13.0027353,77.5703253,116.09963439231046,248.41682280836204,543.7541767287597,2195.7492670898496
12.9709537,77.5373851,124.76268975063198,4269.169962228277,1031.6188446901629,4569.536143436769
12.982522,77.7605253,860.1455256891028,5540.926614381147,607.6858743787831,1397.2751323061082
13.0344453,77.6766779,2624.4837771519774,8958.95916578288,50.430795014327714,10273.578160871106
13.142344,77.7339688,56.16719364357044,20602.560272048857,277.43657685688174,10330.645750759317
12.9771534,77.5800313,326.6388154440484,413.31876475623284,1204.8034576584184,4770.6995826805605
12.9162546,77.5891812,96.30072950672569,2970.6055626958955,78.66582096409299,5106.163925176742
13.0638109,77.5717581,1843.216088620726,6569.92650427035,602.8554582854855,6406.970992478179
13.0837692,77.5860438,783.3967052008837,8967.657432792357,819.6872579944961,9049.780279133887
12.9636169,77.7342959,800.1021462297869,2074.4910497469614,922.24438512097,2140.945217092724
12.9694037,77.5870258,147.7387085950999,1469.7567943828817,372.4326686127173,5918.226380263102
13.0880852,77.4949031,606.9438257832586,12284.694546343468,875.4832334236455,10646.02937481377
12.8509089,77.5986785,316.9840323385788,4444.337163168787,538.831239000424,2065.014799509862
12.8930758,77.5961351,281.8778325288657,299.3178948668423,1477.688377307093,3152.38012785942
13.1403482,77.671269,67.28293597267074,18683.041155205137,126.51691998532738,4306.122856858999
12.8889126,77.6555716,1433.0304217321147,5281.014674168142,542.0612220525312,5704.902202311432
13.0133522,77.6497417,125.90139231384757,5424.791359734661,591.535057305128,10665.222575101348
12.969649,77.5023618,520.3481478637377,8043.125715098354,883.342919306966,6817.8638887822135
12.9921738,77.591459,280.8990396558151,1936.4676984466544,463.06016004611945,4761.661282176882
13.0042369,77.6170601,35.238648711881034,2497.8885163769446,668.6436010463883,7143.094028367255
12.9121916,77.5476337,1437.8429482615802,5923.320856245596,804.3824439430382,1278.888953017301
12.9351457,77.7047541,684.1515464281977,2443.0157233860537,939.9260244965058,6634.725785979048
12.9377243,77.7280705,1050.8790265823163,2590.9244610859587,570.268812037917,4822.391743719277
12.8686664,77.6441741,595.2226895221928,5608.713320932525,26.420826069124924,3934.712836538599
13.0850788,77.6263539,919.7856813602093,10854.87219174812,296.7098682297268,9190.832739937403
12.864332,77.5879452,334.15492838485807,3134.7527206615023,332.1696151080901,2186.8725331013125
12.8802088,77.6658442,1766.426792759856,6755.085785074962,374.24415952666493,6445.66127948994
12.8699226,77.6272278,476.0236086429863,3957.1820896062873,600.5976652405444,2116.6064713262617
12.8160161,77.6892217,312.79248461766184,12949.341355328099,835.2522452177523,10490.124587661063
13.015119,77.7094485,329.1935060959331,6404.857577398691,128.88505062478018,6197.538773796211
13.1051471,77.5714776,1089.1116414332114,11163.565794075475,255.95830198216916,10213.081657331875
13.0548302,77.5155741,864.4898084389516,8059.892730872993,470.6018695940632,6339.879008950984
13.0302592,77.6935252,1869.1803200364395,8209.183708242963,580.2625580194494,8607.738683471542
12.8226963,77.6495447,3138.3621777768276,9435.668083099808,475.806824933602,6694.099359584991
12.9829907,77.5744995,214.55220410521542,649.1913364675054,624.9002376419536,3887.936059659226
12.9091524,77.6438684,922.5027765873615,2908.699886064511,356.1842816445355,6082.866744457658
12.8089587,77.5097006,373.77957615512395,13190.534854103562,1361.4346271684485,8449.538800662996
12.8701259,77.5820178,1163.416447476123,2865.894415657589,494.8496667521595,2826.1613200759907
12.915939,77.4932278,355.00868306583584,11296.124470099488,275.9982436173075,2337.4367881700473
13.0978927,77.62596,1046.948716362939,12032.398203764615,639.2459481399624,7803.3596403696
12.8601269,77.6053051,663.5790619735766,3515.788037842121,418.9630433188708,830.7852841773213
15.3508066,75.1420273,343640.269275974,369486.6455981377,344764.44613680465,362719.18157277897
13.0805925,77.6291328,799.1542168821572,10628.958152995345,460.119446318952,9634.351934526887
13.0222132,77.5781101,698.2353238995951,2157.6730025576953,631.4686191526367,3212.663410903374
13.1150894,77.5679972,1126.714486884012,12267.707739525944,912.2311450838837,9816.329352016961
13.0360109,77.5695288,1106.4632620958998,3473.699247505545,756.3493581165859,3523.3722869046733
13.0304962,77.6860657,2480.567130433782,8321.635297316205,268.502680349189,9215.068964896707
12.9947771,77.676929,525.1798803885147,4812.11562311232,39.78404909581928,8175.941846794522
12.9451006,77.651534,1498.464896029069,4059.5010461991974,496.1999492430163,9873.123649785048
12.9440234,77.6088867,134.26968623674594,212.21555189288833,790.3039258920962,8225.24615909148
12.9070833,77.6351607,580.5658172842016,2286.536539550558,670.390080829057,5332.779891447207
12.9107357,77.5829631,480.569345591226,2727.0928850836476,908.6281279092032,4216.328674277138
12.9845768,77.6131984,933.5551491784267,334.45018770756633,140.64733200049972,7259.030344852948
13.0047061,77.5449492,424.2302669103472,2647.120506535114,1125.8196848965094,891.7216340134761
12.9450536,77.5586486,1326.7733812639813,4069.9043066020386,768.7841979561251,3734.7593628385403
13.0176937,77.5555009,153.08054822762318,2079.965099290343,695.1069169321887,992.8450483599247
13.0113153,77.5446972,548.1967361120718,2771.5970323568063,959.9187327698132,744.2891962520057
12.9746062,77.6756305,1755.8938077136797,3123.718475569477,466.4933034393901,8034.342201817096
12.9584184,77.5629161,160.43649031230518,2556.2882058979253,792.7612729006282,5223.358398673862
12.9093675,77.6407794,788.0608586495161,2607.1818652577635,204.46436005984356,5892.982651317238
12.9867445,77.7337049,122.54111500180915,3734.659269941372,516.4757146627321,2137.6994520412713
13.0082113,77.652778,784.8942592221689,5359.5212368191305,981.3046312045933,10987.939855807654
12.8931539,77.6219724,1433.2282495987342,2641.7943231794707,1518.0478503147847,3268.347175233299
12.8415946,77.6479125,2079.4373519709206,7722.0671673665,836.5359671630493,5184.899222485004
12.9208486,77.6636577,0.8060481957819876,4698.071632110292,447.72883670025135,8494.751092413357
12.9873426,77.7538033,4.17803213691614,5238.382370731722,693.7215595188281,1378.2131764460223
12.9848621,77.7559192,310.65836146842383,5257.071477796195,579.8740473625593,1227.7469240680773
12.8994357,77.6524573,1747.1284669222064,4273.296729494881,484.66568510357814,6016.814076326987
12.8856635,77.5416809,741.1912766048436,6101.015293779523,562.3133940597387,1091.8119828189615
13.0588586,77.6232576,1037.1521516902533,8380.600216193536,65.74334532695758,9513.003534683945
12.931045,77.6098888,307.6921030213415,721.3162049023201,665.2357025699448,7107.647459038623
12.7981134,77.5843744,1289.429063101389,10414.57891189631,679.4749043908779,5572.080419762034
13.0645394,77.6058512,1375.7658799678686,7731.491302744582,678.5262663457736,8484.362769708221
12.9228378,77.7188315,540.8840142191546,3908.162163853441,540.4148833624669,6756.138911634122
12.9004224,77.4871294,1244.4074459410713,12033.202785285177,964.9811550449758,1974.334134022938
12.9722287,77.5986661,513.3320362142215,1112.99945650396,601.5818768450051,6606.263658191663
12.8615644,77.5296769,115.71061160080981,8062.715979080275,958.771278605569,4027.0477450787753
12.9905037,77.7141324,2.612676034046467,3633.4708081411777,883.1723221816993,4202.715429382586
12.9945223,77.5543647,377.5738056468068,1769.0836515508174,1081.016023963105,1721.1441139713857
12.898075,77.6452717,999.5934568476439,3770.1233615905485,308.73539261963634,5312.566887448263
13.0059276,77.6594682,378.8391252352875,5869.402692551036,238.84970117652662,10349.574053778311
13.00317,77.6326118,131.74279099658418,3283.30134036621,877.0272367948463,8832.02770449531
13.0395699,77.6073304,435.5405937495605,5645.702713000106,291.6934187992178,6911.390604577845
12.9087963,77.6516734,1534.6517328191167,3688.6955023154646,1000.3237665069712,6629.004946294932
12.9845259,77.5880134,40.181890403148344,1503.1124090993676,564.400519348993,4859.276437981766
12.8966996,77.6124269,1311.7586386814733,1721.6959432557169,990.9173801373589,3321.659439004128
12.9727668,77.6013071,408.24053629618726,920.145502240406,720.3319947036739,6794.25731207015
13.0110193,77.5808641,318.8384586312482,1424.8423147947024,676.6124664909897,3198.652304391424
12.9503678,77.546999,593.947203538364,4366.3118901958815,393.0375282076246,3696.108531871054
12.9599648,77.6503055,90.51217758987273,4485.518145541541,377.16962571584975,10917.123362735687
12.9870881,77.5949569,0.01111949259687748,1284.720169175579,614.7870929001949,5351.308680055914
12.9755264,77.6067902,236.30546546128866,539.9277959468942,1040.60226013269,7107.4215964162495
12.9989822,77.7408733,1263.6030844970883,5301.298127534939,863.6553836353686,2774.315327154747
13.0806284,77.5528959,506.6315300880525,8621.885114550745,542.5139456603198,7886.008768588999
12.9937572,77.5391325,1267.325541919111,3372.1432642087157,639.0433598820819,2215.8106111933084
12.8742536,77.6260073,972.1244772224043,3580.3518270937166,526.7065650010703,2114.6722505392854
12.9656579,77.6142682,162.6344782960611,922.8323986381271,23.63826207623534,8393.655212571228
12.9877574,77.5378544,770.832993645334,3709.662019909247,721.2005098920877,2847.8378344931903
12.9767936,77.590082,67.22340487450322,1502.965848071908,267.31073619036937,5567.783611332922
12.8902062,77.6813108,2282.023561799617,7480.85342010455,1330.5398815882886,8359.204633561243
12.9484488,77.5514971,932.2579063764019,4188.478192828176,387.8462419633017,3661.978156188339
12.9547872,77.7213154,147.85622591003897,663.6717646045424,323.1245522638878,3854.5106337786533
12.9278968,77.5622171,701.6910624792188,5216.194871923411,1422.7852691831183,2860.3757667448344
12.9483382,77.5527644,986.2010440250949,4111.641279381134,461.4875532820869,3709.151052371069
12.8777098,77.7534769,542.3255453175764,9792.947538622035,564.0410953888527,10890.876968777979
13.045979,77.5222447,776.6701296196534,6860.921836957215,1448.6857854192453,5119.370234941345
12.9413253,77.5212118,193.8699397321558,7185.321709057778,579.4086290426998,3064.068621706186
12.9605997,77.6401168,23.94934774325719,3434.5466254306375,86.97601529875865,10961.396014601034
12.9912345,77.4870119,578.0265043982921,8992.743309945572,731.4715809337581,7269.625866900731
13.0506091,77.6212545,860.8138351187237,7586.656856103667,341.8344715942914,8830.878258271652
12.972681,77.5356957,259.9635286287031,4422.844924651966,1200.8342402144392,4455.306496472042
13.0621474,77.5800614,1443.925019683221,6483.956303554332,476.43401898469426,6606.1291788992885
13.063945,77.6335951,2.3671945219125843,9374.45611772594,518.4150128578276,10756.013153157997
13.0222071,77.6319093,280.88520106800496,4959.1544212382605,607.8688005317434,8835.196877687284
12.999489,77.5843469,47.05871689361986,1618.4810778172662,361.91218599430096,3749.678612051364
12.9010682,77.5859397,582.7530995374347,1707.4016395333558,1674.8194710949822,4134.854382994807
13.0657041,77.4425319,596.581919650473,15321.155898336738,1468.753809394742,13332.599808729248
13.0935051,77.5279929,833.3384320219219,10837.581536495718,153.9121041673929,9654.122440167883
12.9064203,77.6835161,483.2122834111164,5778.665876242881,1181.6129592426394,9285.831066759696
12.9209772,77.7361016,193.73836828238836,4642.029761142201,345.6273511679527,6250.434353070321
13.0196883,77.4889451,1443.3891917321687,8870.943295636445,757.4650950061906,6853.1946799725065
12.9140788,77.6188862,247.4421322381243,861.1576758313489,535.5266214020397,5351.774597956597
12.9849379,77.7509365,98.08276708774476,4828.801029240857,1057.6996286992107,1047.3863375744534
13.1042269,77.4730361,1300.3154521160243,15205.793875075917,1737.0171524565694,13506.371081017176
12.9829027,77.7610972,905.8376488163474,5615.722541897724,540.8276617905816,1472.3132364622375
12.9627471,77.6610345,299.3026449656305,4031.8189594481946,648.8094023154453,9720.816128692777
12.9883249,77.6004488,183.78092526935805,991.3849466936,817.5338800635043,5825.546161803257
12.9523859,77.6152058,1047.6200999691484,1364.2444913698578,325.9411434264307,9211.660124993887
12.9930575,77.6590555,267.1392426192474,5348.369835778044,87.83037448034872,10019.361045880916
12.9599794,77.4821948,1393.9268620681075,10371.50365914895,170.01071177900212,7280.307205954741
12.8303925,77.5866537,339.64458196395327,6830.46240424956,188.07719353085898,4692.4488155974595
12.9427346,77.558378,1586.2830880532852,4312.5538751147005,1027.2198499299031,3514.759295868324
12.8003482,77.7630096,1888.7406149369006,18240.728299503317,601.4233216817171,18383.163896629274
12.9457868,77.5706743,342.9224820787507,3566.2972752658757,1318.3476401731066,4696.440355050458
12.9650246,77.5700688,448.00401507974306,1529.2324942282305,1106.389587913769,5367.351005443947
12.9959881,77.6014036,437.2559196851033,1769.2666349301514,723.4057385507768,5631.874677283177
13.040022,77.6796248,3311.886731495712,9489.041652932672,137.82302946897875,10444.690564978895
13.12345,77.5752576,45.095222800343734,13211.785237333093,1128.4416441518492,8641.554280661192
12.929217,77.549692,327.1932150435975,6080.46040497659,1661.1039716960747,1772.176841241993
13.0720352,77.6333905,206.97972662802343,10199.051008045888,1083.128614717691,10527.187026098498
12.977594,77.7155586,150.92557533933254,2192.5765764250414,768.2171591102996,3713.8453317294766
12.965082,77.5982568,0.23399297929147048,1689.6922613943773,825.1070611476672,7102.731284318918
12.9959987,77.6578762,497.5164276665305,5306.111302621446,321.23033301914995,10212.360253826178
12.9578934,77.5464445,352.5423519860351,3888.214434960783,104.2570923392047,4493.88584081726
12.8761073,77.5961821,138.1421187707692,1649.538519920316,726.1594328121615,1614.7728763342361
12.985503,77.485068,354.13249712936783,9295.827057086522,591.1348244358817,7671.817176806348
12.920456,77.6444991,53.848027440916034,2624.3602628481826,342.61696465024676,7131.450790320582
13.0061898,77.7002059,509.58854704822267,5495.505319548931,578.9345117815325,6357.696472297927
13.0141515,77.6340564,707.9375974850341,4315.034464614972,517.9597888134946,8971.749009613346
12.8359685,77.6571728,1474.0025997483415,8877.542183441792,155.03190739324936,6367.562342019618
12.993111,77.6666772,277.3526900540546,5276.935564791723,264.9432315587306,9211.853896254252
13.0064742,77.7504155,723.97058612437,6560.215299954436,99.05873890195912,3435.186656864954
12.7930947,77.7000382,1197.8264530329,15532.525957221413,1505.2590641363752,12945.389595517607
12.8881819,77.7292185,395.72804697671654,7880.065789100313,589.912098781814,9970.999730541731
12.9520466,77.5370399,8.8175988557739,5096.787933284022,124.54438756607124,3743.2134865910207
13.0318443,77.7618779,244.65349120136426,9605.271052974213,504.7426016543295,6391.539824523803
13.0677872,77.5445642,320.6751004194872,7505.087656991727,1093.3229994388582,6498.357615931337
12.9584549,77.5808236,217.89060705029365,2164.7047431667,366.66290992607986,6457.1769037434715
12.8364852,77.7260023,4188.269447061663,13541.51672199038,1373.7555954817144,13248.708080542363
13.1398615,77.6230512,602.9830518768924,16106.901223773652,343.64175196725324,3577.5799581846527
12.9933277,77.7220587,283.38531544049556,3994.268115971175,597.8978438001385,3592.727835386366
12.9459464,77.5409354,366.4798513941154,5182.246185475005,451.2047339064747,3084.3081645407556
13.0645499,77.5275223,2115.1249857995263,8046.510776446788,586.1067210724103,6621.205042374087
12.9951556,77.5022163,580.6312035147249,7309.930943184759,1244.8740792993208,5566.414856413191
12.9253801,77.5499916,5.8192949426523795,6440.540811686062,1567.2050202591277,1542.9838684939975
12.8528618,77.668169,132.5587508174386,8728.67340349035,342.0252658035823,6722.947380351523
13.0203359,77.5924292,887.6955468977244,3038.0813482503513,1397.4821584839021,4602.153241487685
13.0079918,77.6184726,328.87583924813646,2941.3774003170333,1103.129723359918,7272.5214672293105
12.9160293,77.497544,695.7300223594076,10921.084569827943,444.91540017341885,2122.2425503204227
12.9706228,77.5553763,553.8537119493449,2381.479629068803,474.03913965255407,4369.403709638649
12.8137512,77.6953367,322.77507946435264,13621.097919029877,820.1639905819763,11184.755850231479
13.0368275,77.4882249,1392.2031324044945,9487.281334582534,72.00872530348992,7475.289897518796
13.0546471,77.596317,301.91727970883215,6266.697381619702,781.7316504435578,6975.781320231697
12.8463294,77.679328,658.6007167359817,10138.988067594499,559.8424328627071,8081.074452160028
13.0550002,77.4789572,104.11668526030348,11276.237289644083,1115.8655632293444,9321.132920787226
12.9289702,77.5839921,822.3371316582105,2996.9293977367324,1274.0076457273453,5153.855171067093
12.927699,77.6409796,432.8004877041553,2330.834331588322,86.73350970833656,7627.0898634699
12.9004719,77.6330038,0.7301753728538343,2731.376180616687,669.8584928878768,4596.141602955096
12.943102,77.6556269,1797.0556035680956,4426.243384040779,110.81899530533728,9902.909232499876
12.8829572,77.6500831,543.1762805810486,5381.7996915481535,323.07741055262375,4897.652399722856
12.8114519,77.6603094,3003.054248284412,11136.814044464412,451.0567405295671,8404.439651984298
12.8525678,77.6436309,1191.672061650918,6550.716790454496,240.4360681219453,4198.279371007919
12.961396,77.4833965,1503.1774050004392,10214.965415409493,185.83467556918617,7385.706697216642
12.9204015,77.6067432,442.0911195324379,1478.2595114945714,584.3818295161063,5922.258011270866
12.8601312,77.5540587,1359.763231065279,5837.195679305863,1191.0264625105615,3657.5023067911293
13.0093485,77.7108379,935.3923845498687,5750.895396730015,260.64097069114,5646.934704507652
12.9798772,77.5286425,385.1881237901784,4986.350209455033,820.1734580639953,4132.529221414388
12.9137089,77.6135724,331.674610078023,1150.3836333929248,969.0628696139615,5212.981751657902
13.0164987,77.6344298,700.6550549654198,4552.361356196987,748.3331504628372,9030.12089795729
13.032117,77.6363075,8.141411282269605,6157.358417012098,853.8116428995228,9532.737500554329
12.9396583,77.6288969,153.0219659192284,1550.4209095095514,522.952385877753,8376.921466887006
12.9732141,77.6820532,1534.037831748458,2513.237515227141,429.99466621597213,7342.428177232613
12.9746886,77.5310295,802.9000096680854,4906.4712318541215,1406.3335156142873,4475.870712200158
12.9693737,77.7416702,876.9512063923287,3053.349334648737,392.09097973060904,1117.1066655871475
12.9393328,77.5539819,1491.9044354039436,4871.025319015582,1435.9578319336479,2922.2674148708534
12.9256914,77.615365,207.18710046775422,681.7322209933701,279.2372421900557,6559.08162717493
13.0314059,77.6355596,21.890863285947677,6050.50198674872,894.3200381201185,9434.04592462183
12.8342646,77.6696262,1002.4992186161153,10019.287951564516,640.0961959082454,7624.887688772082
12.9228686,77.7169652,522.6971959942832,3894.5198125781426,676.6191394904465,6855.826417608407
13.0716969,77.6193949,1549.3839794661744,9205.03482487494,768.6128363861811,10089.062110975347
12.9110032,77.5788747,509.6834940981166,3030.2813585711447,1276.7108844824909,3848.6028410361355
13.0997677,77.6427148,859.4635714754357,13216.632835923478,519.0372680575174,7404.664930202369
12.9828479,77.7083437,16.528593818241795,2899.8271721329347,759.4335791575049,4560.886253381325
12.9743823,77.6922506,521.4311628820128,2071.7798275072505,160.87901778487492,6234.158936144404
12.9420196,77.552003,1565.6383705226735,4729.334197541308,1096.7754998593875,3051.100106124006
12.9922779,77.594615,5.474449385176416,1709.4812286386402,677.6994523497307,5071.0580221239015
12.9564486,77.6207504,1032.3131704671878,2091.435341209801,419.02660925064237,9571.08795645519
13.0702817,77.6425172,964.2714463087191,10335.191338456167,390.64807420918714,10682.978616969916
13.0178699,77.6165505,1171.907737108719,3970.1492268905513,260.4464991604944,7119.452362522161
13.0848014,77.6348471,37.70638784304731,11378.961462965382,378.90181846456017,9099.389227439286
13.0337321,77.5680068,1322.6109151050514,3223.715801265355,701.3817310909728,3221.101666878657
12.9951007,77.6145607,616.8142647156687,1446.6286985331974,269.0917802837341,7036.761842983518
12.965528,77.5467051,956.2380217703302,3460.411719040742,147.4435074189596,4940.228720069066
12.9490851,77.6184873,1294.5804514485217,1361.583583039997,93.60488674633193,9182.22584631162
12.9299371,77.5374237,452.7337594078679,6747.811118746828,455.13035979061004,1284.4118933398045
13.0025745,77.5256814,35.607231247646816,4740.959213354873,336.135112926825,2894.459199487772
12.9031602,77.6052848,400.5368680344124,1594.4209781452291,1108.3353308933674,4013.8617982442383
12.8835602,77.5140959,850.8774402336991,9099.935259734562,788.3005911092164,1916.7238027572726
12.9182966,77.5741528,58.48444082684598,3977.9158228137803,1562.8345113888422,3951.492245951933
12.9175011,77.5611573,294.02508570610706,4946.693485199926,274.2679818857154,2544.939766553323
12.8849238,77.5154846,835.1817406232153,8937.507208740693,987.944810067417,1872.3250763005458
12.9150543,77.5988508,111.14846891363118,2441.0461790539366,961.5169931690085,5416.084365367103
12.9381478,77.5828269,808.8201705624359,2769.1893859801216,893.9603491379365,5362.162037961547
12.9301531,77.5763445,81.00626898735511,3689.4146337691022,1956.5094728215659,4388.410211647856
12.923008,77.5974581,334.1768022478984,2332.585273630563,407.4255512392941,6264.408618360358
12.9743212,77.6150015,90.15247828556627,414.62768225454585,593.2037503316503,7939.069080808456
12.9047595,77.6759172,999.7782403471302,6220.33962671969,855.3690691511013,8475.046223497806
13.0203163,77.6325425,423.342609378267,4806.533988195503,601.2261417656092,8872.633940211106
13.0694707,77.6112448,1836.5130500799878,8504.273794072778,153.85875298114473,9284.76456819036
12.8049438,77.6730314,2315.0583628549484,12568.030916533173,515.1714256668903,9884.181069978147
12.8921814,77.6483362,958.6352888084375,4471.362583900582,715.1554542849738,5191.114899981956
12.969801,77.6303775,667.9878861941559,2107.779130397669,400.0313102995235,9642.977889124573
12.8646608,77.5938797,259.3116504906625,2943.440178682399,671.2138196347175,1545.9802068831611
12.9977407,77.5418368,887.7772179539678,3008.9395880881475,741.4156886497788,1685.8614502347202
12.9564938,77.4831582,1364.1599558687008,10349.147216507816,571.1130825539726,6880.519666343929
12.8785082,77.6408228,632.0707206362474,4870.76539365111,112.78034025323969,3784.574485382481
12.9364846,77.6134783,259.0767361558858,398.5656037172257,1061.906090424716,7732.854969509953
12.9994155,77.7530895,523.301903169173,6116.45069512192,460.58811632302593,2673.865983225105
12.981538,77.680174,1250.585915928783,3367.599375383136,237.23085371617685,7570.156267002492
12.9611771,77.6558369,256.31865947886223,4564.623669739676,340.002304371106,10303.977485599722
12.8819289,77.4854975,602.7209804816605,12204.064450854226,715.1244432270896,2821.9016924165144
12.9700949,77.6561147,307.985319462276,4751.133780163637,1004.8283791561366,10166.704643675324
13.067129,77.621897,1257.2644452554507,8968.943764468226,867.9857490875911,9955.699541470694
12.9129858,77.6037799,407.69220546237057,2037.3838692480858,1190.693535847492,5115.943799152468
12.9178503,77.6352346,208.0533942018982,1672.2761379840967,208.43431389623657,6367.916152341645
12.9297622,77.5333268,212.70294161316457,7047.638267089093,338.11822000664,1341.8612348898982
12.9876393,77.7377718,84.4734863541394,4058.7827854566103,836.3429526079334,1867.2055702402818
12.9479007,77.6994103,151.85426513204567,976.3957550744034,221.04315469701305,6265.696117688683
13.0543306,77.6710224,2434.066271242236,10299.739700415012,771.6168353174886,12225.075493036959
12.9039905,77.5859569,258.74931790259166,1937.3285191771502,1360.9169215535262,4222.312271681718
12.9206827,77.6357104,484.66856398207796,1672.0229547482547,397.45117389437235,6671.466903298633
13.0071308,77.5345214,821.3751584133785,3785.9707608563385,336.63090300749326,1848.0237247269145
12.9808558,77.7087854,6.547368250831716,2673.999376538992,780.7753847833677,4479.49214970153
12.8762737,77.5668962,1522.9468216255264,3713.6722793217027,872.4838267180805,2675.093369379627
13.090997,77.5868301,782.743413368088,9772.357248887169,68.59404911794644,9819.65288235236
12.975608,77.5553564,89.79723156845263,2270.0047178934583,158.627829917186,3817.969158877867
12.8197441,77.6556576,3032.30910453278,10099.655177325089,511.74415690312327,7388.259382775574
13.0034737,77.5107376,1518.8578023566208,6355.350163914295,875.0736132603197,4456.714573220732
12.977178,77.7436455,787.2489008642965,3677.8304464427542,268.07701304057764,686.9390962011684
12.8817809,77.5731796,1354.1243318667134,2844.7294303603835,769.8305919746639,2905.5560969248445
12.8819431,77.6728073,2490.6990801834536,7204.634952367964,575.5349661028492,7224.499274048465
12.9651927,77.5919645,265.68641111563153,2175.813496227136,208.5628543867397,6623.0234625507255
13.0255533,77.6313982,81.82167724686039,5268.770318778449,597.246064270937,8846.914746262337
13.0625664,77.4929925,1222.7792919193537,10477.6069421923,810.4913211922834,8632.422230484595
12.9922767,77.677326,789.6304290514702,4547.156040178215,300.56313803275714,8065.993475285272
12.8389813,77.6750305,244.31168900908781,10175.237370664732,502.6186647421839,7922.119709933599
12.9633735,77.6419254,27.28313825223055,3503.4119098749325,178.28570035489398,11083.004267155175
12.9728474,77.6087738,9.281962479577837,279.8020795995676,975.9549285319113,7449.6521320121565
13.0413668,77.5678155,500.415646135801,4072.748522251452,268.1243328914841,3943.926700007852
12.9214542,77.6211213,57.9829588087288,91.13786872522476,244.07193250542446,6205.446954501077
12.9327296,77.7039713,444.36424206882174,2695.641752088109,1134.909007364815,6880.630419899362
12.9600263,77.6449347,86.75778730907811,3939.1260022055817,237.2659758930617,11079.23424259762
13.0076481,77.7258907,1900.9082579497492,5634.918526836111,738.4197344462709,4405.013966669913
12.956763,77.6488827,330.97868180174504,4391.370580150133,158.166086339484,10908.89736360725
12.9358121,77.5150011,83.49153877335554,8087.082384505619,412.1440256139279,3042.664663000388
12.9070818,77.6929357,214.28730283424983,5521.3322461799025,584.0238263454431,9796.058742142191
12.9287596,77.6287122,465.6166472933833,1187.4836513118482,496.2677998439626,7211.813674857145
12.824788,77.7070289,1984.0778246011866,13943.590057268793,661.7984094659706,11732.911032633501
12.9682085,77.6823937,1502.189861186665,2106.207380969541,393.63541818304867,7346.821106135222
12.9529247,77.6231374,1285.783704733994,2019.013323407571,238.75875958815303,9679.068397976738
12.9233593,77.5418698,702.9752438332767,7048.949146448172,889.5722197329811,714.3554293839193
13.0232471,77.5883569,386.2996559146528,2906.2962730469526,1316.5768844253719,4279.953457861289
12.9556699,77.5402492,304.70296869258897,4586.434290192691,200.37241399705476,4154.677978008556
12.8774369,77.5447414,176.80493413075288,5932.887849756124,562.1749372846564,1744.3984225108125
13.0815052,77.69505,4443.320021283864,13883.695482851157,51.06834290573339,11057.353925646545
13.0367681,77.5675668,1011.2089359091449,3563.289542970844,540.0134072543475,3481.71615946537
12.7561242,77.6247388,3120.0285508805187,15266.522756431908,143.98006939407543,6783.928119374252
12.9105609,77.6271039,97.54731037578696,1440.184763513854,709.3919212021856,5255.9781745661285
13.0673987,77.5004877,362.85928795328573,10207.598448748804,969.0087638403904,8456.424985270234
12.9721131,77.5215397,908.0967458611191,5954.591370501356,1084.8906703162597,5285.461494163174
12.8822711,77.4606466,1018.3360304820037,14887.930311544837,936.9567810148951,5158.09905464983
12.9678103,77.6715478,978.7402466455966,3098.3809656899475,143.39838040991734,8520.099779417604
13.0326126,77.6096168,1133.9139351540996,5346.410989749701,975.0964914691433,6804.161972359014
12.9781922,77.7246451,1135.140424727536,2441.694310926916,432.0774753839819,2737.9282013648412
12.9327778,77.6294052,549.5421713656118,1466.4284626995523,340.7220229850452,7660.002043725772
12.8872086,77.5960493,154.90142399287586,444.944661128121,891.1527269330946,2574.0994241299286
12.8868411,77.5969514,71.33550915976339,455.17490400540504,919.3513083465054,2490.6870992921667
12.9779079,77.5723936,132.48880888853083,418.99868276471875,964.6254442635183,4207.626301421529
12.9118559,77.6516888,1276.3685543975264,3571.7490738033625,800.9845517506249,6872.095512005519
12.9579825,77.609009,311.9573101019903,1735.4716384512155,791.8922390205242,8491.441203410117
13.0509021,77.7405306,696.5151745400469,10677.215524314392,843.0037271075361,8434.262921305202
13.0272857,77.5934361,779.4372346294527,3613.6531292437735,635.7084899427845,4958.09137320631
13.0227204,77.595715,1173.6473503130649,3481.7197760620616,1075.9753912340348,5016.90895887284
13.0374664,77.628799,197.48873054085385,6402.844433725569,226.41872683037155,8937.515367649927
12.9794966,77.7498654,178.49234397747696,4379.486894838695,557.5483665530815,434.8247536234247
13.0039028,77.6736303,532.4059032856235,5878.352993552803,661.1531886530006,8830.253530648266
12.9173302,77.5851029,49.28915982882033,3244.532132287573,522.8178903571946,4800.080379893197
13.0041793,77.7569632,0.015524998956722835,6791.653878393567,577.8614951300139,3273.395986988976
12.9725282,77.6512284,611.8697702412124,4329.249831854122,550.1471961381175,10683.17337675995
12.821203,77.6660463,1952.9709589754004,10718.233240765076,671.5152098794194,8113.6150937626835
12.9472552,77.7538267,757.0717015894952,4257.845375456164,316.24525822709825,3180.8753141445827
12.9198212,77.6916244,1234.6953262433804,4133.275490584448,483.26090221292077,8840.645601672402
13.0377061,77.6303636,368.78381449726436,6481.467912680241,292.0883554695579,9105.856342522242
12.972819,77.6172708,36.62122835993261,652.1138276895189,569.3688032508156,8235.465524839026
12.993425,77.7005156,136.8664219537435,4075.8771964607545,439.07137366386894,5693.613240748908
12.9721432,77.5940073,45.36824650537978,1470.3302776444855,101.88951912517531,6229.242244402163
12.9899098,77.7011259,445.21334307665876,3685.1116830926853,505.44820815659995,5506.212396880951
12.9390255,77.6238477,358.7384158207724,1037.6845912588142,396.59543412018985,8176.365395742707
12.8060574,77.7862873,418.86741080976213,18518.21632026679,708.5800142371603,19261.90076297253
13.0763895,77.6057269,1240.8524989533284,8883.661562672221,639.341367789023,9466.960664379145
13.0890496,77.5109895,1308.4294660062808,11306.235631940503,316.3605227297899,9845.681824278714
13.0806375,77.6916126,4104.813670366573,13809.061083681367,396.4371181334825,10951.743390559985
12.8244922,77.6175213,3107.7936639804298,7686.548262731618,661.74897337757,4856.809847045624
12.9358666,77.7057343,815.3097322370099,2385.840055382313,813.3478915795471,6502.303735447932
12.939922,77.4913207,213.74722312622995,10100.301355216945,583.8365499422707,4848.888290100769
12.9844888,77.6467707,195.68303052590585,3895.0338939482162,1039.8819762549404,10710.402050062241
12.9706554,77.7115645,88.1727890807734,1502.1896138858701,858.380647386013,4176.137425908105
12.9763601,77.7102993,1.447805423856682,2147.9695011107938,1078.8722982825263,4277.882011124149
13.0173076,77.5917019,636.1691072967494,2791.1578808112854,1742.8602362449985,4450.159335818626
12.9388164,77.568326,523.688469410204,4319.199555446729,1691.8027345061791,4022.5102415865035
12.964118,77.7130369,437.49510813353066,767.7468139209678,960.340532525452,4179.793636646941
12.9612736,77.6152935,519.3567618607428,1419.9453455083708,172.63519200298023,8774.734874013651
13.0011143,77.6123797,52.380096272917186,2065.549123806827,118.73879806806953,6678.912097986369
12.9117233,77.5707877,265.9539374259376,3727.6502732300523,1226.8112163070666,3193.3104808411003
12.9458982,77.664893,1390.5847585668673,3745.0279671191356,734.8669490546463,9772.116681407553
13.0317246,77.570076,1586.688625635427,2997.9911820376165,743.4558328653853,3176.7614016462
12.9719382,77.6148314,163.82491860844027,418.5676731155971,693.1212378415684,8058.032517090907
12.995932,77.5664598,339.1471943613324,612.4217879363842,816.2448309748472,2241.556922199861
12.9754968,77.6413605,43.41817839646455,3266.8928795238126,671.4631488342188,10466.750782259905
12.9012176,77.5550809,1539.200623672566,4762.0862668595955,381.79091640768684,1174.2890645633483
12.9763044,77.614883,120.05116089948648,503.98593516525705,392.13564853734164,7820.742219113122
12.977372,77.6176665,417.2353414809803,818.5634593135482,260.9596967474208,8033.51159748166
12.9006508,77.569226,166.30444924188353,3273.7754240464446,1033.2356356737012,2388.3516496631964
12.8454948,77.5831295,560.040602857871,5287.010763443262,667.5545548595479,3607.8771419381223
13.0424788,77.613342,122.34142827887877,6345.121402198159,245.82413932159426,7637.9948255975505
12.955333,77.5238903,412.1390897426911,6179.067891267674,1033.1462307465495,4359.153965524409
13.0288569,77.6157713,1368.5878857535083,5171.221510254116,234.48139734280323,7294.190909306146
12.955703,77.5313329,357.2285476936283,5429.915616957529,747.2405102544318,4205.986206865852
12.9253851,77.5501586,19.875012865481683,6426.345854374411,1555.0457696258443,1558.9223738370022
13.0028324,77.5711904,121.21643902413254,291.34726253700524,458.2727152613567,2280.0003086238876
12.9559212,77.5566879,310.21796339907036,3191.542596739129,594.8741870430464,4653.427206599128
13.0625424,77.4953754,984.4125964939725,10273.277384434465,603.911814281908,8443.28602056483
12.9363569,77.554129,1247.294643343108,5153.757105746075,1760.1150217710447,2676.653922368335
12.9366883,77.5488033,892.8059777276958,5415.0697538837885,1682.875228343745,2364.3263531951375
12.9685413,77.7558269,647.4117243771502,4467.257103275611,1373.354508393534,1021.9415820331905
12.8172812,77.6695529,1830.2357907818384,11296.204840121742,866.6321760128579,8684.153500397864
12.9258882,77.5270357,567.9632817048014,7824.446526090904,815.5801488114395,1334.2518451973424
12.9744567,77.5842384,257.84365542627665,927.8997832840463,866.0738516817769,5297.209098685849
13.0400516,77.5573893,414.6378883860557,4132.51180983466,285.2906152967761,3434.8099087564074
12.81114,77.6634021,2717.88383639267,11371.24673669046,484.35244379019053,8659.527595140667
12.8348726,77.666256,1176.17460321653,9694.161359422405,837.781707352172,7272.782739959573
12.8921358,77.5720595,743.7966160973721,2784.217356345539,399.38183470570476,2522.88500289979
12.9173303,77.667161,230.81968019900722,5100.008541887226,240.66573009119404,8507.410646632641
12.9693761,77.6996751,108.58147398155039,1406.688267263434,988.5027714945388,5472.044214304126
12.9609115,77.5358407,250.3788590070856,4744.555428948498,629.576023981166,4732.536596636386
12.9156177,77.6347321,113.9569195655095,1702.1711218594087,82.81403649849565,6123.190884146362
12.8814296,77.6525387,558.0376693696838,5678.402997811263,359.3749837142643,5091.5231493290385
12.933134,77.7043284,501.39623313267697,2656.394350385125,1078.5173335690438,6821.5724438988245
13.1177735,77.6261222,682.6669096114638,13987.811556274793,454.6094853328162,5662.345745316291
13.0353343,77.6094319,839.0115390433048,5511.359042200597,697.8488193543288,6904.77415566738
12.9125976,77.6639948,858.3470173183549,4840.654922887249,78.35098627434373,7905.121568542692
13.0014883,77.661624,186.91088464555327,5886.162535042902,414.1129790405583,9975.572407263062
12.9381829,77.6002563,76.71104827357156,958.4841752673706,688.4068345345522,7128.6053573642
13.079198,77.7136366,2508.5168730551372,13492.295693928283,1173.4849993611247,12167.882450399227
13.1679234,77.6372834,651.6254590658882,19575.6091515659,67.32168551780164,519.3038044877959
12.9776666,77.6364638,478.0632560579706,2768.556639159599,700.2533047040336,9884.802643466224
12.9763305,77.5258159,879.8044786067425,5444.227406177574,951.3796790034063,4631.756904160006
13.0228893,77.6309458,155.30843414320654,4980.190007776771,519.6909341190361,8744.49280646863
13.0441926,77.7566409,401.8730983950236,10555.618561192925,348.0261317571386,7664.790913152067
13.0574214,77.4728055,112.78595278177242,11988.863841759128,1572.7723586558063,10028.24823706079
13.2458994,77.5526707,1054.9228516830724,26873.19992032398,1341.3407412835427,13089.428230390102
13.001385,77.6079476,300.21916694865627,2113.1526112348183,219.22147821622784,6199.489903652961
12.91064,77.6238263,290.31914929923664,1286.893879189872,725.3409428788693,5134.0271231596735
13.0004165,77.5803858,406.6321114953813,1184.739256476692,658.8201381829689,3309.611746976637
13.020102,77.7090994,116.16533691445171,6959.730638437561,475.0055462015025,6627.159936158998
13.0523616,77.4879154,75.7424293451271,10290.37668774529,1142.9508928273863,8350.578019494926
13.0907444,77.4880563,375.2249240705252,12999.866287111181,744.1518499773711,11322.589327972468
13.0824543,77.4161472,149.76250668649357,18712.304543095674,864.7702448875846,16732.247382368278
12.9879478,77.5361198,739.0790628765989,3876.044389089802,889.2481555395759,2931.3706740904763
12.9082413,77.6948847,151.70317764479688,5376.9163940852195,394.17554724884627,9563.353097334431
12.9104062,77.5951099,456.8988635552152,2190.936343070616,836.1757371857027,5005.60799785713
12.9864077,77.7183756,566.3278174508745,3181.6404213155483,496.20456985436545,3608.3456502893237
12.9402212,77.7473001,22.361993942759092,3912.006697795438,136.8148105386918,3941.627550463378
12.9933298,77.4885321,760.1682046420804,8804.67437502721,884.4745258920522,7047.946925778895
12.8493518,77.5819746,341.8399147656352,4921.42130723467,933.1879676363845,3438.4834328458905
12.9857708,77.4789451,133.4040661145784,9944.051864719078,479.001478865104,8286.635326548674
12.9660431,77.5414979,613.3058790912078,3969.1982009209105,384.0517396563669,4973.415210866414
13.0013162,77.6393491,438.5664407335004,3721.651310406098,390.34402530032577,9577.616506310118
13.0042636,77.5751704,426.7117064434865,629.6814257402243,109.82415465549049,2649.0861084669273
12.9642313,77.569735,420.6536120819139,1624.3974713243608,1154.4584835507633,5435.795495461157
12.781144,77.7014486,2430.1823690714587,16593.40632894602,388.58036896667153,13939.80438384418
12.7467724,77.7742876,909.0400833487993,24307.72232374535,2721.2660446352643,22463.834894708678
12.7623143,77.6771375,2307.6834579940555,16687.787342868767,1665.1466036541058,12500.993551068774
12.9078438,77.7411592,529.3856394349625,6192.433765059247,22.92137500406799,7590.320776582377
12.7845589,77.7383327,923.5441776116984,19291.288952359453,828.6420006177622,16861.238339406358
12.97459,77.5447121,22.943421282774572,3428.8810593097746,212.21992726621386,3972.6991872395365
12.9864576,77.5956391,87.4329048836416,1183.9305672084695,551.810140453842,5449.5837332221345
13.0276199,77.6768795,2097.333652504044,8221.170511932776,743.3132754472214,9790.017189394131
12.9779094,77.484086,703.976793199581,9587.52196504293,244.0033760075587,8103.047246244419
13.0584954,77.6263659,703.1393994185768,8590.360319082138,377.0390409627467,9768.088164077619
12.9883162,77.6699776,888.2867624947494,4638.579916045977,111.91532458143891,8760.97821121179
12.8974283,77.5573828,1078.1494944134117,4431.90241346584,285.94254427837336,1073.9892427691482
12.8957216,77.5549142,1020.0706033607325,4670.326841626961,154.03989429519584,748.1158443297353
13.0725802,77.6152451,2007.4553521056348,9029.678051242745,396.9548472616441,9835.099898434702
12.9983185,77.6854248,267.5262333316374,4834.02942059882,227.84193905434154,7416.034002682871
12.9399039,77.5826382,789.3794665786853,2763.645021671958,704.8145626197902,5426.706140677804
13.0865656,77.6508546,460.58424300380824,12345.468940937119,998.8740092299761,8926.020653242309
12.9405735,77.4638884,611.6598012761423,12843.422857218105,608.0239340248312,6480.064055631003
13.0657381,77.6400483,697.8469327309563,9770.231180467066,300.69066021664185,11189.531244153934
12.9661219,77.7071156,594.9509988212557,1246.5583798661332,1274.8896531522776,4740.402213856708
12.9777008,77.4987763,1068.093634129164,8070.143742657003,736.0543190892803,6719.435344159116
12.9036108,77.6208615,944.6630982703169,2011.9117373246518,626.5814094810647,4290.070248791597
12.9980556,77.6848622,200.5782945126759,4823.140510422437,168.99513349107198,7463.538245324927
12.9763666,77.5284996,710.1403832567703,5172.5877382932285,1089.5730175698138,4460.692220992326
13.0048574,77.6232065,284.3454105873983,2812.8750695983463,1026.5235212220216,7801.682769129605
13.0611892,77.5038993,258.0359764440294,9469.774120852555,560.5442488017266,7693.814346400202
13.0064054,77.6455841,387.2030392623758,4599.0405141693245,643.6844882903267,10213.961166461222
13.1143694,77.5692582,1004.5285154975594,12186.737816881016,800.1778273944692,9752.735312997
12.8607674,77.7071019,3994.130535606566,10695.954188009926,616.9742556083926,10776.229463905473
12.9697837,77.5756901,510.52830653192507,848.8542318925398,1129.9828899192457,5163.999685039393
12.8685628,77.7026913,3586.145934684725,9795.39139318259,792.6263726236392,10275.716109324607
12.8500983,77.660325,754.1017563206113,8161.90043087925,357.0329530207053,5990.244676065828
12.9243414,77.6448784,38.60536089738552,2676.3068030070367,142.47591725287768,7516.190790290701
13.041662,77.5899438,16.811179071766457,4667.844648219007,195.66164790704687,5484.091977769722
12.9922249,77.6156808,865.7222242504344,1190.546302669955,344.736602330838,7234.302811527001
12.9978135,77.5222628,129.5967499890191,5122.204456839558,576.5605816470181,3420.3567758840363
12.9852006,77.5645066,398.7587274840395,1537.7442954830938,216.58963113545713,3075.9193117385817
13.0292813,77.4846821,967.2953660779459,9572.341381740556,540.5179099173482,7544.948949515381
13.0310241,77.5511385,828.1084193896806,3525.305816820699,1106.9289219737993,2368.6625523727485
12.9769861,77.5255041,834.322668775928,5438.00870786865,871.1659702947226,4594.0516315252025
12.7812983,77.742266,745.4496726874997,19839.37707125084,662.9039819364579,17416.586123476784
12.8328533,77.6917222,1045.284937467093,12061.119688382529,1656.0016927196177,9854.120896289787
12.8447309,77.5001765,1898.2918882202848,11752.021509014927,1174.5341197209486,6001.4535591220565
12.9704955,77.610006,31.656272233187405,354.68783183724616,687.4518758842938,7706.447310516164
13.0173894,77.4373676,3595.155588943483,14371.104791484711,1954.9196040077939,12380.296471658561
12.8824311,77.5838923,1305.378475563581,1767.5108309182458,832.918697636673,3108.7181756959344
13.0201988,77.569176,640.0932799057642,1715.5825237216582,208.09389198942725,2253.4673698032148
13.0045682,77.6069927,624.945253529719,2479.115498511334,139.413192619686,6053.470450179162
13.1189668,80.150864,119.05477083812471,9044.142557515279,1118.6276875912977,15921.83894912113
12.7862487,80.221994,3779.169264458304,19502.986406783893,3419.9498880266824,11530.746969240805
13.00645,80.2577791,94.679327379242,4031.1916956529008,1015.130033913029,10524.639917167857
12.9163642,80.1922349,0.16295193507446756,8313.758845999995,904.5759971380709,3340.9016088022117
13.0835142,80.1840779,477.5195010623542,5574.231779850017,948.3135509941678,12065.72685725055
13.0666515,80.230974,953.6857954154686,2831.6574605447686,376.58390763836775,12271.564458378321
12.9202141,80.1872156,120.80559832405447,7715.494329471381,431.2897508870908,3840.2644011956017
13.0503839,80.2117695,51.09606898163572,3570.625018168824,395.7867864297692,9616.324815505875
12.9050095,80.1968629,668.6835431777731,9086.310901664807,228.5621611968461,2087.571382301546
13.1309288,80.131225,110.16770159399385,10815.560841733975,135.01452320802713,17571.206968862123
13.0952439,80.1671663,596.302152675118,6355.285106995568,979.1128379113094,13204.44208210508
13.0827,80.2707,189.89996321394545,213.39614261953884,467.05112715455414,16401.105379094195
13.1241127,80.2046276,104.7393750644758,8346.360066182826,790.5742457553949,16948.28403365743
12.9710239,80.2418051,783.1934865506021,7631.880668570632,621.3020390557208,8067.459634373409
13.0832149,80.2379864,704.7504409998179,2592.7822817721985,854.6313733303372,14220.96349978418
12.9174426,80.2164902,1439.8112834802932,10902.735692894083,829.0656752282166,4202.689918620019
13.0413233,80.1724294,229.9325178795009,1199.7632420144143,409.499756062003,7245.217652156929
13.0946157,80.23541,410.7043100851504,3681.078682872567,242.33748634843732,15153.47011750364
12.8439997,80.0603546,5431.428283908139,11180.078228120141,5001.391238508852,6716.885279686185
13.0419785,80.1253816,90.10752156766516,3961.335200245877,1876.6901045144796,8486.65610446273
12.9575007,80.1435066,140.93418623069525,4367.500582161566,1121.278035366896,2272.589904455034
13.1263166,80.1508413,144.4430073885294,9855.251669052184,844.4878376863627,16735.39791618587
12.9996907,80.2682259,1313.4418160568118,5225.931520911839,1262.8454094089655,11411.11425693883
13.0378289,80.231836,1125.901654117296,1208.7344406333307,841.1812857051781,9896.810927444458
13.0428296,80.2270184,1206.1519009533713,1749.5410343854062,992.514316729291,9930.94915634094
12.9304748,80.2077692,504.3892976422353,9892.704403019867,207.5545249291828,5112.0152287404735
12.9801242,80.184902,1011.1039008411151,6903.085805498898,579.5231655007354,2126.3998925791293
12.9858948,80.2644215,525.3807824749731,6418.664683428238,326.4429124460432,10669.134320231557
13.0554718,80.2639706,625.0000604701274,1639.3423285043411,1156.6109913393736,13806.055833396153
13.052264,80.1916925,634.0488931508224,3590.7981323544304,414.5106065609676,8884.761573873404
13.0344253,80.1592048,6.234193469348598,476.88807480056903,234.30276333812532,6478.2173419640085
13.0601732,80.1665988,474.9846987930938,2484.110580819052,896.6136115910589,9304.301697565494
13.1121242,80.245022,335.82564805630415,4375.693118196378,1035.641875115202,17360.208371338595
12.9801655,80.2228506,298.40576353400314,6959.93732355271,471.19477949955234,6123.270622241739
13.0365426,80.1346,182.1196694257775,2941.4904520744967,1134.8351721889157,7474.919531619551
13.0205798,80.1685163,856.1123111643026,2067.0843071601334,1148.8423563653328,4911.076136601767
12.9611348,80.2001292,1331.1692361598061,9501.362732572234,412.0773394603732,3676.531129629966
13.0721399,80.2205453,268.703303448085,3963.5517307272335,924.2626568194677,12185.203357809809
13.0717448,80.2437973,238.50253376625224,1461.1805710691665,969.0323252915401,13559.599917426167
13.1015119,80.2074046,39.37086798607541,6471.807743457186,152.866750207411,14618.361328517434
13.0920917,80.2822426,753.7172193374936,1431.3122776327234,431.96547236156914,18021.466790173803
13.0893275,80.2550331,487.16521319986725,2012.1204175940577,470.46800869779184,15848.838771047387
13.0338602,80.2545491,922.9813525093168,1199.1723889225352,751.1283358749989,11553.369658982632
13.0028216,80.1719186,1670.4215701522164,4059.342630528178,988.8529588159015,3004.715252650371
13.020817,80.2239536,155.44489349821998,2927.5530036935634,466.2993710280662,8012.9777534618215
12.9397621,80.1818236,207.84641660937302,7191.0074270873,397.7337892125242,3681.609275617547
13.0443237,80.2498455,217.20716916771786,206.55183749089844,670.8570564179973,11836.92865308437
13.057293,80.1799027,1177.7411754540262,2880.3242211864313,609.3751922458023,9115.505530871045
12.8054706,80.2247264,1646.2705481679511,18006.91017963095,1306.504752102473,9580.493472198214
13.049207,80.2242829,454.7966520775152,2273.3561986740906,1163.7172529327433,10282.577799428527
13.1035851,80.1920425,203.31081126987633,7961.665415912501,471.3570993556219,14417.595829131973
13.1062169,80.250519,72.43585171230916,3489.3100124026328,1267.822875645382,17105.418016809293
13.0846503,80.2195323,1082.0294964348861,4413.4764357770455,655.9074508243219,13368.08410959631
13.0620626,80.240487,370.58786093943917,1950.112036536441,272.6954621777341,12501.038583481994
13.0497324,80.2582028,433.3705811953284,1287.8005675011764,383.7469852848815,12918.396026886257
13.1115484,80.1846272,1286.624734036045,8509.015150416144,539.8411842278351,15156.689470338773
13.0728321,80.2576906,705.266042448458,427.2380238053556,1185.3544793898084,14635.35746238331
13.0347902,80.1994677,1126.348819891252,4100.652746862001,1806.2679179316724,7446.111418821402
13.0320131,80.158304,260.2179392324093,756.3872108495507,513.8371143049636,6223.312057742693
13.0317092,80.2411957,55.77380005734449,900.866371286136,1147.1941618616465,10232.595384461687
13.074371,80.2081312,276.751669437801,5326.197806697652,977.2373258680009,11816.28471547352
13.0244783,80.253937,1038.9699914607322,2071.9168141228693,654.9183870161406,10954.07801896273
12.8581117,80.2262771,77.7383321675717,14230.866514869973,219.0371356266064,4673.511388116757
13.0304402,80.2567984,1278.8702213827114,1650.8275884450156,913.7479205810035,11555.524363217586
12.9454955,80.2574692,480.966627069897,10589.058611152032,462.30383431602655,9483.743649881662
12.9705053,80.2615033,377.21535051763584,7950.275566729926,548.477046318825,10201.001029183522
13.1125875,80.2081378,1151.2531149729716,7172.445694404427,601.088435393378,15816.933555532143
13.0851247,80.2141968,928.2134963843039,4968.800503436701,272.8124781680095,13174.26366863647
12.96954,80.2575889,131.43136550227143,7958.228287651281,150.62085633458318,9776.514398358195
13.1591141,80.2031147,80.21287053470259,11294.606500580438,791.6921431683468,20707.32987572369
13.1130472,80.258722,428.10583345238945,3628.401796876843,493.7807158642719,18226.6419113476
13.0306501,80.1529176,274.96952936608704,1251.7416662834148,491.001714974374,6176.480332451559
12.95999,80.2560268,217.1461467246873,8972.525665512298,311.604790239141,9668.185023609922
13.0209113,80.1259365,828.868101373929,4314.165071855733,942.636161187848,6499.292087017526
12.8012826,80.1991871,3910.0334206590655,16730.311262865354,2069.967031625263,9478.031975907228
13.1089648,80.2820095,390.4283006824148,3028.553473810342,673.3349291505656,19387.48210774434
12.8985106,80.1809212,355.1932510967976,7728.264956505211,879.2051768818616,1986.202990667721
12.9256549,80.10437,92.41892739797014,1349.4270458189528,75.60694260871337,3184.901126526726
12.9971511,80.1960766,291.6838690970315,5868.3545571454615,619.3342878336482,4019.0128189005954
12.9246286,80.1087409,78.81102944691128,937.7858533332569,364.6921493252987,3017.1611725055777
13.0400731,80.2159247,387.4458196341767,2915.6233626291896,1192.867152941288,8924.953300731051
13.0872004,80.2164421,1228.881595798532,4834.4020851660425,238.49253881272332,13483.628183618259
13.0177793,80.224953,0.0,3109.392129790598,376.04505166684095,7897.705688435793
12.8751861,80.2106332,1768.717738494907,11789.523271809407,1394.0634178162966,2157.622469993188
12.7867576,80.2496014,4179.52944350973,21353.755838172146,3248.816683335822,12592.815722370713
12.9008558,80.2280156,8.699302992406558,12465.044428907704,381.5219746217705,3984.498475204136
12.9851573,80.2409748,433.44124762596823,6062.855250751645,2.5414585139277515,8158.504291431951
12.9521755,80.1860309,98.9297631647932,7986.453699151481,870.0771723649951,2810.449675258505
13.0316473,80.2700166,757.4626260447209,2640.427362837913,111.29690325458705,12864.639092081572
12.9942424,80.2569278,737.6276464564548,5275.031796427734,910.8421439099646,10080.074976521977
13.0147531,80.1744935,1093.2966509049277,2927.2383357844183,1288.4800814366574,4360.234881924457
13.0407966,80.2029798,756.6029119885922,4319.406657672999,1415.274358020765,8214.753519117272
13.0193703,80.2435512,1296.1891564060086,2256.5189547803643,714.9951838971425,9694.891372672897
12.9491762,80.2406875,6.519541712599383,10063.109634976978,412.1498876856928,8267.392603211587
12.9189367,80.251295,93.44246313825101,13454.151775752123,255.48374028053104,7151.699516441902
12.9209254,80.2299723,340.270597084832,12323.915046796614,707.3515734756918,5442.880369991377
12.8469006,80.2271771,72.83608929389362,15029.199204996996,352.8879135050115,5649.838993341154
13.06124,80.27017,568.7079206197884,1628.2203442827306,261.36671651040115,14732.329123567939
12.9409671,80.1377244,497.11857933532366,2693.8939348033377,778.5953736247503,1313.585098598221
13.0097074,80.1528994,1691.1494495449772,3282.2809001929195,316.5819577080746,3941.506891396056
12.8917047,80.1851133,597.1409515194053,8477.57606637722,509.2791106082984,1165.5791388452799
13.0086685,80.2126063,63.24285907656427,4753.355296227411,552.6600730984334,6220.580983930591
12.8687677,80.247209,483.7947016587438,15637.868688404382,721.0104311402707,6052.2995981489385
12.9675742,80.1520504,273.62469026655396,5819.688574230811,1539.1587087088362,1051.5759715401132
12.9117073,80.2277203,172.23572509845846,12193.479285717129,182.18247597947547,4580.456964160961
13.0983878,80.1349581,2133.9093922947322,7283.0723797667915,778.8639414204845,13954.39617548634
13.0789409,80.2251326,554.5026760237306,3622.7194774793493,1304.1600925189664,13087.928156032645
13.0347051,80.156023,0.0,714.3355606048973,409.32370468050107,6554.998575072042
13.0293843,80.2342825,225.80360072817643,1470.3901362009597,612.7665923077865,9481.389030614071
12.8875913,80.2483865,370.51454578485084,14993.795021522716,477.1960589124141,5855.181884920585
13.0697422,80.2000921,346.4228741424554,5423.554094884355,164.3703804532294,11019.369431159423
12.9773778,80.2538832,215.4370561609211,7027.214597288477,603.3058140491332,9413.356589790308
13.0246097,80.2155874,875.4881554811901,3392.8091932928883,309.2949153338386,7609.712068554675
12.8330267,80.228884,159.79460900767964,16145.468501694648,367.5964271041731,7014.267590021473
13.0336193,80.1873092,1183.0086032696768,2813.791434706681,485.98248864262086,6771.362778138574
13.0012111,80.2668615,1090.5633896870727,5004.513202073911,1074.5543409773666,11307.006864582563
13.0125315,80.1211467,689.0782685117172,5225.228133450346,1981.4125991334693,5496.053711132023
13.1572874,80.2041174,34.93379181400433,11070.911946486163,884.7193508166449,20529.970531791194
12.8304206,80.2295685,149.66819068721543,16392.58430189601,288.9633298001134,7299.573412351392
13.0298372,80.275738,190.4792713082128,3283.489416424869,540.9098793123194,13322.053198122958
12.9853009,80.2596367,42.27157915585213,6311.680505932774,132.9633646238792,10147.001440786718
12.9463536,80.1973913,241.2473906235351,8990.962838256703,594.4146925640521,4164.099310225743
12.9100538,80.1727961,1337.2430554268553,6429.607023920752,232.0301318111164,3520.975261416085
13.0585155,80.2587833,42.68334542231459,1141.155034933167,1079.808853298117,13601.675910883348
12.9826371,80.2594385,4.042101985887503,6589.960149181675,255.04224229354793,10079.452487015385
13.0604285,80.2750704,907.4950044852822,2140.0644059466845,307.0801472391718,15088.290903929746
12.9504769,80.2550489,195.71172335082997,10003.685103009759,264.647199171509,9695.856070429607
12.9822215,80.209121,684.3498685784539,7356.802712310264,717.6747383024572,4733.093191684584
13.0222692,80.1413929,324.8957722874535,2808.2708434425494,1082.2812595985567,5726.687221802333
12.9454304,80.1186599,763.3675561103344,1915.225394731267,507.38538394502865,853.0167108432624
13.0761258,80.270781,520.9205732898295,823.9649904917101,302.48082618649676,15889.284641202681
13.1554081,80.2425246,1507.9180241256531,8649.598915806097,503.2215143650306,21566.447457555158
13.0610323,80.1386139,192.05777446638456,3560.1279016681065,1416.6896661242902,9844.478088518516
13.027831,80.262238,839.1550920379937,2238.984208899814,626.788192510724,11921.612582644744
13.1275202,80.2819242,1396.30853134372,5017.243102327145,522.8677139323788,20992.064711793533
13.1421473,80.2323786,269.18057160345694,7855.567971268087,533.2058106339576,19786.957765434167
13.0747182,80.1682206,803.6916003933189,4105.725484261146,634.5828126389922,10924.641324866765
13.0688386,80.1838987,298.3467612653561,4152.627187818965,1612.4105131109864,10456.22023343304
12.9787571,80.25546,313.90965061956894,6907.916854433519,807.5001559588319,9598.335928701948
12.9802012,80.2138442,497.16794313807173,7318.869110643017,665.0336244091224,5169.284881232551
13.1307573,80.1532831,436.809125168094,10318.652416330922,335.16702784567826,17204.39217920827
12.9203443,80.2343866,550.6771405477417,12805.632430710948,593.2123831847704,5749.175510888206
12.9390859,80.2528304,51.81654512497359,11234.716157028995,327.92655806355657,8629.023844777352
13.1247765,80.0609489,253.85524302298057,14549.443517324597,682.4129201342281,18847.466579357264
13.1085782,80.2114995,905.7141769828335,6603.4458572115645,128.89677583834518,15503.824297290903
13.0299401,80.2056195,358.4582151239546,4173.784704763078,1519.0828603360444,7353.621751411758
12.9905297,80.1440498,1832.920974257712,5609.314808455019,333.00540408692336,2789.088718234603
12.9353253,80.1773204,532.0341525275562,6635.562419971087,448.89924771565154,3974.1550512681233
13.1008425,80.2626247,692.8028881267105,2224.85705868174,184.62756649184445,17365.275121751536
13.064553,80.2199644,918.3135885340862,3715.490435310998,887.8127916383415,11423.850296031742
13.1565668,80.3006508,74.60997786738051,8693.126263092841,538.0306673078471,24794.502791400828
13.0298609,80.1780333,603.1260477891727,1983.3637969737294,613.435638839328,6083.35663105877
13.1258146,80.010147,394.6760286064653,19088.861218163875,368.60338280862516,21297.38511417372
13.0446829,80.1189086,358.52869471929125,4697.160694999465,1852.1779760305374,9036.855517802771
13.1076087,80.2420316,0.31485012269927787,4268.556530186076,465.71238891972564,16763.642699229826
13.1157422,80.2249267,1759.407873657595,6246.932454091741,413.41985204699665,16762.13964493577
13.0569892,80.2037301,831.4719461366586,4654.162836134569,733.7796466938629,9855.554246596965
13.1122762,80.2893812,334.38778413682275,3698.399158027471,360.27013356251103,20189.75564391125
13.0704755,80.1608412,195.67097683172008,3575.8900222032853,444.1943486567267,10462.161124986991
13.0479474,80.176314,674.1958236251907,1902.472684693893,697.3162938706748,8028.107974858001
13.085335,80.201518,345.3105658422448,6276.315105387058,1341.070202186379,12710.663775126046
12.8925673,80.2462275,17.477959588372908,14610.55426117524,147.7811861877268,5661.382960214459
12.8063999,80.2422292,1932.0997113653357,19223.66154229744,1091.09522910307,10296.671097339544
12.9410358,80.2132684,646.0830842589999,10580.293975831893,299.07773981597194,5909.255071648856
12.9560991,80.2129152,0.0,9839.971208908926,238.29410346223452,5163.130989531488
13.0990884,80.1425236,1415.3738177185294,7070.943249305698,776.4528572721981,13858.855206661292
13.0410337,80.185043,344.86051713530975,2536.9493399793882,964.3463829637043,7477.3086817841995
13.006241,80.2470822,44.77211204561972,3743.470524661675,358.553731024604,9424.140660015868
12.9683291,80.2573726,9.984917318267122,8085.579223651216,44.79703785770703,9754.311641433287
13.1308188,80.2561816,1136.6410896733917,5570.472103571787,770.6070091895508,19764.641007735467
13.0467114,80.1109051,104.17715283878013,5589.641877796873,965.0202681184956,9258.562304183952
13.1218075,80.240576,413.24765388885845,5504.955403774121,1451.3661735754065,18081.952774222118
13.0258445,80.2627877,615.7565567593708,2446.190324571895,609.0094735295867,11870.272832944709
13.1858089,80.3155515,218.12640644625102,12309.349141752462,1557.3410215501383,28378.31288853219
13.1217263,80.1497081,122.60151524584825,9365.102727363346,1135.7591150720452,16239.979105129352
13.0849504,80.2036178,564.2014681353359,6046.271238404578,1190.5561057707266,12741.590709630715
13.0906649,80.1464852,1165.9085686458366,6050.858523324045,289.62294706462313,12862.585070928715
13.0323105,80.1632027,14.314855801522056,647.3006393633619,631.2660806013869,6211.103804704163
13.0140338,80.2246488,94.65177536699426,3463.5895842083696,316.44284015997187,7635.586902702794
13.1167801,80.2178199,1480.5478421938371,6795.273417420838,496.1907475886047,16590.9441606074
13.0906283,80.2621417,1075.7235364351984,1389.9724077017254,340.1185180027601,16442.15378765547
13.0152345,80.1368538,301.4530615231268,3692.2786191135947,1347.532925104235,5317.015312569282
13.1177888,80.2287099,1569.8005810808934,6102.0831792758145,590.5306448433097,17131.842108687557
13.0118869,80.1549019,1658.964700293831,2990.435685572536,307.91497629394115,4102.706545925164
12.9691428,80.2062626,636.0627534010766,8784.67583986212,427.2219433543833,4215.363322530508
12.989843,80.1936624,141.88812357091032,6371.206951507484,512.9027723418108,3379.981589130524
12.9665741,80.2478057,239.70954214285064,8143.6770117789465,791.7244622324458,8723.487513606884
12.9947654,80.1993715,188.1020449517935,6300.798336117579,174.57835323160486,4181.809354004493
13.0294805,80.2508079,808.7386218473604,1422.992189041308,994.8362808851599,10948.141484469494
12.9716299,80.2192726,0.11061597628542143,7982.899808631014,382.87979443297667,5628.574630910102
13.0568087,80.1832513,1330.7696309307162,3102.76411078603,910.85023513082,9131.32599567229
13.2878195,80.2558605,807.9169596217783,22809.944126786948,895.1487976989775,35969.254661748106
13.0681138,80.233244,853.5208055328243,2575.2967222158627,615.8438925763127,12546.68830184415
12.9795827,80.2494441,214.37948776008884,6717.625568338508,881.4818529574698,8961.067308420304
13.0690679,80.207869,86.29675646447122,5004.549004765221,709.9036276202568,11264.001997141742
13.1810602,80.2694192,81.12297364719798,10872.404455114029,1017.5284129990665,25371.881664129683
12.9275987,80.2057473,474.0532672909464,9671.115662532684,4.6489712653072655,4744.665851820212
13.0404123,80.1707697,269.9633959119217,1000.0544655212302,420.3889063375488,7128.1621047941135
12.9962725,80.2678267,1333.9160344250793,5531.426337481831,1377.4260384191086,11278.461106414821
12.9120009,80.197371,229.1875180873453,8949.464541366939,321.9658414190732,2865.959914478114
13.1441943,80.1872166,343.2182336109306,11266.516927953557,318.02791648529876,18792.430930755134
12.9866009,80.1726357,136.64809079971133,5830.890094454906,709.9697137560318,1355.202001949476
12.8483107,79.705073,34957.81472100508,45476.57899436102,36279.029692157106,42727.86937154095
13.0166484,80.1911885,266.1092478159742,3975.497273594936,58.97855254155941,5252.98446238147
12.9883524,80.1891324,633.6610457620669,6263.909645088801,453.8867564443428,2866.9761858596717
13.1042898,80.2936125,171.38343307115693,3260.3555278898007,619.8687117380979,19852.094109629168
12.8768075,79.6160108,42106.81924548687,54549.95491345398,44271.43645568525,52071.70975096242
13.0794625,80.2217745,568.8040348415814,3987.2615862895755,1214.091201301828,12963.830926873221
13.1249292,80.032941,149.209450856666,16955.194070972248,972.6797095651951,20006.956876032727
13.1580752,80.2033313,29.258897108066005,11192.968207146878,861.6457373770422,20598.703592257916
13.1158479,80.2295822,1474.0535966452123,5894.057875254596,495.7476297982985,16972.508718952355
13.1189649,80.2172822,1248.0751781464467,7022.178408014932,264.69101944498254,16800.05304770545
13.0152993,80.1717656,1188.2137309733705,2743.7640179741516,1027.682583058245,4364.83947402324
13.1338872,80.1578922,437.63455071913677,10633.853786862619,568.9137311892495,17520.40929601042
12.9983015,80.2432965,574.8365232456629,4598.202986461113,376.87982967507156,8757.064850516006
13.0386493,80.2052158,706.7605667174984,4076.8517228411188,1728.4984623188427,8132.924554913716
12.8445841,80.2264618,208.57024045878003,15124.656572810145,458.9384727000945,5805.519090910622
13.0521369,80.1743025,1188.4819771248567,2048.0549082288276,247.65151293439018,8462.406729778411
12.8714615,80.2265709,3.6428795713391136,13501.496369187746,388.1942566568736,3863.9278141670093
13.010193,80.2621323,319.89104729058533,3885.8539757125304,424.65003046469235,11106.39938478853
13.1559251,80.257231,1623.1775072202477,8241.127204783816,869.6546610753643,22281.68544007516
13.2258262,80.3243551,149.4940003140098,16808.023716679774,309.0893778655506,32620.220114801825
13.0273265,80.2141532,572.6492696211669,3396.0480508069672,646.6683521493068,7718.337973283898
13.016769,80.1367942,296.28520284083436,3582.583487178332,1187.0467307309532,5459.828691613408
13.0252576,80.2204237,756.2410891475746,2908.044420734768,230.1777757437264,8039.2867487886115
13.0863491,80.2727321,423.8971596699009,336.1974873639107,278.1396952998112,16846.414516470104
13.1225201,80.245785,267.6846104041723,5234.383183338118,883.0847176060003,18412.04462377689
13.0592324,80.1746118,741.0668479362521,2707.676520222545,571.1063745828956,9250.392254618697
13.1933419,80.2612852,977.4661958949528,12293.527578323998,0.8696541973452868,26242.852880557133
13.0357157,80.1884526,1031.4746494311364,2903.0491898712203,689.5888325682977,7033.052356892492
13.0825352,80.1709175,708.3121663216706,5013.864624134736,400.3505098319506,11804.146270396068
12.9968645,80.2616099,1089.5876415205048,5174.227994952505,1256.1692246791365,10642.834775362495
28.5292495,77.1541335,339.4973674191049,4583.482903882763,595.158867201205,9803.55784270002
28.5261914,77.1570839,229.52317578737754,4750.13855330519,168.6766097114852,10200.970541085644
28.521168,77.2022237,219.14572847871247,3438.317738497689,871.4485323373715,12510.588325936938
28.5890885,77.3015085,412.591516064554,544.5446589395207,328.47190261363744,4724.464194963174
28.6305974,77.277523,106.41384952226136,4712.430598727294,1138.9912977913866,4944.17128610936
28.5339201,77.2124474,1027.5405813095165,2181.9195985183887,1079.6064516338497,11981.56292323803
28.7342799,77.1135027,103.44311655745716,3963.9176788304794,850.3534115204648,10701.11254794888
28.5127982,77.2323949,198.34258839909694,4038.40217941117,2037.3246347478305,15032.842555209292
28.7032676,77.1322497,133.58527414043397,4451.5768810239715,1166.3308840299273,7297.155033527321
28.6215226,77.0611064,724.518349367693,6868.202855669217,1116.1628856980892,6949.240248611303
28.6219272,77.0874757,857.8025760434692,4710.831823717529,2161.9985100370395,4403.405105280354
28.638643,77.0731382,812.7637776320145,5074.735584162348,461.5703360961108,6301.798837054225
28.6515829,77.1582587,2023.604436816109,1384.0568866359354,1038.5423339700424,4761.514418063058
28.6529982,77.1890227,715.643334580141,2879.7369759546104,1016.2908634457837,2599.3911253098227
28.5918933,77.0828242,181.28296347271433,4974.934736524264,894.4727837335237,5452.092859868458
28.6403835,77.0128901,795.8645042490715,10720.17949766508,219.34235089596214,11951.123945429263
28.7536438,77.2016511,2773.128555932128,4952.347196150618,205.1570495748022,8803.267128941792
28.7041,77.1025,1119.1995611922341,6304.501319579725,529.3660733083009,10016.694687261332
28.5469476,77.258801,206.91707548001023,2263.9679735116943,794.0485936837717,10965.378863438256
28.554886,77.1710841,331.40365258577503,3221.8407754456825,612.020855133469,7722.538527179826
28.5660924,77.2432851,112.2711343850802,2038.715801761614,1114.5151692326858,10516.573450214424
28.7057279,77.213725,1040.2894299223879,5560.116607842227,1149.47905378391,3740.1943852658273
28.557827,77.1611168,659.2164322427188,3951.8180451000426,644.7036648143982,6990.203321199588
28.5579591,77.0580701,358.06117478858914,592.4534055148671,868.2553348539292,9621.830260237213
28.5936077,77.0664075,539.5383370812856,4622.526325887857,744.1084609619529,6834.382979988392
28.707334,77.1885231,279.88335382897935,4150.260003447189,481.9222689349823,3804.675667294335
28.4931214,77.1424868,228.2648857424715,3944.6360295715303,630.6439836130751,13617.261728229849
28.5924998,77.0652003,691.1732286361557,4482.144702635263,913.9491896533997,6988.465367811277
28.61931,77.0332792,3085.540355603301,7808.25751335554,647.238613291906,9640.94437247135
28.4971399,77.1812506,1130.476816012387,6495.1674233331405,672.7487827879202,13986.750927458439
28.5711087,77.0730945,2236.945728403544,2506.5382356229334,814.8607228685278,7555.149056754582
28.7297608,77.2212803,1197.778174956271,6644.7070165638825,330.09054439358715,6502.335396744656
28.600032,77.0789777,435.8039568214624,5640.666135889736,778.1629789526498,5439.376001597503
28.5592511,77.2161665,920.7661777028362,1439.7047903139198,709.6576393807798,10314.202456721874
28.6035543,77.2899208,90.79756986611433,1475.3194550262485,516.6185771526941,4382.80382685454
28.5423747,77.2210916,124.44066435318969,1609.2291207335654,1116.7142914146161,11892.025086615195
28.5713575,77.2330402,637.1691570878702,2500.2859694365484,548.6853419422193,10990.475758579712
28.6018747,77.3259814,2864.4874504648265,2268.30861440347,1899.8204063342605,2553.968718322988
28.4764911,77.1329132,965.5162197079567,3471.1142237171834,239.3260116450776,15427.733456941718
28.6365265,77.096482,1531.1084280534276,3038.094061930851,2419.148927502118,4193.131902734655
28.7019574,77.1654317,123.27777829007584,3154.2213747735077,1057.3797285926914,4511.981898343982
28.5968507,77.0735024,270.1734508738008,5133.147733138874,323.327854399162,6059.810670775334
28.6527444,77.1316496,593.2056719764552,849.3325544867067,1008.315146246208,4171.128387998664
28.6885171,77.1739339,1797.2291345733033,1682.121416865055,1292.6997391776763,2939.9800668371345
28.6997763,77.1091863,484.0755068907909,5688.912450306537,325.8925037216756,9245.996921495926
28.5320512,77.0931081,633.3617940468356,2386.9309295216967,1003.0905668893381,9996.524482222265
28.6313702,77.0471177,2060.0390241677223,7737.43489898663,819.9583819149982,8471.22729913818
28.5055007,77.2014964,1646.3663387388142,5181.860489111103,236.3346744423843,13965.333556978187
28.5819215,77.1727967,260.4204101832655,3515.3696217015245,256.7360091699626,5443.5074125415
28.5893101,77.0876296,233.4787740732409,4847.266084057752,904.7778989534147,5198.138473876557
28.6646486,77.1472319,881.4484587267739,761.5018444759211,369.35223237875556,5214.292600885528
28.5419077,77.2384925,27.86354981328575,832.9041949567475,1786.6476492535326,12684.171503355245
28.4991235,77.1613745,389.7868184078619,5276.19916814478,115.10541240257119,13227.040629736728
28.5564421,77.2038699,240.9047324003715,487.9637349762771,1595.776080041287,9595.003875987826
28.6058267,77.0363145,2732.7325871730477,6294.626842661595,84.34875156662191,9393.0218586221
28.7079332,77.1239996,778.7980821271747,4478.446142517868,225.80446690479707,8248.523665582421
28.56502,77.1925584,470.2655646151767,1818.919250184416,1722.1557155402731,8136.705462154491
28.6096158,77.0370442,2936.507017214634,6669.439204354604,102.84427744645511,9284.240467991282
28.6115923,77.2905644,531.8636183859741,2289.1044210138202,998.0391586370844,3914.802688860319
28.5368964,77.2222387,609.5148548585871,1884.1084600048673,497.6178204303851,12394.69139720455
28.5150686,77.2548357,403.5118201417445,3182.788530448297,766.2023926016783,14126.169619501505
28.5720013,77.2633718,337.92024001636673,3718.2579241372478,770.8151809935622,8599.665530927598
28.5649787,77.0510412,732.3364544881971,1548.2296847761434,341.94553193439486,9675.414403187635
28.5440522,77.2291407,257.6233603930915,847.2914608076621,1398.4779517598386,12358.54107427089
28.6450127,77.1692817,2288.9668005990598,2682.8957926383923,705.4763710689074,4408.355244376864
28.5830386,77.2393151,689.6080934758081,3801.284997506158,548.7031983763144,9802.121533452111
28.6518058,77.1150797,1029.3352380868523,837.2501018505136,1154.5229406796316,4386.918031886937
28.7081851,77.1241964,785.0720858965122,4444.687510614892,242.77356370112298,8244.074038450175
28.7273157,77.0981584,1671.0399512741085,5573.164943056161,300.8520954995847,11496.244498761496
28.6818027,77.2188175,381.0023963174464,4812.4868966596505,135.12289598204597,2053.440277233404
28.5687308,77.2848272,1092.5789033927972,2815.6460378791803,519.8480333815277,7510.997601252845
28.6357855,77.1841395,2587.0112083940353,4363.13298552138,1372.6264445612044,4557.527422506079
28.6165864,77.3319912,1590.5067144258173,3474.1579639579368,262.50170157372287,1001.98587877164
28.5400349,77.1197754,262.4605242713573,2981.8599055231252,1184.2078380882047,8445.625777591977
28.5586158,77.2323716,767.2592628075636,1118.9933299939873,720.6701192210121,11653.152001176079
28.6041966,77.029238,2018.5374297558149,6400.524913682045,744.4451926372543,10100.30436970846
28.6126708,77.0721766,774.708140662175,6514.070798103044,1538.210661902188,5840.599636096273
28.5393325,77.2320028,218.86007861692016,1134.9934912960625,1131.2124024539805,12911.398001409883
28.6202758,77.0450787,2233.5407126810765,7632.317867883317,901.2628138348275,8496.998851406766
28.527295,77.0823049,1403.7088620455302,2784.1583980406026,1611.687118593675,10913.665809188587
28.6511896,77.1242597,162.6356361080207,137.92612571426866,967.0958941306018,4067.782988390962
28.576544,77.2577293,201.75981598487888,3740.8542034658763,810.5504733246394,8689.356675400915
28.6124504,76.9865067,395.19350575537806,9668.936914345506,2549.67626426266,14199.6373356763
28.6806752,77.2039504,1716.3543342874543,3370.507597121389,854.2977344544504,813.4364908413362
28.5334785,77.2935232,640.8301981281008,3494.448043762814,1020.6154274668816,10689.247170998564
28.5037407,77.0954113,253.6521972259505,159.24055272900944,406.82566023664685,12900.49622343385
28.5422399,77.0704637,216.493824184369,1652.0927661246387,271.07745947870535,10095.146895998112
28.708008,77.0748195,2898.344879962569,7992.029246842213,913.0285964249424,11725.22612642737
28.585716,77.0101945,299.8677520747732,5972.699272939502,1011.9721302675028,12330.36972547665
28.6250692,77.2851699,818.4963961243859,3875.3593204943777,1244.9269189979584,4155.706726874055
28.6852384,76.9961591,157.8702278114633,13017.303026503376,482.94680397400214,15366.907258445653
28.5209605,77.2319455,703.8129526987565,3139.5126382253225,1534.9417772312659,14327.16718696954
28.655746,77.1506635,1807.5988956136543,511.14770623277764,1127.5113774678591,4861.343327223264
28.5790689,77.0654186,1855.8010252144313,3018.2338341927566,1061.7024392213584,7638.562617203339
28.5498087,77.2077638,400.93407763612026,451.433952656168,1747.494811386648,10379.816525678676
28.5974584,77.0423682,2803.2171704104207,5223.368791549114,1171.942599213284,8964.602844403551
28.5895514,77.0499983,2203.9132295944746,4185.430758295219,2241.593766304286,8493.889849930874
28.5843113,77.0576933,1803.714115318352,3522.541830058698,1474.430078074137,8022.578025296122
28.5696878,77.0643221,1508.7397476163685,1982.6059764632212,1217.7650640914683,8320.520901035366
28.5987579,77.0266503,1697.7048240608299,5991.72811697092,1060.642237528901,10440.331117195288
28.5865094,77.2125273,1251.5038156055678,3922.5451051510845,291.8999609228962,8491.173712980783
28.6317695,77.2193804,2671.4452254836174,6628.503735248753,832.580804184112,5132.375735866786
28.5102599,77.2010415,1138.875070112053,4655.739471031094,517.3942660989534,13483.049430549923
28.5534151,77.2381363,1217.1614811342401,544.1329802069772,1450.1716066265226,11812.669185388972
28.6185287,77.3026578,397.8423613000804,3031.0257030621265,437.51380163226906,2545.8521075163717
28.6098555,77.2926318,634.9169305943651,2054.047070180509,777.4359237130955,3808.670334514988
28.503746,77.2160725,1520.1494816387176,5386.107340498486,269.7326332922674,14872.759666500811
28.5425871,77.2242898,113.44588077219966,1326.2744151189909,1121.0909082043052,12106.727765589287
28.5671008,77.2697643,652.6806334572026,3807.871725216894,723.2768270591966,8555.395567101097
28.549364,77.1990557,410.2597505721994,560.842062661703,1608.9682886054948,9828.270642417558
28.5570322,77.2446139,897.7828791888298,1244.7452158601538,992.3819902122915,11074.627386895389
28.5571011,77.2130055,621.5927102163182,1050.5334032522935,1000.1371674710389,10219.414686052216
28.5949579,77.0615912,990.9849305009593,4716.168591898199,1026.7264764231327,7228.112293778019
28.5861818,77.0711318,947.147981083558,3932.2067856615313,147.14380794203464,6758.404599251755
28.7118426,77.1110711,1708.176203857993,5120.566511813292,112.80496912188156,9571.723942207847
28.601669,77.0489574,2174.243330348077,5529.119968778704,1345.5610416364675,8239.816395209968
28.5637969,77.2556368,565.170401738301,2546.4362352017574,1357.1106166688494,9775.619962097124
28.5376883,77.2516536,901.1944233613589,1999.3751322340759,1577.632924124231,12207.011068677684
28.721424,77.1367138,255.65189947584577,2532.7666041171046,267.6283905306388,8044.458337528435
28.7140551,77.1159961,1752.2782198856971,4587.241969627546,565.3191195322385,9255.557014821781
28.561184,77.2398036,420.75886732093375,1412.0164022742515,1341.4228722147354,11124.09948899722
28.7028468,77.094764,1249.7695703596962,6491.796754223995,1247.0471243570464,10395.508752661988
28.5452737,77.0325541,767.1391770851778,2652.3364725351066,46.5976145208626,12437.533913568797
28.5785457,77.1638649,674.8614836359018,2751.739023706411,986.255165463491,5133.963530265234
28.6986277,77.1006232,593.5979835625429,5830.501226345473,789.6938906300026,9763.484740579643
28.6167988,77.0440934,2452.7381673804734,7269.485578039074,629.5254118006078,8576.564000840031
28.5293364,77.2516323,1748.445782142804,2681.2963620284463,1999.8181024263513,12957.555353787158
28.6695782,77.095956,294.49979104907305,3443.326812091472,272.37513733761733,6989.044559001558
28.537024,77.1981891,101.64714922677314,1762.2906844538297,1051.233656219264,10838.855357316228
28.5747614,77.1630662,307.2277494074838,2844.468331786819,1338.5658596447522,5430.305259939061
28.4823661,77.1724534,2163.3301503769026,7048.455277537228,1511.4463211856848,15294.964536991978
28.6264562,77.1349668,318.54128156256024,2866.2023069418647,393.4209078207807,1282.440692976601
28.6286841,77.1470979,1346.2139887501437,3248.4122100903624,735.398839315959,2103.8722299316405
28.7075742,77.1025918,1484.2417102818117,6070.237514431687,757.1358502577463,10141.714130253013
28.5731509,77.1644656,255.45300811331538,3049.500132888537,1407.0840303081507,5655.204859251485
28.5574491,77.2262683,1026.0805182517804,1318.7481689117876,299.1435206775512,11230.086741799103
28.61893,76.961584,1699.8623087797166,11986.071533239254,1316.2371499697533,16633.64510560484
28.5959698,77.2311628,1221.9062999864552,5242.19670178646,831.8518926189356,9262.941857633332
28.5896671,77.2503854,397.6953360761491,4540.605550328262,241.43367563235495,8502.107483557777
28.5978439,77.0520021,1861.894765097485,5065.119014898837,1809.8976247577134,8039.511314952355
28.672995,77.1461239,280.1643937638472,1680.449801402217,802.3581319459724,5208.573998748937
28.7118315,77.1238141,1087.371359703474,4171.385395665228,451.1457416956389,8468.414285325327
28.7269918,77.0834877,2413.9965411529083,6981.24171543336,1191.9884985291314,12730.745985214395
28.7144056,77.1296923,816.2409824061485,3570.976547732743,1039.0237491496814,8126.255903724161
28.6798074,77.0926793,174.39949838944096,4458.32388492565,400.55737992580623,8138.412805033978
28.6194521,77.1668619,2029.486127397525,4674.149818167784,287.10974156393655,3441.0084972887585
28.6360207,77.101822,2012.0001403394976,2632.878823502443,2710.5072238562802,3739.4443373601794
28.6404593,77.1051815,2095.297937187222,2084.6455673460982,2357.5729186950584,3832.5147834690847
28.652182,77.1263056,68.54648758956088,356.9821329610334,858.6832826884458,4145.117804013474
28.5713646,77.0588753,1420.5876409011112,2082.8483642927185,771.1356464116744,8641.804071859055
28.5218262,77.1783232,952.4488402447461,4188.823223282566,43.62571877059789,11331.193809963363
28.5952424,77.2262907,1675.1680941779498,5224.362191500248,369.66097113959444,9192.785862083838
28.5374084,77.2018601,396.4670841659547,1640.8045284476368,1398.5538344766394,11022.958945804801
28.5678755,77.2404914,314.4295998131576,2149.8343402095993,843.7226829351018,10612.296140611586
28.6578127,77.2901199,71.29384746225956,3468.8962132905167,1371.028564728367,5192.812591466337
28.6017308,77.3211059,2741.364190486882,2592.649325489694,1540.5761315498467,2644.8074317721503
28.5623044,77.0037102,1206.3930839958243,5446.751520094548,296.9287102914879,13834.280297116546
28.5579007,77.2175785,1067.428490537087,1484.6175606446814,551.4665762086884,10514.859693597567
28.6319012,77.3107328,469.16341309228187,4665.841084518168,769.7708380268605,1839.1173249624574
28.6466157,77.3155317,1135.8178311094048,5229.433862257648,1453.8871474320367,2703.773292762717
28.6039358,77.1834133,1988.9707560171391,4914.577881276324,961.3831196141,5179.507862162189
28.5338204,77.242467,938.4508374576728,1811.0002941930265,1869.470462659312,13102.0694737888
28.5700938,77.2431796,556.6207769481238,2455.7637146758116,703.5854917007747,10254.536199067641
28.5438154,77.2236292,172.60028452713,1315.841766343516,1254.4147984160277,11967.655293108968
28.7425945,77.0588611,787.0428386830247,9273.908690269094,553.3776279254552,15666.091146309664
28.5597477,77.2749004,611.4874975060462,4007.203808102713,1012.1926593530192,8884.220230217385
28.6301441,77.0682683,418.1726942393604,5827.845445622765,596.2485504880682,6431.999093885008
28.7236228,77.1277781,187.4935137791048,3036.1966438254003,910.495677864151,8874.426439593064
28.735763,77.108652,292.4556679869472,4419.294576031762,784.2144449712171,11175.4564744046
28.7192546,77.0652677,2460.013453872639,8901.061712894207,616.7968806013922,13270.21596024063
28.6734298,77.2898858,179.8061028849871,1741.1114975728194,1188.4513230935358,6549.797698533059
28.7152034,77.0253445,635.4101364993211,11995.474018671453,217.1514448154021,15222.673511244811
28.559678,77.207742,129.62920719645672,926.5818371298478,1156.1699436786848,9640.59573980047
28.7313339,77.1158944,229.76778693012687,3787.9598884652996,458.7469707891694,10315.519076715269
28.6158794,77.2122822,3547.5029619938955,7143.96401569048,169.5705376055945,6636.513722479353
28.6504282,77.0622744,1799.64180758103,5970.091998492426,163.9981946129534,7844.870536920045
28.6296489,77.1119344,1950.8620829682502,2543.7718358303277,1937.7688775425372,2526.2356321238576
28.6414409,77.2952594,17.491583017190727,5291.840544359806,1139.7026450548958,3671.5400527900074
28.6403307,77.288905,239.2421267672098,5416.414033164318,1601.2973516339714,4166.012594707715
28.6462517,77.2240002,2130.962397098971,6017.6758897447,1045.7702881932157,3947.8356160672975
28.5131702,77.1107659,1530.289967005362,158.87260232055507,467.74124171279817,11535.743188224018
28.700001,77.0555546,2023.7221371839917,8636.088361215827,823.5285687243439,12016.356297964674
28.6315015,77.1006012,1832.1655084966455,3046.835820683629,2912.949169535347,3553.592002824743
28.5621177,77.2124515,512.045938904543,1395.5996517118556,929.1547790235682,9832.58524552607
28.6807999,77.1273399,617.3457671750535,3133.218749135791,2022.0518053605624,7072.985428378213
28.5427353,77.2913342,898.1328808681275,4338.2641121661445,273.8523702188179,9792.371000112187
28.4406931,77.1505465,1804.420256414598,5778.125453125859,898.7833738379528,19492.945447664835
28.6857668,77.1496094,142.1207051944302,2369.4281222680816,1887.1897785045364,5024.34672476873
28.5351561,77.2637936,1553.989158579002,3142.904070414328,1934.5650390940725,11761.613153932149
28.6194334,77.0515098,1671.8570513972718,7457.549677376363,1259.7389533799092,7864.645157739524
28.4987734,77.1944475,1775.362678142645,5996.257772756979,304.04003680386165,14316.699944043175
28.6452857,77.3243429,1373.8811544965042,4565.063723332021,930.4712613253063,2303.001762463117
28.6700885,77.1818589,753.5465420067866,1160.8778887229448,1088.740227089805,1788.1616916059036
28.6758864,77.321446,77.57286158767224,3201.763268041299,790.763687687598,5714.732588767597
28.6100971,77.0888864,243.27704677489348,5396.199331256179,1430.6039410495548,4241.211593005731
28.5939822,77.0237771,1428.9790670717782,5705.628703135887,476.4372021771776,10820.24799982598
28.609631,77.0467536,2638.2389990800475,6438.242024167663,858.8116928279416,8338.714967742699
28.5261624,77.1995771,516.0972036388381,2909.9919101684063,1218.1260171560743,11904.723601066
28.4932633,77.3030303,131.436828264314,1089.0054107092067,1664.5245979119675,14823.05301651407
28.5418938,77.1862772,791.4620485515796,2060.0239724523444,356.104474195361,9729.204096757436
28.53493,77.3005184,1315.585413742674,3614.8625609250666,640.7316112740833,10339.719984279896
28.5398146,77.1840572,1073.121523717899,2369.324550224379,345.1952301982337,9809.625335579029
28.6524333,77.1000592,1369.106675536628,2296.7729833918183,1360.2342678887576,5175.946163634156
28.6691641,77.312267,771.3239487963011,2945.410279373242,1782.945493303851,5160.113575978422
28.6511811,77.2971799,301.1732252098754,4228.359287088382,407.58817333224613,4184.418710359121
28.5876702,77.2292692,890.5951657650115,4346.416472062586,397.451793601697,9984.033810081146
28.5057128,77.2484672,712.4140530668826,3488.5504146158532,1026.8190782387187,15338.321033771143
28.6608095,77.3075455,1660.1111147622266,3469.3476652233394,1326.0063500989074,4463.94958814979
28.5884944,77.0714169,701.2031285683931,4185.298323443245,280.79483800412385,6614.402518241942
28.6852212,77.2007247,1552.2203035171133,3241.2441961624877,452.57498925232557,1198.598556952229
28.6030005,77.0203476,1150.1989191018677,6719.697162913187,330.33469897471434,10977.99305356457
28.5874163,77.0231568,1432.3208364295874,5175.7290589547765,257.9825956994016,11061.229703915216
28.6541384,77.128178,260.509423107383,638.0678005634917,697.0398329072211,4341.580940902251
28.6166042,77.0353853,3182.8377313880737,7458.732074873846,295.4842943104115,9426.056911076079
28.5521464,77.2246983,1103.1815935826064,1133.927517975792,636.637659013174,11456.15678378308
28.6749486,77.1882302,1505.0577901279926,1742.9399438646,762.3798188674133,1099.1996461835656
28.588365,77.2449546,185.43397910195452,4469.016469908277,587.1613814962337,9040.303951055743
28.7371252,77.1095611,146.27600829058187,4322.738032521116,825.6759097230498,11198.815091828674
28.6459661,77.162929,2414.6774641891107,2115.767551384733,587.9114992641029,4563.586670000644
28.6359648,77.0487636,2136.070799603209,7458.097925131958,910.1342886504863,8439.136912334483
28.6405697,76.9827287,1205.3905592619085,12253.765585738447,245.519521825557,14833.102405853115
28.575817,77.1980786,686.237157584669,2703.072896367199,1024.7248359488822,7804.283869110832
28.6510892,77.2749996,672.8016700905431,4532.660319784993,1234.2496677558645,5920.234829045799
28.6159271,77.317636,1164.0593299357863,3369.0076123696235,829.2738271784865,1394.704009224411
28.5982897,77.1234689,840.4979416319001,1874.816612829226,1512.7320553880825,2057.50374220732
28.619553,77.2830355,343.68923574846116,3371.6593834093273,703.8796888816555,4402.7248987566245
28.5621997,77.2476131,365.19649290260026,1870.7777025901098,1261.8002298323947,10471.30151043055
28.6116059,77.111781,311.97169622573165,3735.22088229016,1563.906620723606,2008.616283803457
28.5182748,77.2152203,36.991582102877814,3915.1143003825637,1501.6095482108399,13504.963895297164
28.6176973,77.0427618,2536.429180870086,7393.284504590234,550.56010111816,8709.05130205802
28.5668357,77.2200829,241.27463440757057,2279.3847562137507,754.1514318731887,10150.104420142015
28.6168781,77.0515867,1787.4232746999871,7173.9137981185,1347.5248344419174,7845.4876101516065
28.5821286,77.2434423,319.15244559312544,3760.034175244888,788.5975589834026,9499.351239820731
28.5667513,77.2619181,129.18359153341757,3230.1629867280935,1343.9984680654788,9107.939235035545
28.5603016,77.219519,948.4178009940066,1778.8423486195481,461.4796952375743,10508.687420604807
28.5607037,77.2036565,290.3251379645676,962.1400753338645,1168.6377516544917,9262.763117704799
28.5330653,77.2003358,407.31036196553697,2140.1538005744205,1400.347134786389,11317.622550669877
28.5353753,77.2081104,899.572305840833,1899.3554079210999,1525.2789146102225,11583.500857211931
28.5299358,77.2022965,732.69828812301,2464.4842423799805,1641.2554086093576,11711.71145569676
28.5341211,77.2203833,951.0763722341075,2233.052318135904,342.2004790617573,12487.571567824714
28.6016454,77.2421181,924.0802835466237,5453.600171350979,404.4801462221741,8745.805804814372
28.5681089,77.2221923,69.02251676269051,2503.377321151724,742.7669085709571,10252.181053312193
28.6077066,77.0402808,3152.524613830037,6373.338105304369,345.3791799157504,8986.40050326035
28.5302569,77.2183932,1387.093880673223,2685.848490327142,549.6693672115493,12671.165455946892
28.6357403,77.1810326,2744.73704686692,4210.949039677392,1288.07330726864,4670.563524732089
28.5433901,77.2242036,156.3480469591133,1287.8603009719034,1209.5383504815952,12041.010320892852
28.5395472,77.2187735,362.54327369489005,1962.3530588952121,900.4325328706857,11946.777850108754
28.6423058,77.2837942,721.5796164579975,5251.676832024114,1538.6641169861703,4710.94333995619
28.5553298,77.2419637,1080.7676356427717,930.2135012497694,1134.2782669997482,11393.165879581966
28.5295646,77.2634622,2151.189620199698,3464.4281225754144,1715.3870543713863,12309.476205176523
28.548804,77.2012358,188.82524776760627,446.0577116848045,1722.8062134264308,10017.317250797118
28.6519279,77.162923,1829.1466867452011,1776.8052863621538,1154.3734281927411,4361.641616670421
28.658844,77.0908475,500.63695096755305,3324.698797093983,453.42006396709826,6292.640338962916
28.5466117,77.2435404,336.15872600088875,806.7390421031985,1081.029906784884,11965.34350627123
28.6330762,77.2811782,4.821241319283267,4842.131928999024,1332.452245802006,4637.459344679009
28.5094555,77.1986538,1304.2475024466892,4764.508567046835,641.4021037312535,13446.04057995137
28.5757083,77.1151895,2.545540069156482,2457.624418175179,1572.460670561295,4689.351005127792
28.5152395,77.1980041,702.5111963161953,4134.071935697207,143.40542941502815,12855.15869714757
28.6990083,77.1366212,768.3514571840861,4273.9589342446,1778.9810180634793,6710.627724632768
28.5403256,77.251959,639.1708785788984,1854.5969363533693,1282.984913918604,11957.12978498224
28.6627442,77.1979077,660.9452588297947,2915.124434211361,1221.683918586402,1315.8767265746305
28.564122,77.2372705,164.05739619242678,1688.4172684019716,1103.9708486130119,11114.7233635782
28.62363,77.1160615,1474.8777867296928,3038.0305680332635,1627.7348309694385,1809.2838970649475
28.5067947,77.2291106,885.9257654462671,4737.200373178154,1417.8820569499703,15344.507592003205
28.5460584,77.2515057,48.30915107698119,1574.1937387155715,656.171431762309,11491.700600104594
28.657859,77.1424288,1201.9802737079508,350.922933256286,956.4224461172629,4849.052035834842
28.4992605,77.1743624,634.2048513754493,6485.536706796489,693.3891701899207,13544.890724923605
28.7002238,77.1249359,20.194346720549028,5108.918761638716,943.182343894361,7814.469449011666
28.621757,77.0557122,1194.2770281522494,7327.379944075595,942.6584835080737,7475.759743144436
28.5548352,77.2495194,920.7264329969775,1494.2052608029749,467.57397709936356,10901.556740414304
28.5114719,77.1666504,253.43947903895165,5515.688653101452,606.4632817571159,12025.459788614759
28.6218268,77.1103138,1337.8252068591153,3402.560615531481,1965.1059083084551,2234.515830975439
28.593856,77.0448862,2616.0862219695305,4768.9451171699975,1641.8141894700436,8824.520435020884
28.5615391,77.2431499,384.5441249021324,1571.174172998451,1437.4456979078648,10848.259497732151
28.5636616,77.2890546,1552.6069677376515,3214.7362952568774,385.92972452698007,7776.403610981117
28.7413557,77.1323967,1648.0903628118908,2116.921157824807,1542.4451871686808,9903.539909103187
28.5668681,77.2458971,160.2652463439594,2220.9802216871494,1148.057793714135,10263.462751064333
28.5459137,77.245621,179.46030131391666,1024.206842310077,967.2467758377887,11883.855573162955
28.6923333,77.2148667,266.4211053264728,4826.64387648286,1012.6986939228765,2486.927875170986
28.5590323,76.9641034,2190.3657013668,7938.789455147156,1347.8567127767012,17538.456819516912
28.7055605,77.1904352,214.882596017236,4063.629944230086,210.50810783641484,3565.144853335862
28.6947146,77.1542607,64.63525943626358,2768.7289160275313,2365.2672721773024,4951.403683720277
28.5273409,77.2794327,900.1714904148192,2827.1132354058313,1836.7594422302986,11818.40572286703
28.5492574,77.2529526,228.06035139121315,1681.451118421849,286.7953469403557,11129.798378217884
28.5950015,77.2161372,1857.6493736893558,4922.487631797113,578.6825802721268,8521.963197480893
28.5402415,77.2490221,533.3306280108687,1622.0390860790978,1343.0094059365479,12143.937524554938
28.5503805,77.1855231,184.49262285778426,1805.8004759254504,1290.456427490139,8909.453559303189
28.6769454,77.1116376,232.534954310909,3192.7581344107775,1646.2406383324642,7142.308076897601
28.6223066,77.2394313,812.6273454378976,6552.734941568181,455.8896070702959,6990.893061855956
28.6016026,77.1856802,2032.6842410397035,5026.027910456513,621.3169520128978,5460.763522607266
28.6158554,77.0660965,1003.7535702498311,6774.6735138447,1908.2388847832751,6427.423846260506
28.6980415,77.1405393,1129.271343943065,3918.332256349156,2157.3779070210144,6317.992544879571
28.6541826,77.3079346,1391.8229957567673,4160.175194329034,787.3481523992801,3797.271921495468
28.7150779,77.1389885,177.49810689330428,2984.0020651051304,841.683410803942,7428.429219251798
28.5685664,77.2205677,147.09184520206176,2452.958210967414,872.3368872785437,10089.898646827629
28.544537,77.1279229,164.49995385099785,3753.1609777392737,285.2383059550793,7870.855450420738
28.5855907,77.2469638,157.24170591394181,4214.037565658581,734.730379810953,9010.597496427054
28.6593089,77.0744632,1577.9408851447865,4887.2495914192505,1255.4688000665715,7448.662704034604
28.5115274,77.0420264,2567.6054515713754,1501.4056815591268,600.6823722285558,14494.224182703621
28.5654288,77.2870651,1377.6650771856748,3078.6688279819164,476.7120952915768,7703.548233595245
28.5863292,77.0348886,2576.5933128022143,4392.99221985598,1209.6567918516173,10004.960587305208
28.5922362,77.0407315,3041.7744772658552,4728.459647027551,1651.4496670361525,9263.928310001605
28.628772,77.2939554,946.2132903286187,4125.71288483516,936.8724589642026,3327.6106682569334
28.4573589,77.1825027,5112.38488686016,8200.822649547552,1222.558150844459,18236.507642388588
28.7165805,77.1704223,933.0495409153342,2925.9311088542236,1479.3263664084625,5471.158378562186
28.6399027,77.1167449,1139.2231579665483,1316.111367113408,1930.6230617856863,3118.29152066546
28.7095816,77.1345873,109.75672302309397,3727.5609050813364,1265.2234609804934,7435.8717530995955
28.467567,77.1695162,3651.628897408255,6868.434908978926,1307.9359673066715,16825.034643566716
28.7259717,77.162658,1178.481784809104,1638.2133713003875,1944.1231953770566,6757.455923844877
28.7292215,77.2073254,546.0204407422344,5313.917060748193,501.5947451956522,6132.9505897042745
28.5104442,77.1703286,46.82488821750177,5671.986992067273,437.16354956523645,12240.357433516734
28.5025432,77.2993825,39.33365839171979,25.562990426197466,1363.3978585311804,13872.672319811496
28.6793047,77.19448,2158.5519070884948,2439.094866480673,711.2602070168697,724.0590925763948
28.700372,77.2727728,315.1290442793613,2280.8262966910556,284.0363232489299,7706.131090707684
28.636056,77.3043835,127.18083295665683,4980.976029131398,432.4161020984749,2601.5681334777405
28.5616755,77.2414831,382.05500199225554,1517.2340183227184,1500.7846693618242,10962.947121082707
28.5691345,77.2416245,466.2609369304163,2311.7249074294887,743.1305789128157,10440.07116837647
28.732808,77.0538033,818.5324526622026,9777.158843449432,615.2420213356745,15133.679686110145
28.712504,77.2626857,557.1195828791004,3891.37734188992,1363.6365106654464,7474.119573938665
28.6764176,77.2089386,1071.87548868786,3769.2308153285967,698.039076889444,946.6143449605709
28.5006921,77.192383,1483.4725248625805,5821.196192350082,304.0582245200645,14038.013198497201
28.4985012,77.1979389,2023.6171408265582,5983.322903900461,103.177385574806,14492.504489503019
28.6873187,77.0960253,8.964810982824345,4921.86906949839,1278.416418009421,8748.11641154628
28.7548507,77.0560234,318.7180570677774,9710.1258716719,391.0308117600289,16600.220441692014
28.7049901,77.2925731,122.47021938408508,1783.303959753295,758.3910821209054,9555.256627138946
28.596153,77.0960431,1339.3831331048855,4157.075483582387,635.0142292054194,4096.443603635493
28.6069838,77.3388992,2470.7737811260426,2300.7801240398744,1231.2224859942455,2259.61522978079
28.73514,77.0325105,1180.3013070570073,11838.381568557494,402.88087181484667,16488.12182509588
28.6414989,77.2140607,1633.6276188325373,5519.602030347088,1725.6259190327908,3935.1732012932553
28.5001194,77.308183,616.6654567664757,920.0155289987252,1280.6560327946265,13993.862641971937
28.6824341,77.0305741,113.42121537358332,9746.295741614153,242.23367559979062,12396.583916540152
28.5294314,77.252225,1763.7431008224778,2706.7289408193606,1978.4345270732024,12915.769138908408
28.5243233,77.2030699,466.4292491508743,3084.6016939212336,1205.2030574400442,12265.322762467838
28.7197543,77.0592344,1895.8033750929878,9460.668817175496,932.3121691923432,13615.844400686638
28.6917865,77.1971156,1036.7149461031408,3323.3437624408994,683.6668295009513,1936.3670497382752
28.5789548,77.2276886,75.80926337582034,3422.6738148118598,836.0135681000592,10181.312499071899
28.6891341,77.3100198,1009.4121944578445,1738.3252108284648,1312.0375752446369,7360.7439164608995
28.6471138,77.0285632,466.68249598681643,9265.957842540956,365.7187045356027,10693.931016025701
28.6128277,77.0318333,2656.776753217316,7177.287917115003,648.2302683971841,9775.3802833171
28.5036518,77.0956354,267.5886924285792,142.63974420765635,410.3962965341093,12903.965802906509
28.6454552,77.2939962,274.4170166323667,4840.219202455587,884.2316681742385,4016.0701976844634
28.6874305,77.2797551,1205.1516534770565,1225.7409402112082,430.0396681400893,7961.416315657563
28.645649,77.1725666,2094.6371428537736,2925.4003009913044,608.2569791006293,4145.868561953137
28.6453071,77.3002976,198.66486950459594,4917.392319666572,557.4597209431511,3518.5763925977135
28.6461167,77.3040272,558.9848517117448,4901.258800593859,535.4153431735496,3313.8436060055906
28.6522939,77.3055303,1080.925758206777,4279.035890234972,477.7327976730292,3748.742250880382
28.6605415,77.3126204,1720.8982798405907,3735.1436598358478,1595.4935138535136,4240.487957374561
28.5810163,77.2594423,315.5015234207723,3840.8547063751353,350.8901162005855,8255.679572781408
28.7612894,77.0692068,529.913846740785,8632.824394662517,782.2161612391096,15954.402878266732
28.6428721,77.0961506,1209.9571116811862,2785.293416799885,1771.760311021721,4652.4917962145855
28.5949795,77.0990394,1425.480520974227,3841.0748446685743,949.8830002236538,3922.658703290504
28.7518125,77.1751866,1743.809547970936,2549.832953726877,559.9782934491163,8917.711549886659
28.617251,77.2805705,0.508142576114168,3249.1916365343377,398.07522688271786,4680.384584145917
28.5691561,77.2439134,458.17644398928877,2379.4415788632973,829.7848171596603,10259.506557154546
28.6232401,77.2989383,210.10594391264425,3507.0826715619596,860.4532138690797,2817.046003054316
28.8464766,77.0856631,3931.951670880977,6463.161691263652,934.983856933139,22108.865740963593
28.6444737,77.1684662,2373.1247284396754,2649.1971878463987,606.7427758813088,4506.1673789779115
28.5420794,77.2149158,147.97705791396473,1544.3908296246461,1345.6101603731113,11481.183242006156
28.5572924,77.2191223,1217.5709689687915,1595.6055938909747,403.1875999310146,10675.826678577898
28.6664535,77.2169781,111.82669958790729,4596.893481105339,659.4324735654392,1926.7595262172615
28.6477984,77.0412553,981.0473218210171,8025.510816475969,1207.6300077260146,9562.628962352761
28.6185752,77.3013137,326.26367097920735,3014.2740927893406,370.962212491084,2670.9410950302067
28.6232992,77.3266629,709.927041219259,4331.598107012056,993.0802125605544,196.6793723034096
28.5616265,77.0669252,1231.42304613143,1301.9545229383955,637.6924307484733,8707.80396388151
28.6425517,77.1020573,1716.7192817330222,2253.3551520704,2148.3857611861013,4211.058650364815
28.5512592,77.1709353,505.7305241288075,3222.21408186988,209.22926316426577,8068.592579587079
28.5759348,77.2251127,404.89824806395524,3170.04209490484,1136.5069780469305,10091.829766635428
28.6407652,77.0676646,1396.7076446870794,5543.821376759085,725.9175030596381,6885.74675068362
28.597408,77.0566944,1410.7161184520166,4980.913604584434,1417.4866568087198,7608.186946394771
28.5925436,77.0646719,737.3726463185568,4479.595094405773,943.768775329424,7034.832067558904
28.7106328,77.1028595,1799.8545462257466,5861.842254850068,620.9762431556233,10245.795941712353
28.5942141,77.121144,1320.6915867811827,1785.6575943141172,2013.36297589771,2563.8298800759876
28.6378229,77.0804159,248.55707184155622,4418.719107312965,972.3275783977206,5621.195988511537
28.4989691,77.291991,238.86512386437022,798.8823014024377,589.0793797080395,14419.921640797955
28.8318742,77.1095988,1903.3966417213173,7538.734365188142,854.3034521674424,19570.824899643558
28.6993143,77.1938864,347.66604647947014,3683.657008071497,574.5706495954244,2813.1006903965285
28.5369587,77.0512889,1193.491522063301,1876.1021142270056,656.8636542759654,11737.86399007455
28.6614996,77.1339838,284.6719730190492,1241.833101052923,235.4498328775872,5148.436343395464
28.6723046,77.1084277,595.2489843082329,2864.8908137887265,1239.722133039057,6748.050913199484
28.74103,77.1337622,1701.643304686153,1979.954321341119,1479.2138307558116,9788.671933951244
28.6459363,77.2385409,1465.795064577645,7091.54631359624,722.8478894477573,4960.5350008513615
28.6121846,77.3369789,2219.7786619428643,2897.0838597950483,624.2778145471304,1666.4671474954673
28.79966,77.0328847,246.41751767471936,13555.000486398703,394.4477337950219,21390.388815811213
28.6637213,77.142878,781.2477996454527,718.1917063327369,305.21842589106416,5496.283454067795
28.6294888,77.2810607,306.30416438117135,4469.330632344227,1474.4438372781742,4586.417683478323
28.6058619,77.2987023,974.3664579310628,1579.2840572463547,449.47892517841876,3530.946959316728
28.6562324,77.3152398,2096.448972624854,4276.9533303811595,1520.855667053767,3703.0494099519774
28.5035712,77.1884511,1004.372373572858,5598.654639285238,411.39840390310155,13587.718468947747
28.6252148,77.2960034,505.98349817285265,3721.4907328009676,1003.3870046250845,3098.554158426724
28.7246509,77.289906,624.8345261312655,3975.4150903516625,970.5716799324024,10434.476735827739
28.6231348,77.2966849,265.52594032103116,3489.358946470651,896.4753635659804,3037.295280390653
28.5447896,77.051083,623.5956224474619,1126.9152099328192,416.8934310128154,11121.619964597354
28.5927817,77.0795025,88.55408351640943,4917.20071716615,991.6645739094814,5695.341816819929
28.5716096,77.2131433,284.0035387582336,2353.9434247262716,412.3965514620995,9294.469427810864
28.6380731,77.0315269,1411.1175287603,9071.18933212014,237.40444781312908,10124.163656478064
28.657434,77.142548,1233.0994152486533,342.9303276661534,1003.4973142283726,4805.3633307015
28.6469915,77.0975914,1129.4431548502328,2548.439824479023,1490.3643354052908,4869.079208526583
28.6712484,77.314651,546.3773948892735,2945.0972811834567,1467.7655570695142,5321.546869720038
28.475186,77.168244,2851.966990895203,6811.325878681134,1173.5374632461592,15971.234265788691
28.7070448,77.1803722,136.1698171327854,3834.701308918416,533.6046974136761,4071.144978260323
28.619445,77.2936795,0.27805767174547025,3094.366591330326,734.9300643796037,3377.8233442343453
28.6824007,77.0647319,83.74826517368301,6757.939295043727,751.0107529388523,9939.344638154147
28.6652543,77.2043261,354.3167973747722,3416.5684589641996,1010.8061933503557,1131.0391777114487
28.6432658,77.1322572,450.6591414293469,1152.033186030523,1632.5638833040712,3117.215564835657
28.6163607,77.0240517,2127.7883530730187,7838.539285361678,1360.5638333416853,10531.883080318617
28.6003415,77.0904236,841.0626291501055,4817.352412104986,351.82995659648697,4377.957502894793
28.7194201,77.1096302,1636.7528183178504,4808.424601538437,523.7567438762459,10087.816932603027
28.6602309,77.1704149,670.1129028842303,1436.464651819512,693.3705686224599,3249.7391029831633
28.6056473,77.3066482,1668.9740969669197,1818.0226912787439,719.206579433287,2961.8190239100722
28.6437265,77.11282,1360.8397457875633,1261.0892498095454,1963.3228679523602,3676.9520153445046
28.5926365,77.2393452,394.1787184976975,4865.210501229531,630.0431429926298,9340.956537607144
28.6129332,77.2294928,2042.3953915707436,6982.89464554212,92.94988397399287,7445.588553536003
28.5981655,77.0776819,415.8688675723214,5401.833106224123,645.5857256637358,5626.367399362619
28.6765636,77.2917477,99.37247443488837,1378.656294750678,1353.8800206331246,6743.938582336034
28.7756976,77.1766202,3234.2966136167906,4690.569226977159,1132.661581449107,11471.76215550258
28.5785161,77.2195112,162.81994960745823,3313.3917395947824,947.0724668911344,9474.521342324153
28.5831348,77.216628,703.7111282428958,3672.336143245546,838.9354951518299,9005.534246882398
28.7141868,77.136731,140.5356471157778,3180.892833159595,978.8761343884162,7546.165460868393
28.6806862,77.2225999,93.63372604409335,5152.939551837847,518.1948420883934,2357.6041774645223
28.6243852,77.1364438,296.2888297968404,3134.8498732378093,436.7014549991739,1108.5752032344321
28.6220547,77.1386441,336.3135241253547,3459.9089339128564,214.82871196554348,1001.842480927147
28.6066659,77.1043769,121.96719258693057,3910.257320377816,1777.8248887348934,2854.1936696746516
28.7007705,77.3104821,274.3898268578777,2214.8880265503476,879.3573532454675,8614.833293254114
28.7756713,77.0984424,2446.4799742282053,6800.784210290253,653.2054741117174,14954.665168316738
28.5852986,77.2435654,344.4102544752131,4108.219871186807,929.4632106515754,9317.614559176469
28.5437276,77.048947,571.0177070619794,1353.155205092727,541.9494221683046,11353.059487331084
28.4680311,77.1823025,4005.9078920381003,8119.035606753331,125.22231040331008,17091.48089926663
28.6207586,77.0675714,455.1385646153696,6359.290039181655,1586.3146208883743,6312.90260260025
28.6981333,77.2063998,18.103062912704573,4471.382882896373,1546.7310898439705,2713.4077185060582
28.7165712,77.2064187,904.3816567012179,5676.0024001579195,1168.4332444596332,4727.069614314289
28.7172545,77.1818101,98.14896709008272,3608.1225700543364,932.1495797515441,5057.358950970903
28.6563217,77.1605162,1454.1428575480113,1424.559895350589,1194.4840904304142,4305.8567794430355
28.7019652,77.2908013,117.50535522910906,1452.9991738353224,746.0623652526633,9307.725520248954
28.6098608,77.2944391,788.2091993301772,2026.8151543112451,740.2176783398314,3650.4540895184027
28.6499077,77.2261794,1796.5335228997353,6017.5350251637465,715.6353770722343,3776.1394964762408
28.6248465,77.0652861,198.9126593747263,6336.824032718723,1134.0408882566237,6593.107249153536
28.6638543,77.1312039,0.0,1591.2889345089297,149.55710336773805,5406.873088354378
28.4397525,77.1434049,1099.0693025061364,5242.6116804742815,995.5068620481201,19544.712726433325
28.605046,77.1006018,463.4378046779173,4124.293459743973,1375.7596275714766,3262.053568589264
28.6914402,77.1681153,1307.1730567321092,1963.0491797616266,1576.957732735909,3593.627818628369
28.7311406,77.2747898,1365.5915392338736,4988.586020678738,695.5471202013284,9675.392530751284
28.6644729,77.1838135,273.8216932604443,1619.355896492271,931.4562584962034,1892.154494592418
28.5475409,77.2828271,589.2979079215414,4602.066173017852,193.23682664180615,9644.714417257192
28.6624722,77.1853223,115.69476865903455,1872.344745652681,910.4191938121132,1922.8182296826776
28.6432525,77.2971835,18.930809529315287,5105.180728917597,872.6079284088731,3620.914167624626
28.6559834,77.2321937,905.8155207420558,6316.280887495091,603.8265643503474,3797.595646304975
28.7096362,77.0812368,2591.1086890769425,7777.000441292119,949.3753250961123,11604.382972104097
28.7580543,77.1297995,1703.058310118188,3196.9158023597483,788.0004433374032,11511.187649096244
28.5458279,77.2966578,1521.2854813369518,3720.107679308349,260.9268332199328,9290.17138830278
28.7102332,77.1134816,1450.6135121762056,5040.626337788721,327.1902503203006,9282.489967099236
28.7096367,77.1885986,519.8948428095383,4384.542112341507,625.9555723216756,4049.1020338396447
28.5829515,77.2507873,77.38679337467082,4051.421058732295,693.854938719677,8836.793647695567
28.682989,77.2006879,1773.4682595160732,3143.2343559584097,538.234176650242,951.5348224124508
28.5748741,77.0273995,1338.1544914381816,3907.5467781716543,623.1931811263523,11149.428948722853
28.6355124,77.3214822,687.8726643481124,4672.377135539387,1441.0347361263434,1339.790377628937
28.576794,77.2062778,510.1506586488304,2760.6507035952636,363.3315586942579,8422.875259360622
28.6466355,77.0761638,1041.8888893058315,4631.476562892879,1260.1959031919057,6467.198088536264
28.5978388,77.2045315,2701.5786096448114,5091.406838474853,1022.9061727269145,7345.8002200010405
28.6085248,77.0286097,2139.6337864874,6860.70590706387,786.9847556678716,10114.14179205743
28.7116845,77.0416675,1223.3751705945035,10509.230604126698,306.8880736387087,13877.928061358276
17.4667166,78.340421,755.3923268391933,3061.4980679209725,596.559150768132,6853.48173416608
17.3768805,78.5117854,468.4884001402477,1206.221976691121,1898.953542060043,5242.74373287707
17.4057955,78.4006536,305.4141656574907,363.24039551582365,106.00180414912043,2443.611015310828
17.4217796,78.3379784,1806.939254711229,3030.4403619617606,423.3276726440227,3179.4513598939457
17.4587912,78.3730556,140.68226164915566,775.1208977538734,10.253755988136572,5512.412519529835
17.385,78.4867,57.441602395608896,3735.5006336304546,1716.4006046867196,2625.5737492214344
17.3999951,78.3861689,1697.7376952489033,1710.0672338423947,1534.4030144945145,2280.5730789137265
17.4308362,78.4102882,373.36572272807945,2708.2253299377567,943.1679511882998,5327.005829398584
17.5271759,78.4200077,1896.4416587573126,3226.106168002697,249.60222263304726,14289.527312092994
17.446195,78.463016,196.32674198162658,1290.301135401359,1177.249555841535,4877.016994848933
17.4930841,78.4054408,146.9891776291399,100.93625202851888,933.7998691442601,10199.034944071585
17.3501617,78.5510938,217.72297241733816,385.56284217780154,858.2828954543788,7263.075472056486
17.4177464,78.4399014,872.0663950297175,1932.70679961309,1048.927371304822,3650.542712593549
17.469582,78.3095514,1182.8792464259488,3078.820509935754,1261.9482681424652,8890.123781009688
17.4546432,78.5715499,1496.6654480105544,2699.9128047779586,1235.935500925732,12154.663960028312
17.4436222,78.3519638,173.0710950344795,382.22585139575364,457.8919500441819,4014.990858804105
17.4798689,78.5509653,2017.756864540103,343.51610655942477,1584.5407957866414,12076.598532740785
17.497127,78.3768831,39.66438613973535,938.613758730296,874.0795675909959,9790.5069973333
17.4846356,78.5610095,1627.1278485605558,666.7617347003326,1305.1740832865776,13209.549266878763
17.4872976,78.3322142,878.6284409314908,902.154184289055,429.19026341980674,9301.116800702004
17.469728,78.3852406,195.15431227904566,1657.2640921603836,412.61795912232367,6996.294987241191
17.4408924,78.3916304,137.87294432832866,2025.8054831206434,1063.142636606275,4453.5331684760595
17.3291354,78.5542145,579.7590452117668,1618.0001563544708,1344.2327371187525,5717.557409045344
17.3942627,78.4342514,217.86590344935613,99.44559635099569,1476.9906021209736,3872.6903693231025
17.4685307,78.4206695,675.4747506307058,334.5495372976454,849.5280467544011,8792.668589168043
17.3884988,78.4462402,937.4335439682262,824.7067255011877,735.0183930781324,3043.5893607824883
17.3679097,78.5401625,44.09495875815047,335.4414373365501,919.7985450211407,8345.381189159634
17.4321793,78.4914903,145.75220900474613,959.6375834003416,1150.5484521195815,3934.5942934488967
17.5360946,78.4186386,1678.920896272269,3897.725059167775,531.8376952946505,15145.760244760462
17.4834409,78.3611316,115.07131995125327,1548.802374685024,410.41762570165287,8200.978056846207
17.4522594,78.4446705,849.845983613667,2054.5483309775213,465.5633770754364,6136.006337698482
17.4772245,78.4849389,1251.6055574589932,2633.8093389175956,811.0068271146044,8399.083527882842
17.3672244,78.4307278,215.57067719001444,3105.13911550633,194.30129298161322,3801.741472822372
17.3894783,78.477182,84.49711612310247,3108.820430218188,1147.7371121666117,1651.134446951458
17.4981608,78.3567628,305.19293325733946,693.907287934366,430.49585600047357,9866.998442653967
17.45121,78.5020964,544.460027580082,1443.6759649302314,2606.900492351315,6322.299061171603
17.372604,78.4054428,0.0,3238.1754086937217,111.55155331177589,1404.2363616514883
17.3611655,78.5387443,446.9204861631873,560.9760697066857,1481.6151581932033,7762.114459658589
17.3688679,78.5256198,388.7212323683998,252.52941316785086,1648.9467041205132,6959.03375031889
17.5022292,78.5088584,613.2679109792736,3418.3319324199742,514.526965815096,11762.685947886283
17.5051308,78.4895401,1166.1549759919146,1490.562563723466,1547.9952591444182,11539.479847422986
17.3861776,78.5114709,560.7046551766108,2012.5663030558023,1171.0040299725003,4719.431519973329
17.4966655,78.4606445,916.0695379097359,1737.9278294503338,1729.8237253997183,10475.558998581522
17.4201763,78.5081639,794.2303944308104,1850.8996307646944,1726.8623882278666,4421.732309643998
17.3775306,78.5601231,225.11571417334727,1470.7368287296542,419.34766135907097,9909.826062586144
17.257207,78.3451039,2751.602026652099,17549.961373108046,1196.4191813578257,13302.67012125181
17.4355036,78.5195573,11.990234845847215,2656.752181800909,1240.808265431346,6331.111412354376
17.3630295,78.5768953,2063.9861833365717,2829.6574431834524,945.487078028775,10080.284322729
17.3787081,78.4988983,361.10827536331294,2515.5686660998304,1390.7803606238383,4033.590035175132
17.3988408,78.5366218,613.1756713692021,1951.500389999715,498.2222199203518,7019.21391524583
17.3304768,78.5768552,647.7805156660597,1664.427770663022,1888.6049901186966,7777.677943129103
17.4386754,78.4390961,380.58049161454807,964.6360736604701,418.4388501530845,5193.213755533231
17.443612,78.4764053,75.56346251910495,1440.7232486396604,690.0878046622621,4564.441845484643
17.4249113,78.6202968,931.0489732399292,1828.9347702238563,710.0392340582571,16068.577105513517
17.5030543,78.5407976,2426.044344717045,2518.5491652650444,1354.1204063315613,13392.764340266058
17.4186232,78.3718374,1023.2714110848195,1369.2763874678094,796.032801593468,1209.6770616898991
17.4387499,78.4279866,1424.8344738769906,2055.114480377208,287.86876637884814,6025.430031087048
17.321914,78.5597937,410.9163495761424,2052.7262929021636,679.1906437805378,5733.340881939079
17.4042541,78.3305213,273.9736702895491,5086.221160910198,384.53174394430647,3485.033868972908
17.4029622,78.450754,190.7631277714656,512.0556707909036,170.53650256024216,2106.6629710314996
17.3956054,78.396923,1389.6826208054213,1492.3664787922992,561.2475504219132,1333.7219977968512
17.529823,78.5155062,823.829943952605,5310.418794414932,1412.45112748062,14891.06592595986
17.458705,78.3638803,199.55102740736456,977.4313660969455,302.71855219971746,5440.9566606740555
17.4069072,78.4544528,323.26960652276387,1072.002611475175,719.5945514126339,1770.1077287397225
17.3564017,78.5318948,1276.4676417532605,1319.4297783928282,585.7191285988318,7029.876315913507
17.4375012,78.4482505,420.84157590199607,435.8175879727958,1243.3109121163018,4516.404241403776
17.4487999,78.4356074,180.90895994218565,2032.27409224454,594.6543349076809,6308.375558524418
17.4380969,78.5361971,580.7648938897588,2012.708931435534,1330.8948176341607,7981.663062099703
17.4286964,78.4519072,78.87856516740571,800.3596750052624,737.2045987668537,3484.3941328637325
17.3981159,78.4885006,261.87151358046225,2918.0922918914634,1605.3239499741896,1972.7119340949941
17.4590687,78.4078664,2388.4764242402302,1840.4426369926355,484.24086641766064,7108.448765072946
17.5286092,78.2674254,94.08195615185345,6929.708832385651,695.0278305420802,16795.09187856078
17.4233422,78.380577,58.54713759281884,1125.5905436385476,804.6409577950684,2222.277321494261
17.4418133,78.2782231,1952.2389887536028,7490.289870690995,2464.873668826948,9889.143596826372
17.5591556,78.4368697,883.2159589947073,2775.5202004535136,1210.0847515779315,17735.416063444416
17.4038757,78.4642706,9.375522237324397,1680.2843150912236,937.7544365259491,680.5282243236832
17.4089646,78.4508183,102.80343415944657,1169.6605169588292,366.78696363865635,2204.1670393937757
17.3401943,78.5099445,336.49646425568767,1389.5617694853604,491.70206503982934,4691.227339107256
17.5070218,78.3960917,926.1172402815462,1248.9474085775528,560.8068032461466,11297.934424823594
17.3564216,78.411298,867.3118410181849,4894.513989813393,11.974702763511123,3300.0383994421427
17.465169,78.4729384,13.333645819458004,3154.487207444999,903.005409370338,6924.262306504193
17.4039678,78.483456,102.3764041516117,3355.95542206501,1058.605835696191,1367.9873505713151
17.3498405,78.4218874,414.75099758940576,5176.553938409414,367.66748839865863,4227.605681181536
17.536648,78.3644736,273.62697324282345,3640.19908580009,536.8004646396624,14106.26703154342
17.5014133,78.3842003,300.2991891003549,972.9524688081963,242.12960707924663,10385.923041646914
17.4590351,78.6043469,2837.3715635680496,3734.605832846467,2245.7428880762996,15498.808500244995
17.4272135,78.3289302,2020.2553687435775,3340.755156269115,477.64585750475317,4306.757915345578
17.4503205,78.3009176,3484.214336217443,5406.610407323713,333.93523602404497,8172.884846892387
17.4095495,78.5130943,213.544021451494,558.8452219009264,1343.7977536257763,4567.439600419149
17.3857483,78.4505083,1418.6329196247168,1353.3960830044366,1042.4451561703981,2863.939793384247
17.4403506,78.4419837,117.11129562225878,874.6839882458639,561.6919060764071,5150.719083075273
17.3900402,78.4946205,669.1138898899972,2726.742621448651,750.4053885222339,2923.7520156734486
17.3975005,78.50557,83.3001065596582,1300.5294598549972,840.7386752873945,3758.5815714734704
17.3707037,78.4997216,56.60166043977625,2185.8894434800773,1813.6271495290111,4731.855976673038
17.4508069,78.422242,1373.5762678906392,2300.5088248482643,634.1202877458335,7393.413891072712
17.4154761,78.5426918,409.442869576959,1332.8693909417748,833.4107552493126,7774.18150836863
17.4255053,78.4585197,502.81428098498117,1224.1725978814575,1152.034139286522,2818.2253860874384
17.3303179,78.568278,853.6834518347408,1124.6837722155267,1738.5430153347477,6992.311649332189
17.4025091,78.5612562,96.71547459654427,691.3158186740121,1065.3339458675648,9618.301288720784
17.4012791,78.4804894,336.3612611662642,3306.5907272382733,1217.6918362038425,1064.5075719817528
17.3877537,78.5008559,103.39103474894469,2430.2129636705654,363.80382132269807,3626.512299532179
17.4284936,78.5528098,1389.0028202083754,474.0950028813365,703.8954129769245,9172.649792472068
17.4285479,78.5379433,394.27750659121733,1297.9371442429383,983.0795292578359,7690.730368590692
17.4469233,78.4504513,980.4501102958166,1342.2864470410238,215.45674029929683,5338.103804402884
17.3885044,78.5371677,1103.3115197206384,2278.888519331479,593.1147273792129,7242.587956135914
17.4256007,78.5085153,561.5445402357377,2161.4813639316226,1943.967038797948,4746.152248106166
17.4076626,78.4928021,32.59255110398559,2382.721845145388,1179.131730540139,2412.7283381268553
17.3412815,78.4812819,1258.9930833000324,3032.1528943852522,1975.695602502711,1955.5230379770655
17.3847309,78.4836642,58.04172560587226,3940.2486764243467,2007.1930142754902,2453.0822964806102
17.4469418,78.5107535,702.1809867037463,1835.4786143996944,2795.140506621179,6487.055690463056
17.3851613,78.5170714,31.38557242676658,1679.6547945608181,1760.1783374348631,5311.654346140224
17.4227022,78.4917695,200.20739717619966,1968.6098255736695,1347.8119894067502,3141.799570248844
17.3736706,78.4996484,68.3997844800385,2292.590632652679,1931.8699986951542,4481.776135532499
17.3606758,78.5601419,313.04868407573554,1589.9986699127373,810.733520185427,8769.541196102371
17.376013,78.4331894,398.04306544064065,2105.0409485368577,933.9035572547953,3687.5460849543465
17.4892154,78.5424889,3215.542526287687,1191.6978162405844,1277.0254580411506,12254.813367233612
17.4732138,78.5115017,187.40984874356857,2662.565817571882,517.8797719388378,8937.792049527092
17.3776865,78.5187513,300.55262768834217,830.9342695265585,1747.0321962655448,5829.299825922249
17.4331364,78.3668158,234.45180285891482,270.78080759900035,279.8409038692079,2601.8709605030776
17.3920529,78.4513242,833.695461833891,746.4187676385671,457.95385468411405,2377.356301620259
17.4187817,78.4305909,215.4637487770704,2393.906620206917,498.706828531511,4596.902980808657
17.4619212,78.3548628,827.6692745654525,1661.0368106221028,580.2904520476792,5899.31718024825
17.4710561,78.4932292,1418.1926690865773,3268.3155686136743,370.0954555691148,7945.51324963952
17.4511764,78.5368997,1405.0392207899902,3172.0484150797906,1928.4901718311833,8844.97210024998
17.44582,78.3924173,379.7475763003875,1747.8394765646094,1311.9967524750955,4939.577291666304
17.4330523,78.4246746,986.6535780912003,2335.750927538828,996.2079754031872,5912.995807261731
17.4358788,78.3617951,7.7220629631531335,661.0374395365665,443.58056042943065,2923.2306041034676
17.4793451,78.391366,191.16094700782637,601.5222809533664,92.60696568314157,8217.863658503173
17.5354868,78.5096979,1516.7082398033108,5305.481181059675,907.994197721132,15310.88115030169
17.353058,78.4950133,1177.8562996249707,1310.866111693047,1310.0130127104167,3913.7434113712843
17.4825451,78.5726444,631.7140456387432,1144.6699983193594,1037.7557588427799,13982.845106500628
17.3467185,78.5081947,149.2067892090788,642.8109731487783,1033.2676461740382,4742.95644957502
17.5024582,78.4839794,755.1736801515164,831.1792940509779,1021.0334204193028,11156.741135298296
17.4387962,78.5327444,852.428522880779,2337.1154855184823,1221.7667321648698,7704.346427911839
17.46171,78.5571396,136.17267680820987,1877.540722786378,456.67724585449497,11268.531119164081
17.3946906,78.4221116,282.79907318556906,992.2727299302037,949.6590158462299,2692.274514950462
17.5036299,78.3864025,140.92647131983787,749.1090848545584,421.59383119387076,10674.610721301633
17.3916207,78.5600446,115.239838404037,38.24806809115728,1504.4878110900954,9572.973146663138
17.3281147,78.6045399,123.8194821606511,4435.40688247437,1003.9985224726719,10336.714571137763
17.3462321,78.4799077,925.0096100239671,2993.106823107962,1440.2952029919877,2251.520992957273
17.4452312,78.4449117,483.2347843785126,1275.8008627798079,649.1125520180871,5435.932157470926
17.4028042,78.4594873,22.049975649029243,1165.4422150703472,930.2021615173529,1180.1079258100015
17.4098051,78.4050926,379.47421985013347,617.3033642781436,16.088094171460543,2947.978345545824
17.4159349,78.4361907,888.6000020129757,2284.6211548631436,1026.7956004720513,3927.3683027632596
17.3979102,78.4049204,737.5473876247775,1086.4088876004569,669.489524266696,1668.5556992721001
17.3316182,78.4033571,660.1685816124415,7734.728038618337,1851.0242756299665,5287.9725901271895
17.4881832,78.316112,251.42657219893613,956.1298549027356,543.1119009955058,10152.975313915225
17.3512358,78.4911005,1401.1005798155347,1729.5822229154903,1764.790143039332,3468.528372454991
17.3392935,78.4737879,577.0363477905304,3850.359296595108,1917.0658711763256,1244.9507466241403
17.4444022,78.467713,40.30138793706575,1482.693334916625,1446.1664238946898,4620.908688770675
17.3623778,78.4310366,321.70676330371816,3638.172154673658,475.72574918347146,4117.698865202136
17.4114477,78.6070518,104.00565246677088,1514.7725387267162,495.0536964331509,14507.871806231748
17.4063505,78.5933319,219.76152540315627,87.99622019592196,658.2508884398981,13026.971755244136
17.3923995,78.4701477,14.062956715691632,2298.3837025947796,523.0011044589554,1172.769586792955
17.4411062,78.3920739,139.40635448535048,2042.1706359408013,1029.6226507153115,4501.689221977782
17.3326604,78.4751984,487.8071934264537,4059.854099635419,2503.807851567699,912.0219885398897
17.413049,78.4599395,32.77711186992823,1960.6648860969142,330.575660048531,1595.5053817634994
17.4153286,78.4537168,418.70866009218815,1922.2030752096796,798.6071084202089,2260.6565070809306
17.4555018,78.3639955,15.70442925326549,621.0425450446468,219.57374918269576,5084.582551555538
17.3673732,78.4965799,443.650779623165,2015.4895346463925,1683.8502502962492,4820.142770608627
17.4331269,78.4212974,898.8051327227689,2693.514827680259,994.0085476352834,5950.460373425923
17.4768224,78.4219645,78.57578595786995,125.83046055665406,607.3254804434137,9583.32412767891
17.4644816,78.4844578,839.1941113112749,2582.0190162258673,721.5740571869586,6999.354028391345
17.4228249,78.5110752,920.258192861936,2038.7382592093402,1552.6441348329208,4829.523943201811
17.4846086,78.497226,1512.8449877147552,2737.013829071672,379.54391426324503,9510.271401755796
17.3307561,78.5408455,809.1133425659934,2122.52315286049,1346.0111429781634,4872.107401606252
17.3200305,78.4020096,385.5922767123289,8990.42315201319,800.6387518705892,5431.559533087253
17.519687,78.4468876,237.88392212424543,654.2625066725344,1919.9098518041671,13223.555363751311
17.3410061,78.5329747,354.69347627463833,1821.9765313091962,1199.2338620448097,5451.540801056701
17.41526,78.5014979,255.61577791462946,1844.7500835684712,1918.0197034277198,3552.311197163087
17.3294747,78.5799204,709.5625820237253,1991.7324998086885,1881.4201782665216,8008.924840470363
17.436552,78.3401454,1634.2332700250572,1796.5288166977396,455.01307124991166,3989.021130250988
17.419494,78.3798412,418.80123519338053,1432.372510283993,966.9878902759217,1892.8924512236124
17.4280616,78.4545981,83.22402720760502,945.6599946334724,886.8228489746755,3269.586733498644
17.3627254,78.5293456,666.6481583537643,888.8298751342559,1008.3900232416014,7542.000083114959
17.4929361,78.3525923,196.54426318623382,1224.9899150401343,493.3417882092146,9341.50115880031
17.4405369,78.5788551,3002.021933195682,3518.445815017208,762.1430077004873,12221.67844961762
17.3899006,78.4632361,740.3363952217712,1748.2832444283633,1066.6365697921237,1647.2217395801915
17.5248934,78.5355319,1378.5418371091384,4876.815532693129,1006.6810571001811,15209.220825056585
17.4078455,78.4850003,313.5844273272892,3207.368546111563,646.8746432347268,1621.6211249587514
17.5063342,78.3270564,1263.0319579273073,1378.8317481746294,305.4799662339668,11471.843326233939
17.3809197,78.5445541,1436.6531507425686,1669.109249111312,691.4377775093254,8219.548313055173
17.4425339,78.3953526,352.918427202369,2208.596692905217,832.7968364373615,4847.85195980027
17.4602725,78.4524033,385.882777290176,2695.8465231393457,1357.8454566804658,6661.505898002629
17.3176682,78.6117136,642.3496181590798,5574.952978989538,1195.777318890259,10731.993132651529
17.4034981,78.4092359,45.43489877202027,692.8970554150151,651.2641413956114,2420.051485449605
17.3239429,78.5600237,294.94306031162165,1828.3944111989158,879.1646285782184,5871.726660572368
17.4917993,78.4155435,751.6083803786411,974.316133593712,508.0331588105464,10568.621693313058
17.3541765,78.5652906,934.1422840593389,1480.1081985688395,580.6126918760365,8528.073174403205
17.4286363,78.4969962,534.3595221873301,1296.5107221627395,1843.1414880262346,4000.5021719058495
17.4473707,78.4485105,932.5573008446137,1493.5482104128255,387.7422033221112,5468.7761139790355
17.686771,77.5880974,70744.90635690717,80692.84717184072,73820.2856700002,87480.23778295779
17.4506092,78.5825306,2619.906905818581,3633.2335569852685,443.7014703025227,13003.451643238415
17.3835866,78.4774067,81.17152983655474,3399.003745859389,1701.1440227073274,2269.399301907063
17.35768,78.4200013,347.4393334395844,4398.217393246505,504.86405364708673,3638.2680404728094
17.3328487,78.4273382,69.60415603722085,6944.177556178312,1117.6370574205448,2812.674100177962
17.3984668,78.5883272,656.6169593023094,1108.7050241264837,628.3077834275034,12500.580323974473
17.3397918,78.4578365,1077.764761132387,5440.016481553258,1873.6762185031052,1448.8697332421157
17.4639543,78.4837317,790.2906138393281,2543.4648431200276,724.5198195213687,6926.144923831871
17.4879512,78.3953922,390.2184235494187,359.49104326795845,1139.3903836155187,9263.163395407586
17.4171036,78.4504213,145.57055809226028,1907.5017736825914,735.2049189337865,2658.7530131483277
17.4877382,78.399687,693.9743387762597,596.5482938886346,1375.732860409898,9408.637898424893
17.5398048,78.4356145,183.44646564173954,3133.3977142551876,850.8252293231546,15665.037401406338
17.4910113,78.613677,542.1450251302911,985.1551878039079,2182.187410319415,18062.115432742223
17.4828598,78.5339636,2389.599087122677,243.13341202029696,775.3838884832821,11142.161723739953
17.3959788,78.4474053,237.92552237733852,357.42845586594694,148.65254030321543,2580.7442115005874
17.5442507,78.4009688,162.81920414552766,4155.919244536209,312.25707532625535,15425.66923152631
17.4796142,78.394392,509.7368043184605,775.2901553974835,387.01500539213873,8359.61696314961
17.4708109,78.3749145,956.1990493660379,1908.6761435862259,322.0243166341142,6863.390516018666
17.3986736,78.4157928,94.27488237823505,207.7194026513408,631.3252631524301,2394.4324931166025
17.4850435,78.3790177,1127.5671457810104,1015.1362096913782,634.2617321081191,8495.615923985242
17.5643539,78.5517143,17.77236692472406,9203.759268737887,891.0582704303786,19903.493769121673
17.497822,78.3399655,298.00180852049033,426.47868830410187,606.8599134263089,10147.734359469687
17.4257451,78.5545582,1583.620459676829,513.9871927481425,527.9693580748876,9260.949031395134
17.3286867,78.5632273,742.312105041734,1243.991085343245,1506.5080279561992,6446.376216773754
17.4397094,78.4593791,254.95721972907018,477.48618455244406,1208.5666806600736,4258.9013709657875
17.4342641,78.4464948,128.32045938334264,46.617748872704915,923.2916731358728,4321.940812841234
17.4357772,78.4613029,517.9318755695533,506.4313254581047,1679.70932419182,3782.740920512067
17.4182415,78.5113365,1123.7023243955343,1536.4847759589654,1349.4907869506992,4644.2719004333
17.5043618,78.4149849,1702.376590668263,1639.3487630212728,881.7143886700206,11768.2751624833
17.4835578,78.3213131,471.17026148910526,1218.5938607843193,154.9392834696378,9430.895146269717
17.3055067,78.5042041,2929.9918831828263,5229.689074445627,1038.9388329834928,1451.5134647433129
17.4191477,78.3888943,120.47463080964268,1597.6994035624164,1329.0973149419815,2722.4125201530346
17.4644896,78.6489825,2260.358047659939,5083.40086881021,2694.0758681818897,20122.901628564738
17.4115794,78.4094296,809.8363398337282,1110.849387749707,514.7249627618789,3260.917727227791
17.5116535,78.3676991,874.9507239349148,1672.872406320611,805.1597250289369,11329.947033203149
17.4025665,78.4148085,242.48613480083225,251.0983847989429,662.085215819435,2644.9275596079124
17.342946,78.5785756,754.1869339326287,1525.507604491156,1739.4753755903384,8696.182182974457
17.5091218,78.3004614,513.8231219925852,2813.13012182585,679.0818765607701,13004.982897763526
17.3068831,78.4502374,1016.4734064126282,7900.198662390227,218.02926543082796,2129.660737926391
17.4560057,78.6660623,321.69182324092844,5021.6060666413805,3294.1039510570813,21558.906430498166
17.470446,78.5360054,2576.214331220762,1180.4463224517378,676.6528222758424,10221.568162251973
17.4033145,78.4086572,23.723999796392782,736.8269371369263,705.0079787166092,2375.6635508884006
17.3570672,78.4545419,63.66225524508956,4375.692188130944,699.958737526083,3272.8853497142877
17.3650805,78.3957009,487.74961786226544,4412.682104666791,346.28861710514553,2124.2501856767544
17.3383467,78.5222127,221.92689842929667,2223.9760622481335,950.2700918990598,4832.656801775594
17.46162,78.5331229,2381.484080687732,2170.489924703443,1590.390327886064,9303.881296873033
17.4906044,78.4158051,700.0499924065879,1015.5654301365902,390.5796186111043,10468.409722666142
17.359533,78.5147979,1033.371561570678,1116.6244922691897,920.8015318316683,6032.582565481101
17.457471,78.4964302,536.2322277346848,1872.68052225088,1704.9452177496414,6653.934996398284
17.4077928,78.4925707,49.1656214436862,2408.965676790066,1150.6638242880297,2391.9965678676967
17.4974865,78.403275,431.7294893119883,329.1118994515076,523.6165019934207,10555.477835408361
17.0784896,78.2031982,15976.938017193452,42227.74107065717,15660.9244298959,36495.80991045167
17.465377,78.3640181,288.28437485113676,1718.8771669046862,127.65854863556477,6182.32874624055
17.4406414,78.4808181,317.56108387359535,968.2858816144978,285.6992565741289,4330.169602134404
17.5200154,78.3968876,1590.4893744642184,1699.930897418672,640.630610161736,12709.560658770575
17.4836502,78.312489,67.30968081477924,1588.114316822611,1071.137788272457,9934.736113711035
17.4413689,78.3627758,42.30639012890675,102.21482822171144,100.63178183683384,3520.7918969863026
17.2778869,78.2926325,5657.516353682131,18447.61166102046,3284.6501169383027,12396.05447839327
17.3926401,78.5083876,165.63225044877316,1535.6989271838142,741.6279499919885,4168.980636187654
17.3983274,78.5125609,523.0283236751484,776.8528386332218,1265.806024173246,4480.831202401278
17.4992875,78.5837185,2038.6491487196192,2329.4841424899846,542.7583829964037,16085.494435652643
17.500301,78.4096616,1029.5384975216239,974.1071199220335,301.94328257219667,11115.437955062127
17.4691766,78.4031923,1684.302896165109,1748.2461445601814,596.0152825518359,7737.269530846106
17.4612741,78.5634592,379.52396469806195,1813.1001167740892,719.818254208211,11794.378035049964
17.3639081,78.5287084,596.6933725829524,750.3353540722869,1123.6072274643175,7539.614286011823
17.5238346,78.4140552,2608.6907360798573,3404.5361266236305,802.086486089502,13699.846081033933
17.3946017,78.4517402,564.8581206753647,498.90047825454235,381.19886214846474,2206.211459069038
17.4947961,78.3282759,60.93651141050003,639.9039911731835,653.7609287274095,10231.04366423074
17.514435,78.447485,72.78959560702275,86.46489945933216,2182.937258835896,12638.273071087826
17.4962648,78.3805348,217.64665610239035,574.0290670540368,764.0640461073431,9752.56858513133
17.3540378,78.4850098,689.8847001720666,2377.4109606795682,1458.2785408297223,3271.3527573838155
17.37331,78.41387,190.9598721190372,3003.89290219456,803.4939334039568,1929.6947163148484
17.4169372,78.4265916,380.2967835429166,2229.791545567629,328.6056406919338,4673.827288333061
17.3246955,78.4813558,359.83925980269686,4138.886347888239,1877.2048410772718,1638.3066579804304
17.4040194,78.5043767,17.047362070101794,1138.7424898494746,1483.1678141218433,3584.983333185015
17.3995282,78.5417093,550.4766151370603,1407.5534021763867,265.14015931412524,7553.736839733621
17.4567717,78.3865084,296.9881921289084,923.3840576666686,507.04669146226064,5693.026953704276
17.4949119,78.4455096,639.3668210138887,2106.7305171890953,2703.886767921451,10567.988489537156
17.4253542,78.5183201,869.0911388500823,2301.4158372878937,1153.6646497101183,5642.554299987137
17.3342354,78.3895798,1460.5578759309926,7821.015463573667,1227.7261737610859,5615.055901861542
17.3607708,78.5024039,228.81259804730774,1064.357725392327,724.4148755558041,5069.370213074075
17.4917948,78.342306,362.62600419467975,908.5535175577445,676.2794404130864,9436.018861515344
17.3445706,78.5169717,344.9661779702307,1345.2197041358984,906.7124946658032,5444.7247469544345
17.4390853,78.4826973,480.7291794927015,819.1421404780522,325.7203043040976,4219.137365409301
17.4841858,78.3120693,0.7348331587781705,1573.64465229777,1113.456056698827,10009.016731852527
17.3138317,78.5779533,848.0570271040946,3217.188646518538,843.6094886049445,7156.019433119973
17.5280261,78.2670248,56.18456006587987,6930.442720552777,617.9913203707008,16770.489545048593
17.4971242,78.3616033,0.0,173.08570542657822,550.3999940696439,9718.642975979987
17.3265375,78.4911022,603.2254787204741,3357.170887220063,2641.1632080568893,2587.8143050099857
17.3686524,78.5273062,542.6730241192713,424.89065689402855,1555.229979101674,7122.613245940804
17.3158544,78.4828417,446.5161353586556,4828.88321355834,1300.0166290922407,2312.6170080826387
17.344452,78.5469569,125.32775475784945,592.9053331415944,370.80474207143885,6491.304941840689
17.3686784,78.5414614,205.02430609540667,483.9459342942168,773.9452358140937,8428.536890078643
17.4863625,78.4970799,1542.5523853175555,2610.10481185459,552.3249952369401,9692.169367106439
17.493049,78.40946,412.17385149328334,344.1576462619978,957.5686071426285,10381.285620574507
17.361886,78.4667506,198.66312444994668,4434.7205070995105,637.2581410968871,3528.952270113701
17.3467372,78.4141612,219.36780969784738,5754.47270600165,1107.4948939804224,4413.2641816797295
17.3398864,78.4944313,424.23275858287997,1956.7054376912279,2029.56672577448,3104.5837593374927
17.3819519,78.4489041,1706.7249073891137,1590.2995348373443,1436.4803368960477,3278.6042925871357
17.4963244,78.3816053,276.65666615829247,505.584500784927,734.5084225025118,9778.691396757122
17.5086345,78.3018685,360.51659452821264,2660.0512832452473,760.3372061253483,12880.551558675259
17.4646179,78.4616333,188.03439521587015,3188.1980729230436,2036.748404621176,6924.346471252013
17.5125871,78.339186,1931.474241477263,1731.8931288758436,860.1148191461956,11758.539413063325
17.5105245,78.4571841,990.6942738378212,1139.0260994134376,1961.7418798239116,12047.600751695436
17.4297326,78.5174265,669.1600405657301,2646.5925679861343,1201.1855330475998,5792.329980475891
17.3833665,78.4010991,1017.6026289655407,2382.597494710109,87.18452223206407,185.68593520428476
17.4670374,78.3415168,851.8844027774276,3033.239709635525,478.55536005895334,6842.941266006331
17.5457451,78.3970359,301.9257687753986,4170.236297817726,356.2565470855628,15490.491958799183
17.3978353,78.4139018,297.7787683003942,292.6949325367268,482.28761200050064,2185.8555547399083
17.367843,78.4871899,611.8051799676784,2740.286547522924,1925.6552814860154,4280.652063547791
17.486976,78.3569838,6.610628019002733,1318.2618796608156,313.0990324178612,8626.754116218119
17.4325722,78.4886026,205.7378614217265,1036.951834805946,851.018553440273,3808.3293243211674
17.3688126,78.5131912,173.9494641686449,850.2965406065427,1575.932989649616,5900.546608209919
17.4842051,78.2995091,1270.7254127814285,2668.8318452928247,337.4797035781749,10816.896245096375
17.5166401,78.3467914,1248.5294144047407,2435.6058370926276,425.44242686217274,12040.383732644106
17.4339579,78.5018052,412.84363083668904,997.5204318573444,2181.200215778782,4780.477879847541
17.4013579,78.5815697,46.948631887629666,1420.206490691129,391.4293989487303,11774.896197289208
17.5497096,78.5241331,813.6077021947916,7504.340996650019,1330.0907744725214,17279.496086643685
17.5039872,78.3353375,966.5885603256601,745.0301648384927,619.951819676143,10942.338637660983
17.4274197,78.3318771,2128.7792852997877,3067.812732809793,310.8006792983108,4041.056188482968
17.3585073,78.5177466,1132.5794777508368,1202.2224481951225,1107.8797393673035,6239.568213584411
17.4390256,78.4990037,405.07021727434926,443.4662260104453,1907.828174721336,5017.813930924934
17.3515414,78.5111106,145.1933124624737,411.7742054194555,656.5671083027936,5249.74182668212
17.4155027,78.4516998,211.3212749627676,1902.6508965266844,663.4295049685796,2444.828028168707
17.33298,78.406191,357.6923757360009,7490.130032832402,2178.1264366676114,5011.09740949437
17.4093399,78.3947067,375.9241743349247,497.73693858274106,644.9834496480952,2878.1171958532154
17.4332336,78.6571795,120.65039672070908,2564.1356358942135,1167.7880781751674,20079.088866639744
17.3886429,78.3822256,1141.7265423847427,2888.4006995704663,605.5999781815905,1901.250214555379
17.4939602,78.4008412,97.428354856552,26.599272507581126,802.2012806382089,10094.812709435339
17.440659,78.4807884,314.83397399324946,971.1400832768478,286.2602543490875,4331.277638407074
17.3806032,78.3456848,432.72393838620167,6315.392408664201,326.45752104435434,426.47665562980427
17.4158985,78.6018454,792.7014000673157,1316.6930418243742,788.0984633778185,13998.781133641305
17.3914696,78.5266278,760.737073832078,1931.6043616267555,784.7754451461628,6079.349230764752
17.3879203,78.4371165,752.6433310666401,756.0748275070116,1402.2850852684699,3926.5598763055177
17.5062095,78.5051076,1063.775802646708,3096.762499324085,496.2530833265346,12052.347220213638
17.5236905,78.3317297,2593.6636293724705,2967.240784686873,181.55899857971033,13152.93523813021
17.4758254,78.4847371,1284.3462903342215,2774.529506243892,701.1926876299484,8242.20960048513
17.5036267,78.4932856,1595.310350078215,1810.8622496192431,1155.1516020309264,11451.64455859257
17.4410718,78.5222061,690.7524185298041,2889.12016744455,1555.707672896568,6924.409138809521
17.4192999,78.5267548,250.8227864958115,2025.858523270195,332.98553160643405,6228.789210718649
17.4679981,78.3678185,168.49025161981223,1917.9801368740154,376.362657683919,6478.5787751123125
17.4791192,78.5628517,1061.1489388754171,175.15261514446553,1253.2208906989888,12942.680482618147
22.6999347,88.3799386,131.73807575979774,11194.172755399415,132.0236649654016,
22.6210749,88.3992451,84.53638935730297,3774.315826363571,147.40980903036478,
22.5726459,88.3638953,336.29937929872796,1792.383544489365,231.25393525304378,
22.5080547,88.3533289,851.3474388661616,4179.012866248373,297.8520551112028,
22.5478233,88.4002314,64.54785793775194,3685.042729899872,564.2035385617321,
22.6520597,88.4360417,152.8459869252402,3587.546053187089,87.4142361138925,
22.5804642,88.3907047,23.250268497792806,1387.1285918254964,398.6971751636936,
22.4956263,88.398449,258.6692026570312,2253.8611858285203,271.50841589677424,
22.4440967,88.3017146,533.1571548641739,12294.63455836028,186.6818839842812,
22.495499,88.3709006,228.3210401506952,3181.9619590528364,327.7339199276927,
22.4960484,88.3822296,1121.2628698281733,2423.048391063577,321.7516507556383,
22.5056055,88.363674,352.30715691922785,3223.8489433892473,180.53084650734056,
22.4798775,88.3893197,63.64314747232647,3961.3027950065807,127.83566470064103,
22.6950342,88.4073585,281.89418047132244,9169.928469773675,241.70114695389046,
22.5882834,88.4734476,142.4984314422977,1287.005837822486,625.9872939455494,
22.7240621,88.3867065,358.11249559500516,13019.036464966835,96.78314714368378,
22.4735865,88.3606732,230.65965706714758,5720.9490655365435,575.6015856162979,
22.590425,88.41692,1305.325004121989,905.3810749973659,455.3099707431601,
22.5939709,88.2800968,868.1952042955162,8439.481910985038,55.84693882628352,
22.6947839,88.4530183,113.75963960232993,8082.146220785216,157.58681591947789,
22.9827423,88.4234023,14700.968063876402,40179.70903922372,16209.054608135675,
22.6820899,88.2907444,546.7591461447608,15051.564963076677,81.64010653503452,
22.5726,88.3639,340.372507939007,1788.585716515637,236.3601218712216,
22.4809986,88.284838,2663.9248230264475,11238.847041666953,115.73870816257364,
22.498636,88.3453908,62.82418131300018,5254.134236789919,195.36835993105313,
22.5044355,88.3721663,471.71076586120114,2480.409341963836,107.61581579188282,
22.506758,88.3817559,1254.8049151866217,1516.122584858208,80.73159488350534,
22.4700318,88.1011108,956.4106617500477,27773.206768691973,404.79085439011675,
22.6120368,88.4400247,828.6054875927368,1472.1151714103826,323.1479299538114,
22.5880896,88.3852834,627.8208744897871,1770.0370015194715,161.26185975497546,
22.69972,88.3519784,329.42397719411844,13188.279063244705,468.04560917078027,
22.5325844,88.3454429,49.291482465337246,3128.413570269518,550.5885844855092,
22.4495236,88.3955392,307.10666838596586,7319.7226155605495,162.11534514485749,
22.4409911,88.4562793,5526.395896234666,10454.973649773261,637.9028081642632,
22.6828782,88.3853645,1240.6948091278912,9407.955132076542,367.3997685962601,
22.4643677,88.3075322,160.34184294079154,10470.960962907568,107.73957157398496,
22.5506557,88.4039172,32.20767094474731,4002.7127070898514,278.6968258764947,
22.6344209,88.4346171,128.8592738125717,2025.6844575461312,326.4964371407836,
22.4817043,88.3249417,1338.1101314630243,7950.2532738829095,65.638070186868,
22.6632119,88.4271269,44.43296375729143,5095.318837031889,295.1779902561442,
22.5196384,88.3656241,31.655698347570354,2877.5343474877764,331.1767756703323,
22.9428583,88.6404803,18295.085089319713,40692.169152084076,21116.433821937637,
22.5685792,88.2942109,626.4906782141693,6162.267356900504,17.474966679724165,
22.5833648,88.3403452,227.21965995437813,2952.7767155816723,421.0724009927634,
22.501572,88.3209435,303.7359312014632,7277.890397124146,130.2930076524651,
22.5111648,88.3281116,634.0117315177864,5994.56180766659,384.6835148037652,
22.6286173,88.44061,494.00518041488886,1138.4068042414854,119.83448725462073,
22.6675463,88.3437177,1456.579796525503,10830.452782256407,190.21878380069103,
22.5973333,88.4338521,1197.5955771385286,2799.7612207077877,58.637744031107104,
22.477646,88.4399813,4722.382968497734,6371.807535618502,1028.6693693723032,
22.4726577,88.3977506,774.335151374883,4766.064151214232,148.16599794537703,
22.5261133,88.3478009,189.44245721640638,3782.6785771163068,693.0696352830669,
22.5330009,88.3963939,97.41787887769553,1992.7523702852711,135.4308284648593,
22.5736296,88.3251045,198.21370122179627,3295.8132818212357,341.6839533747189,
22.770816,88.541759,1244.728533072615,19058.656089530683,112.36033990643475,
22.4884467,88.3560125,684.0755192597169,4853.541126620796,265.2519845553947,
22.5215953,88.39564,245.5110058771729,740.1674080404401,330.3690129000894,
22.5264928,88.3323692,128.51859792021412,4283.284854082254,235.68676030357736,
22.4803617,88.3377899,1454.3736329005687,6896.651788616198,380.1004888737954,
22.4827391,88.3866708,461.4210878471661,3684.9469473739814,330.5046009393232,
22.5236955,88.3988632,187.92688025660024,1095.8780837463462,104.26263726897194,
22.6524964,88.3773002,4.2501587583967275,7765.925243082908,284.98631818191524,
22.5360688,88.3720085,390.263174126834,3175.228641017238,333.1950765585191,
22.7641623,88.3776088,499.96976747778984,17413.668685482164,182.9482016240127,
22.6235932,88.441046,0.0,855.262651453749,145.60812093265017,
22.6057276,88.4029611,445.83938053904586,2027.4087556747122,286.43784008736765,
22.9416232,88.6351344,17820.131903466543,40309.92943076009,20747.55050760944,
22.4539009,88.4184898,2529.7246935882636,7305.154015221715,287.0495517896216,
22.5153313,88.3477052,172.88032558960228,4677.797537693886,774.7693687160745,
22.5280337,88.3659084,9.270191287337658,3143.7878921689676,381.64987939919905,
22.7191072,88.4826229,172.32607070265993,11308.728985029546,363.32081482107895,
22.5373748,88.3475617,112.10451792763332,2558.2256577311214,554.887362002537,
22.8464418,88.3856781,1217.9249463725785,25774.29465076735,810.8985988271729,
22.5565107,88.3795946,1391.4583492020747,2708.140208663787,153.20944015190125,
22.5290324,88.3791725,1080.375467824167,2101.197576390169,171.6388946412865,
22.4913328,88.3618382,1044.4820005920521,4185.922725105663,182.3467837935869,
22.5550448,88.3506726,94.04605931980113,593.9706220206535,178.9645848439594,
22.5054448,88.2940087,2522.7337718370263,8585.435162852591,866.9323669834466,
22.5091067,88.3711314,397.08260727595587,2374.1810583609586,206.7619538451687,
22.6291913,88.4975278,619.0476633220909,5017.263405727332,285.69551666253636,
22.5060294,88.2501665,6784.6406674507525,12173.24049318848,741.8548757220718,
22.4739055,88.4052276,1529.6653594978422,4766.4977526899165,247.09264438872268,
22.5053017,88.4009957,109.83825983818993,1369.0216064297533,218.12352297431556,
22.4845459,88.3469837,443.94500982301275,5856.037633305271,688.3388639113925,
22.609668,88.4276832,82.7509280504855,2613.7070429785354,196.6432985059421,
22.6796053,88.3710907,741.0433712500791,10250.748207385182,513.4338438967234,
22.6532616,88.3296743,103.87070585883181,10521.346120955272,160.870803910836,
22.6674338,88.3672058,949.7433289645709,9686.111297371348,652.2176391841222,
22.654827,88.3575776,282.29265770857967,8872.576084308484,58.6101597990837,
22.4768118,88.3485022,811.3240167844936,6281.774695550127,411.875668354538,
22.5008683,88.3840456,1485.1401748006822,1863.9578137377623,113.43010079257311,
22.6244374,88.4019362,351.7002639417992,4083.2849540034417,77.98492498236351,
22.543479,88.2946904,2241.323680570232,6299.201512383865,607.6991846631299,
22.6209027,88.3394035,993.3371513399018,6953.4732099431185,395.15091056633736,
22.4093984,88.37909,2986.515234511824,9200.011858706162,834.336045192146,
22.5579073,88.4119068,15.104247653380316,3337.8547271898587,71.67752774214361,
22.5685465,88.4144383,388.7719565099655,2271.5958150362208,222.6399356018776,
22.5949542,88.4058906,421.33183477573067,794.2079184184256,446.6644942939305,
22.5143486,88.3558518,386.99423171993527,3842.507672057353,606.5230939314359,
22.5586562,88.4108018,6.293874040842154,3226.282104801972,69.98542678455946,
22.5021753,88.3624899,532.8386873985406,3480.872523715665,290.04343091270334,
22.5090184,88.2991427,2087.2453497172105,7931.526710734704,432.9972121058682,
22.5591361,88.3794521,1278.5464862151516,2670.5499661776903,109.08309098656586,
22.5606248,88.3738505,682.9211913391707,2096.884740177814,306.3696157717062,
22.5056768,88.3682854,122.97502607274109,2778.979194189946,276.090289018437,
22.5432828,88.3520869,205.48142282696256,1834.086484735302,97.67852427428781,
22.5844654,88.42385,631.494161505142,1636.517286976386,254.44243671621746,
22.5035284,88.3190032,64.28401122718654,7181.350784440786,220.51580300923524,
22.5673793,88.3710192,156.02439839591221,1994.2803531745426,380.7904279586553,
22.5525664,88.3561356,707.8567442853724,842.7117889815687,519.791303823675,
22.5191703,88.3847542,291.19911755909624,971.6882581496395,94.03998925726374,
22.5364801,88.3576578,500.7685844705495,2620.9501118634266,570.9000924090137,
22.5315802,88.3632719,186.21954272209334,3288.3965146206315,211.48710625126142,
22.5380537,88.3477884,112.53824155297293,2479.3752788433953,537.0100708053726,
22.5419474,88.3547135,45.93918263139062,1981.4328628308103,20.703311376077426,
22.5376181,88.3158211,1105.4129081432097,4580.384176491779,75.02084833260436,
22.5807042,88.4623797,267.3705113275798,189.31729751380516,424.1140422621658,
22.4959545,88.3704675,166.41025686147984,3179.688935250569,308.3706288921524,
22.4872704,88.3685589,506.447552526658,4019.614124645213,123.83971839264578,
22.4736567,88.173933,5839.627375821331,20775.797655886712,2031.056466736344,
22.5260827,88.3890458,623.1513421550559,1272.387001850115,93.79278561190361,
22.5178618,88.3868841,80.23448718291945,711.992222199091,41.115574487897035,
22.5176859,88.3633438,163.55672669019359,3082.6563755994757,610.6520872879803,
22.4915547,88.3726729,30.240147761045606,3383.4509847062764,241.52491911473555,
22.5981344,88.3048369,278.1074813531304,6569.0664737606,106.82607122597028,
22.5142557,88.4098863,821.322824174471,1713.4813919831606,73.14124971247038,
22.5095876,88.3697226,276.76217231545166,2498.8206506910083,329.11351470760803,
22.5134321,88.4017445,16.421237072614662,897.9018814234903,360.6926339918086,
22.6530765,88.3805962,26.837706076969223,7721.8110904273335,143.40175777028307,
22.4738701,88.3619683,294.46228129390084,5618.258461635111,507.30512886370644,
22.472842,88.3674436,364.4732410896129,5416.016935711501,207.5497980904461,
22.8285164,88.3801893,2345.217717303926,24011.286939837206,113.68458675890405,
22.598926,88.3475695,680.2003364490009,4400.1938521087295,1002.5031791132924,
22.6398418,88.3941343,1090.489092811712,5925.987115939006,317.54938118534915,
22.6364899,88.4120228,1195.7472225159465,4137.558703225718,173.62293424612315,
22.5055869,88.3224831,294.29323406077236,6808.945495488675,318.35584864789257,
22.4792468,88.3118473,431.0237032176082,9274.327502303222,93.28965718920918,
22.6059189,88.4111091,520.7053632671716,1988.3281055078437,107.51029599911968,
22.5655396,88.5141561,1503.4941557200605,5609.394641503968,605.8528243650405,
22.4922795,88.3923094,397.6345730587921,2563.488099591133,105.24739579928605,
22.5529137,88.3006821,1143.272134260375,5471.732863022558,355.2733557627995,
22.5853479,88.2848811,0.20015086792892584,7595.227902847668,74.88170086206331,
22.5407799,88.3738814,171.61350265741083,2973.2934594857697,220.69323621950318,
22.5151883,88.3645512,191.55754859642468,2947.4238524077573,440.6589554654286,
22.603428,88.4230377,72.74779191521604,2260.8545892171924,116.92958923289737,
22.7247059,88.3434353,967.2663080987812,15741.69601536132,134.85621086867258,
22.5961275,88.3852833,272.5353949503322,2054.83170703396,244.27391713291567,
22.5757025,88.2394462,1029.7086143473348,11840.263062656717,108.89392125455205,
22.4948331,88.3164005,69.77922434087387,8158.127746749619,190.3260301478967,
22.4873548,88.3133794,30.19652191054704,8773.956845179002,165.90131762548873,
22.7549951,88.3416672,511.16589568918175,18435.82210121714,85.70998483437526,
22.9749723,88.4345915,14139.34887702561,39257.076401129474,15654.806589585349,
22.7109969,88.4699989,551.4616273489189,10102.777480119981,116.55351781511932,
22.5802652,88.2560296,141.1062168844751,10260.655954140926,235.2260884266097,
22.5052279,88.368102,104.00288423328699,2815.8860533358916,267.78753621027164,
22.5503588,88.3598938,293.3037203098112,1234.0894802362084,547.1906958597264,
22.622191,88.4089888,1.0955435835466647,3779.077242384183,198.2932390280951,
22.7791604,88.3227463,287.8479129267858,21749.60784466123,81.55315868452784,
22.5333241,88.3857621,839.3594286483054,2144.7053349033663,672.3886358026407,
22.5642242,88.3893174,1079.8328206022811,2832.7100205567995,121.66518912952915,
22.8310988,88.3570138,829.0224415115049,25082.155485405925,88.83326128362611,
22.6469581,88.343612,572.7709201655438,9026.56028880242,68.33893927625,
22.4884855,88.3717539,205.77474404833347,3711.5723424409816,56.1115179273086,
22.6080961,88.3942426,0.1130742885413267,2531.5704324492526,132.18183977979126,
22.7998264,88.3739103,598.2999253240973,21210.41164293782,275.04437571858,
22.6504966,88.4192153,558.2500881027923,4405.149216004424,127.18600069935212,
22.6120515,88.3855648,661.0861506864002,3316.1892360005945,140.2785829135347,
22.4637529,88.3864655,650.9039386603542,5775.847750810748,539.5388823333778,
22.5745254,88.3644645,142.60468244998103,1996.3471156176925,63.403309019342245,
22.7585125,88.3774386,395.18532828545193,16853.887461645514,124.14288943579943,
22.5754543,88.4322569,678.6847483635348,2827.3195943381693,803.1505813596518,
22.3607154,88.4325575,429.0332888344303,1551.8250830694562,339.5200014458776,
22.6660837,88.4211986,356.8622680744236,5666.468161365215,182.44278585213567,
22.4966412,88.3616098,847.2544086509325,3856.6148866506387,165.45779599439342,
22.5968262,88.3671932,174.6383077427263,3793.1731347023247,998.1955315925678,
22.5903989,88.3571238,654.5809158313351,3431.1207189977795,1240.4352145367636,
22.4843866,88.5657246,1449.6486905198335,15191.962026402294,3674.251690728186,
22.8639237,88.3703496,1325.4421845373713,28071.297488312746,2438.4231878178134,
22.5048704,88.3649242,226.37786744125896,3132.532449977407,63.922390603128775,
22.4990796,88.3640131,574.3797240757216,3503.8609272415524,90.84572457852313,
22.4988417,88.3662447,347.2866632781358,3324.0155352404377,196.57993574061587,
22.5102985,88.4201079,1876.353949260856,2815.276141932428,320.9066738530248,
22.6659799,88.3906586,531.9404027459627,7736.635388076094,132.07718788609938,
22.54357,88.2679343,2795.938372781239,8964.054844282078,245.11821222634168,
22.5880064,88.3689403,279.9917362560106,3443.846799370665,2.4778237739751345,
22.5727779,88.3716794,69.43790800467156,2368.0935341491045,828.9545480356347,
22.6129078,88.4665536,239.48120194188132,2054.949843463981,377.50844682092105,
22.5881858,88.4076548,941.5774142677091,80.04777231707682,635.3693077043009,
22.6198553,88.4319746,23.127326053406524,1790.682317216542,162.19464122708743,
22.6564623,88.4467245,609.7807598530252,3820.3770049635928,408.52019822202715,
22.6309793,88.4344131,5.250436068580175,1808.7782451187547,429.9925694756183,
22.513245,88.4025652,66.35436529287267,984.7324580013407,324.7952822516794,
22.5137651,88.3510421,366.85458484348374,4338.492241801247,941.711775204916,
22.9322475,88.4248587,9310.90550343372,34568.053387099826,10825.860818863152,
22.9226381,88.3877415,7765.45680125847,33998.80006676455,9169.08960669343,
22.7949104,88.3317725,623.3112375713984,22672.96509159115,85.82264226239867,
22.7419198,88.379201,1136.4879480353873,15129.282341049244,256.48836237082776,
22.5192486,88.3511347,232.71580037549265,4347.493119473839,472.7508850664317,
22.5337583,88.3531583,729.6122333858182,2887.946641908405,242.8545992592801,
22.598577,88.324035,265.3621997412056,5270.952880261519,204.34895428329088,
22.5492997,88.2851307,1711.3749362656702,7111.242921102891,600.660765620349,
22.4661595,88.4001629,744.8355505680047,5512.11311420342,256.8643662115135,
22.6935831,88.4924943,186.64391205266514,9095.864969707725,1529.3910349680052,
22.4523378,88.3045283,250.3028762297485,11494.554047893353,8.536264243168814,
22.5764162,88.4141452,795.329609540861,1436.4056168362556,549.8813018336674,
22.601335,88.3724974,121.53256706292667,3482.9174836883135,555.9594373594249,
22.5525577,88.4063762,23.56408948518445,3809.764202038063,131.91486746369878,
22.5785751,88.4716695,11.121280184430871,1017.4410260057334,186.95113516172788,
22.5680844,88.2680662,403.95279183512326,8816.899142106591,247.98303536597564,
22.4868942,88.3054213,723.5368291707433,9483.184424694262,57.02533716856039,
22.5209912,88.3687046,8.641455363846628,2598.4574765398156,140.17265033849765,
22.5043139,88.3486225,371.83524278667886,4744.240826850806,106.23116936401334,
22.5147366,88.2492787,6529.599351779975,11810.946465876445,854.0250775043379,
22.6059241,88.3863913,117.31947199509713,2705.953978158566,371.8821450970931,
22.5709658,88.412696,666.396672378055,1966.6323057445202,340.98938730516795,
22.5469365,88.2826141,2000.0066717602942,7412.307301309242,276.14110091783004,
22.5490749,88.3683399,576.2202710481088,1934.0115889045835,470.8140071812252,
22.4960295,88.401984,388.04578142034677,2325.0187496955214,122.65784667606127,
22.5977814,88.3650003,68.82034865026347,4039.89023193817,1158.9792081842108,
22.5033938,88.3804229,1236.9630593156626,1868.8556150906618,81.32466653056497,
22.5013103,88.3483751,327.1746199517734,4865.257629057575,258.65225173329475,
22.5072341,88.393512,774.3766449182076,899.2298206242034,173.94416217193572,
22.508452,88.3691207,183.44548095096502,2592.99156703084,350.78468009435517,
22.7060606,88.4633037,918.5830818785265,9437.756525298422,299.14783080349446,
22.763107,88.1957544,1971.76565380283,27807.60785424686,1615.0298843617416,
22.5143251,88.3369583,926.1166132243012,5325.305819615383,499.9344971606824,
22.5551591,88.3501171,48.260895850926154,612.8236436043748,204.3397131845239,
22.5317548,88.3564789,859.0942244686468,3126.0484779031926,311.73116855544674,
22.5244349,88.3524652,608.7873568565552,3925.814104920336,207.75619658762864,
22.5347917,88.3614931,328.1060752067735,2893.1947833105096,191.27623622069905,
22.5352649,88.3566292,642.0688791946976,2739.7451941760887,501.33543189419845,
22.5489776,88.3280129,347.9487744209726,2873.0089403856164,75.53997149489581,
22.5979916,88.3694857,315.1317110900844,3612.527027280623,835.0668100102828,
22.6065505,88.3952451,200.21079043139702,2335.592110749357,256.05955720836585,
22.4125168,88.4185772,836.2219063010031,7457.294589004695,103.41785699631777,
22.582139,88.4472979,188.18005963038738,1577.5218234526817,238.90539268030275,
22.5458331,88.3737361,716.7991252405933,2593.419297159666,118.23454855880836,
22.5696052,88.3170772,23.03862698307805,3893.2824861794516,64.85782560309566,
22.608802,88.4237745,289.6617060971338,2779.1129541623095,246.40445447770614,
22.6357323,88.3398223,1238.1617432453809,8434.601963040659,231.53169751443215,
22.5403419,88.3655209,1.3909429121447152,2486.5541130403367,296.9686920583179,
22.5843396,88.3631411,101.2521863703242,2911.7756932764732,719.1455955933416,
22.5656805,88.3821551,1203.1577431177066,3020.617932516776,169.34345784873804,
22.5171723,88.3455638,24.083796564586216,4800.934854581961,474.73471202957086,
22.5700255,88.4347847,1205.9010966854828,3175.0767697530673,362.66504167466826,
22.6055529,88.3655888,316.8522462283987,4330.0430058747725,348.24433349271,
22.7195756,88.3477021,786.9040973811416,15027.008120346458,192.29386806584031,
22.6063508,88.3784257,301.2351473948292,3300.478568719739,781.4967114303982,
22.5400604,88.3958472,202.23893790681183,2764.260611407005,227.54794549870016,
22.578925,88.4096934,803.5244925060568,1040.3763660907468,328.8946971787812,
22.5770567,88.4136879,865.6992291399499,1352.2934294217255,466.1202117625404,
22.5270528,88.3260988,4.6483059578448644,4592.771188108758,396.1624284533147,
22.5227232,88.3499241,338.66490214963187,4130.766125929873,373.61576249352817,
22.5292635,88.3741834,829.6276884732508,2497.6172744192686,79.96216852450782,
22.7206162,88.373306,1205.7688512811699,13434.842511200657,120.26318360611991,
22.47421,88.3551263,485.138744025236,6019.060672111697,728.5200392300297,
22.5834141,88.3562514,397.00412382828546,2649.3104707143984,1244.132339407456,
22.499166,88.3487677,352.2026404090647,4909.224612220421,327.84018233994703,
22.5838585,88.3339983,22.23863073998709,3345.047125413267,720.0890153340074,
22.436108,88.4423244,4027.9760321417357,9771.48184067612,263.7767875368061,
22.4681162,88.4196482,2756.5473485713733,5908.062660135602,369.27107691408315,
22.6266867,88.4889817,0.3366828483389824,4109.8893663976205,66.7042527237966,
22.9052114,88.3760639,5908.6580971359635,32353.269475050263,7063.128721272706,
22.5147581,88.3904034,92.82912708218446,298.4173377484377,130.4976081476294,
22.566664,88.3653411,360.9945291505508,1443.8765928787886,482.92917262044097,
22.5998736,88.4008791,331.3822576717996,1481.7162704772413,94.13358531191858,
23.1536323,88.419904,33510.64685007062,59170.79339049029,34988.9737094637,
22.653524,88.4390752,52.886696796418995,3637.651705526898,278.32401869045145,
22.5918828,88.281562,682.031641234263,8201.706381659644,57.853750336863385,
22.548977,88.3511498,259.96531408755294,1218.7202263972802,389.2493246753158,
22.7826288,88.3702748,326.6145836341831,19593.40203015741,72.33823493866574,
22.6161562,88.3711362,541.4272126923175,4595.1087690462255,297.8307553629763,
22.4380591,88.267537,2357.504502156492,15512.232566620041,1187.8379651487433,
22.4621691,88.2856024,1990.8069010188217,12539.102922157024,1448.8285066093415,
22.7788971,88.384076,542.6571030759084,18663.830223526656,63.84387905301835,
22.990303,88.3982606,15256.330542429174,41265.21234364948,16717.518535813037,
22.8963376,88.6689298,17515.72711635078,37904.56892713637,18534.50666106377,
22.7531048,88.3759528,225.6267212249636,16384.608671563517,38.39237814317162,
19.1172495,72.833968,141.8620424485357,1459.159343991509,568.8062934939381,715.8415529793634
19.1158835,72.854202,275.5455045621175,3122.0090798399065,1496.3347105858745,1600.4680339663691
19.076,72.8777,23.79749782991769,6402.329998471264,638.4258838325859,3439.787885390016
19.1692623,72.8552548,377.8322806074608,1259.8908446197313,1186.1726664290911,3901.9508938548515
19.1159409,72.8312863,81.90500218022574,1502.7162643482377,412.4609888408804,1032.4600975310032
19.1852851,72.8358611,11.126920360197303,54.01234015699664,331.4149192896949,6607.064909643118
19.2298129,72.8471376,638.7594246492606,977.5832734399482,431.7753284461628,1603.9254627378245
19.1860219,72.8563181,214.2958764927291,534.064795484307,313.3787745077599,4614.5944571043165
19.1070215,72.8275275,1000.6230111549013,2454.1930634837086,296.5591265475469,1983.6086470211212
19.2500963,72.8533941,666.9552257307959,2587.967374724531,805.0646113971395,766.9823610044587
19.2493572,72.8596302,606.4701866466403,2187.1243684523556,1039.6866700011656,992.4821660163959
19.2596635,72.9690861,75.75368705732878,5709.373589689911,260.97169616874555,2970.3709456083207
19.1187195,72.9073476,248.4291925773761,767.4971842032726,808.6990645303041,1195.204804088962
18.99568,72.8302756,383.10913517116387,2586.75484787179,414.9806440382525,4615.384814794215
19.054818,72.8979713,194.39242071586767,4099.66281357412,701.793804229992,3311.8918010793655
19.1366355,73.0027824,241.73809462786895,7506.087583886731,262.54186018998416,2742.843675618751
19.1633281,72.8411995,492.6693774220864,491.0548962469454,1090.8632037914313,4756.008244495893
19.1585147,72.9994019,387.94036313558354,5745.791841009834,1045.7607346439656,1743.8815293660255
19.1163797,73.0069928,73.04308456674266,5630.084698054436,673.931767401372,3104.3923466262827
19.1378308,72.9361964,580.9950660760001,2122.407002773943,821.7840310855834,1892.7104546555804
19.0585888,72.9572689,24.13958594243121,3537.4407850868965,1849.7374344603809,3444.38313928756
18.988459,72.8393913,367.00426204385553,3444.693555433784,1146.6964362600625,4505.012410443208
19.0803934,72.8553306,562.7648547564921,6130.135007156751,755.5867781528312,3982.071523718682
18.97504,72.8250555,656.8397389858158,1986.5650466429556,791.8699220829623,6611.362280969602
19.1462636,72.9339461,168.6186113454494,2911.3068285308914,433.48881240131396,1714.622604169934
19.1114795,72.928021,240.3539865737249,1068.3453809165856,1245.3119948268904,481.856849653781
19.0051696,73.0282853,222.98296251755337,1424.728577448628,96.3614812710621,7268.208673655769
19.1960956,72.9880109,61.03428317605981,2180.7903480607715,588.2953530102033,2992.8962611778265
19.0833438,72.9123246,646.6094978323074,4355.831278991556,1422.831349464217,2773.034718024004
19.1719717,72.9511956,975.6246609579174,1325.4198786547663,456.10239263146167,2256.816459828372
19.1429467,72.8551559,28.636224369693068,2371.913187700397,996.1601254581102,2867.3574108473053
19.2140036,72.8373054,4.1558591980972235,2428.8726183146146,811.450241389495,3631.899071530295
19.0423145,72.8398344,247.77165142913344,2714.0665612982284,686.8092641629855,2966.554336603804
19.1704719,72.9610447,585.4158602304913,1782.6818776972257,272.9138822161208,3269.447055948783
19.0583358,72.8302669,694.6486897435481,4402.9110542773615,800.8602413492149,4147.195558992423
19.0216748,73.0186236,721.1607438961119,1693.5707069342254,441.4651405278516,5853.284634129994
19.0137704,72.846317,149.043614624711,1522.3694390667004,900.7029326153978,2137.2941740396464
19.0897439,72.9048035,181.7122792358209,3758.390537913047,1900.4691738223,2083.4494231349554
19.0616565,72.8498111,340.9965771623285,5086.251064395153,1069.8791497035752,2521.756858844917
19.0117388,72.8178706,158.369976326685,1760.8146501714841,535.5615303572386,5081.436258429814
19.1878962,72.8365955,104.95895942596951,332.8702736942946,117.23721836383915,6382.095771156339
19.248875,72.852959,632.8675633451265,2458.327987157727,945.9815986128767,628.6392097319185
19.0652797,72.8793805,725.7197383975129,6372.361415731963,514.4645214662694,2418.040314831827
19.0335938,73.018164,828.4202614607224,2992.1744914325554,452.82637053465106,4722.078017776611
19.042472,73.0131985,789.7697673770095,2905.275600261563,588.8715811060997,4297.374109693698
19.124102,72.9385562,1.00233487241936,1296.0187704520538,880.4884031901998,2011.3888565694333
19.0162531,72.8522274,2.1720512779639205,2056.4092002427737,1558.8465518742278,1458.4294350480611
19.5091723,72.8458201,18524.760602585065,27509.094741590077,19170.719278424007,26009.050089895878
18.945764,72.8237193,150.76390641156397,1119.4360075761467,989.256132567531,9413.703231471569
19.103908,72.840301,73.1580029967995,3084.826974253034,287.2985844982485,1854.21919159957
19.0698569,72.829799,807.8923601639046,5684.669149560017,843.1929578566553,4752.699263870696
19.1921813,72.820581,1423.6093305177878,1739.7586241172207,863.2461001318057,6605.37111569682
18.9825203,72.8242196,41.74457223594091,2343.14636110712,977.282909063351,6057.5923936569225
19.0148811,72.8279556,164.21708074161216,675.7168315386509,803.1194963611479,3975.315949059682
19.0465213,72.8632834,36.16907886982773,4440.951118705252,301.5525350225656,464.3400883929512
18.9652232,72.8388636,569.8387482606291,1838.300512057721,1076.7943554438486,6770.288094670295
19.136394,72.8373817,569.0893054192767,716.3564680091052,683.9411823588036,1777.0727053472679
19.0238887,72.8382236,131.28391077965705,798.01665957443,1200.2497737183044,2862.8840476780842
19.0434868,73.0240782,290.43606793433185,3469.7122710446592,696.4575815388499,3462.483795296409
19.0164338,73.0806552,1750.2235713752493,5242.753534288033,283.98519279356503,6104.985458524639
19.025773,73.0591845,442.63553410505267,5112.608181034394,311.9570794484836,5110.079130836367
18.9543165,72.8179082,568.4545555588858,1750.3214501544164,1637.0514268653808,8909.00027639698
18.9766219,72.8327936,84.45967023833583,2812.509451696803,433.44217762706825,5978.052212812281
19.1911418,72.8729089,1424.8816046377417,1454.8115631512956,1601.900466001644,2967.6681503393534
18.915091,72.8259691,1267.2416609145057,2030.2874373899901,1031.746611695758,11957.932248845513
19.0659774,73.0095329,198.84035864349923,869.3724656930887,522.8592614828539,3520.1570151601186
19.0632481,72.9987966,309.5306458807425,404.0943106646707,293.7846567700961,4676.674336045004
19.2599822,72.8598732,214.03211582443626,1565.578254859447,345.9944008492253,2007.3693044306547
19.0269192,72.8759337,180.01827214109224,4617.366200455816,657.7640939048983,1314.890167212113
19.0682411,72.8400412,284.69688564912246,5547.588533882016,1208.2578559344238,3777.7808029362054
19.0844004,72.8372899,79.27501860386089,5064.513379006612,719.9654269898921,4031.264652923677
19.2051958,72.8626165,195.3580708800144,890.7099829702917,2274.3177228666996,4353.374704876928
19.0035933,72.8175824,169.2275979352826,2332.955958327655,945.2315528016054,5363.080105502132
19.0235062,73.1106092,590.6119368372051,4142.3151701036595,1448.6816006304857,2866.3318880931743
19.2187187,72.8654856,75.46955566779002,792.7919771327979,1865.9444549722093,3034.799073546912
19.0475502,72.9051895,189.67260367202965,3067.955855465536,931.0275477172743,2301.9430148679617
19.0261579,72.8520846,199.16052056888265,2180.1697393490517,1686.1982635409552,1509.0291891212585
19.0606629,72.8546797,150.2834184362319,5188.027832113811,749.0300681248542,2082.715859339231
19.3508311,72.8938078,597.5001497063929,9949.85267027491,4331.215837904775,7697.975675178116
19.0511604,72.9293364,266.83037139185416,1574.2475600524608,216.83690182502193,2104.5756733160706
19.0272788,72.8383977,320.1221422886172,1106.9105933278959,1577.642703219598,2914.889590726947
18.9697337,72.8406201,497.19117785261096,2372.1606152542495,631.9540167799032,6237.20757833051
18.9129204,72.8201377,1670.5533889107564,2523.7942131214927,501.99915633159645,12615.726991125983
19.0686026,72.876583,256.9090534284127,6811.732079911725,922.9459856205181,2624.4136296091883
19.0210175,72.8568955,169.1237926521829,2539.119837570411,1347.0308732924684,879.3077460816115
18.9581616,72.8033665,544.2106947126438,1246.8188744118777,1738.5222228916648,9528.676417790595
19.0482086,72.9317136,146.4686820650954,1216.7824357025177,591.1308177463674,1705.574558846529
19.0314768,72.8468509,511.15318018190385,2036.4103340831487,1483.4475561318625,2272.206876286247
18.9695855,72.8193152,93.49105503510249,1257.8420174824528,651.3163437054403,7464.018688123844
18.9722351,72.8203423,370.5194466811117,1417.3591206130968,467.47138252478754,7170.314976470109
18.9650659,72.8261833,289.5105059948174,1911.9361278693277,1468.1484020675414,7431.670703548551
19.0649126,72.8270326,1075.0895562395133,5162.208351120169,809.2833370083328,4737.251011430261
19.0173837,73.0954838,739.3565400825282,4214.404763336572,216.37001158445082,4560.849802998545
19.0317259,72.8433917,176.28569323201376,1813.2631141136649,1538.2555069292687,2601.723761859823
19.0692377,72.8978464,373.18607327806893,5072.071925038371,742.500586453804,4050.3758422303636
19.0553688,72.9150702,343.98790286985894,2705.1891123065543,922.0567812266978,2823.34059467867
19.1248799,72.9354946,23.451525824807423,1023.0133881125024,1213.5528339059574,1764.4150837201237
18.927089,72.8235859,140.22368317134058,1131.3673132951908,2118.6744670360385,11299.94911436443
18.968623,72.8068368,183.17196638817381,58.90695513248423,1285.4804743067973,8446.107003087696
18.9354797,72.8271741,320.28694109313676,711.9721704764507,1609.85304751097,10293.607893344395
19.0592671,72.861326,345.2318903137567,5402.658252279848,720.1855496251967,1565.374712454692
18.9332665,72.8345146,169.8692996339543,209.40930564998305,1770.5505726620845,10251.863974022841
18.9584855,72.8122522,257.32870984948715,1246.5484241542586,1906.0662393525206,8888.717631010983
18.9904678,73.1279357,813.779165925404,919.687190739423,395.78890748234033,4222.532986655171
19.1136865,72.929775,394.3012876796238,876.580915087464,1083.4745137568134,701.3028593365451
19.1091482,72.8945793,697.2962224986411,2479.8504885225593,845.575465944462,1511.0523398757834
18.9871984,72.8326716,312.9441757303987,3360.649561327922,1037.7799050469519,5065.865624892117
19.1440528,73.0455731,124.39524376478278,9845.352884911308,209.24010295519366,1038.9758980506076
19.0692541,72.9019227,177.41464385247477,4777.175592043349,433.5447069244079,4378.613598630164
19.0010485,72.8194265,317.12387679546515,2428.1122497810115,994.512665538933,5293.174936112579
19.0628944,72.8825604,842.9572509663485,5951.580167692644,245.97322651911063,2396.7456193554467
19.0318761,72.8882146,288.5449890747148,4670.690097832643,549.9546087302396,2703.6068513924524
19.0526081,72.9094457,421.0422460930292,2943.7375613570116,506.8128430885441,2628.3586404444954
19.0795422,72.8971169,724.4356784088338,5081.99728372967,1045.035522467261,3406.1765965924
19.1056227,72.9988648,1251.2873946980917,4408.846826630809,343.4309760545736,4523.808076005
19.1097455,72.8365427,83.56751930371517,2331.51654949072,83.29039904667808,1252.0812764848504
19.1093012,73.0235724,370.8382762970539,5351.5833533745645,742.6886550063105,2731.168871966571
19.0687175,72.904372,9.81162901182062,4563.360936633355,442.6444005096103,4402.147696125226
18.9987796,72.8544218,124.70702507163357,3178.733348437074,1168.7432632943678,2696.5430701436426
19.054999,72.8692035,197.47873329276564,5548.557850425509,639.6441132316605,953.3002753560099
19.1899425,73.0230752,717.0642315921135,5759.263143308661,395.4793479064233,757.1277572783343
19.1254396,72.9252587,12.658973890442846,515.1237202236005,1195.8768258073844,1057.832158960725
19.1293951,72.8396709,802.7860017659478,1228.9644408542215,185.96276897002247,980.656595311077
19.0759684,72.824731,1368.3258545629835,5916.524865152736,283.8534147550886,5206.8359549403085
19.0395778,72.9221562,468.26754356512083,1094.3701836750415,515.8488398567016,1198.1904572597773
19.0072207,73.1155902,559.829529488228,2260.686146802345,494.75973051198326,3215.929804785134
18.9492575,72.8279382,736.0732146808907,608.9784804821127,475.1926700357437,8866.306795547283
19.1593193,72.9906831,983.7896258577931,4918.124962593785,372.4843272816905,2662.9785544632036
19.2532885,72.7904864,5709.07772121356,7469.821039124137,141.19454693941046,6632.622129020529
19.0840726,72.8835101,14.364610104564838,5317.458740491493,189.56141569323594,3774.753457153682
19.136208,72.816827,1595.1282435484934,1413.7792210094717,547.3093418311252,2974.2668301154054
18.9601592,72.8345489,274.0760696949078,1197.1535284656366,1252.6776988615186,7472.108277858539
18.9633549,72.8158261,648.1261113746572,1068.4408087721722,1303.6212009886958,8231.389466955388
19.1331195,72.8251336,703.2275434892623,538.6474464044679,639.3706702689666,2078.356303026086
19.114541,72.9257184,103.470203016801,725.2204579585152,1520.1102819479056,396.5139527990904
19.0963204,72.8643595,702.3130473852985,5280.901495113484,1137.7500502221314,3732.6664612388117
19.012455,72.835058,111.01585404183093,744.1792781097968,257.01978202217157,3306.179883789383
19.0787903,72.8799992,43.59726219001896,6009.281223148781,568.680366607983,3811.4423452820874
19.0525087,72.87938,3.2997975193070075,5812.369778631485,259.1533982750692,1395.228196955844
18.9562681,72.8057401,242.03582466783004,1394.2296957646374,1744.6499907722002,9517.660002433315
19.0972015,72.9981497,1633.3172292918118,3480.6454494040618,968.5133052836038,5246.943059462709
19.1193307,72.9995096,697.7742672415652,5928.767870524017,398.3999023389703,3618.6150414671424
19.1175161,73.0033906,373.13232128009145,5728.509722937827,344.088348668789,3350.7130105095985
19.1295931,72.9968264,802.0228909660101,7082.382397292623,267.9841268304955,3590.145410877595
18.9308302,72.8226137,0.0,1095.1072128116475,2276.8383963958217,10959.095378474422
19.1196976,72.8464205,94.29589650714047,2201.08959007101,891.5243801016751,702.2858135182125
19.0596913,72.8265675,1076.7387093347613,4593.016713999974,538.6727158510547,4563.752389262909
19.0520886,72.8674141,90.24759394487876,5185.111142166435,431.38044355712134,617.2466934613894
18.9736935,72.8367795,335.56787472203877,2718.0013647582737,520.2225895432364,6029.486127180368
18.9750879,72.8282502,557.4513408086549,2305.414656212104,937.1925218368907,6397.618125931648
19.0810765,72.8485939,154.9904154897464,5761.432055283874,184.34432760031,4333.203778095247
19.2426204,72.8520198,518.7251780102972,1790.7817098449962,914.086643577088,102.81138351051669
19.1395251,72.8083428,2443.470595383086,2366.673199571177,798.6097574015616,3919.3317768075585
19.1361399,72.8375662,585.6911290582875,749.9342629978008,661.662271496497,1746.402061804219
19.1302521,72.8213775,1041.2789173806254,705.2884483492097,686.995173904122,2214.4344937231917
19.1219328,72.8257301,484.3772157207949,829.9571391773018,286.10113962017,1485.9598031756682
19.1365801,72.8120769,2082.3719349631806,1866.5562370570715,629.1037272830939,3413.1578223727165
19.1276887,72.8627819,724.2395306054653,3505.6277893924607,1168.6551633321155,2540.549446028017
19.1218684,72.8505831,447.10096288772405,2506.955056269902,1329.0417887414278,1141.8374448838144
19.1396155,72.8257126,632.0263152052141,722.0132910020292,372.6548152287982,2583.0811595941286
19.0734855,72.8823214,0.010509034518232594,6366.157488556516,806.9785297750095,3366.8239119651985
19.1049759,73.0038923,766.900013829845,4338.550999289302,421.6254761960717,4199.798777753544
19.0662286,72.822963,1519.9461867811867,5373.681713959738,721.2266526632578,5186.5144487445
19.2112442,72.8643107,410.8859598360459,329.3517456752234,2272.9487848640188,3757.1265335079065
19.0904503,72.8428331,90.62295359966393,4571.1221078762155,1009.2181143946314,3365.017686849009
19.0504556,72.8218606,829.1222736884112,3703.196566895265,499.54991146318207,4837.710616783031
19.106806,73.0009987,996.9064241759768,4533.311858026126,110.94093906279072,4269.551052547564
18.9681782,72.8286009,135.8850619605935,2154.210113179222,1413.5996125188205,7002.778654272787
19.0902467,72.8276638,1112.4479792178909,4319.136541725013,474.7122468807889,3605.5956385991153
19.214504,72.8769601,951.1066760790223,1048.5236461528175,3149.691044009815,3295.1049449059046
19.1084781,72.8697541,326.7998862803682,4832.499729195324,705.5734850730571,3422.492884007508
19.1136556,72.8585799,224.87788904325885,3644.4359968543367,1773.6556520711808,2117.745447616038
19.0512275,72.8326014,335.3326730298286,3604.1927106993644,814.2374607135334,3725.760485223393
19.1133952,72.8736034,346.98337305779256,4286.109862217275,1027.4926152151195,3640.0443963781254
19.0670591,72.8285881,926.46856505904,5383.199777709781,1093.8399689468645,4701.322993291265
19.1257356,72.9998659,525.7974230255059,6639.721801668194,266.76593057397105,3347.974966592837
19.1939583,72.8607549,138.98714151398877,468.9379210777387,1009.6501664009759,4281.71367054297
19.1049242,72.8985884,904.7524251472596,2513.55511128708,1305.9510863455273,1140.207744434117
18.9680167,72.8082732,18.007654551634023,120.69192886477283,1205.172724454571,8383.954084760231
19.0575631,72.8314731,591.2808706822636,4311.027402231695,666.9367517144842,3999.980929970125
18.9662492,72.8089909,174.82305585240968,321.229194453283,1290.076845870165,8469.742211050847
19.1430985,72.8246055,709.3918323134495,862.0230367390853,336.08003396731357,2969.8250336057026
19.1231523,72.8599912,363.808853485666,3427.463515584906,1554.724813062548,2140.4216101488046
19.1253367,72.86432,821.6450809606189,3765.520066889711,1140.879795871596,2629.7553189485607
19.0875686,72.8273041,1136.9055567961982,4617.343707085699,418.8584533449204,3898.1374241222707
19.196772,72.8603751,13.2019425181348,760.4105871735952,1314.3218425510752,4408.588048638011
19.0752431,72.8358501,229.52593889443045,6044.211979656137,931.5878691269681,4624.851182474258
19.0573495,72.8271059,1041.172175077048,4327.227591746148,467.290576581516,4432.659682150233
19.061761,72.8222815,1549.3899508366849,4902.9815643834545,224.47608385660067,5064.7166905524355
18.9999313,72.8447176,696.8639035607863,2442.2359875325096,1017.9678938597832,3166.461889195611
19.108206,72.8828404,93.14929107005057,3579.1649360942365,593.0028378299263,2739.7495607412848
19.1648688,72.8495492,412.45703145578534,487.4520388535092,1129.9654042777404,4077.3552701590356
19.1721366,72.9566971,1067.5208455646289,1405.8120450118117,351.0028681757948,2776.7654282088693
19.0549204,72.9169194,531.2413847206602,2540.5871523044216,1111.7508913368054,2767.192197576416
19.06516,72.8325545,510.88509794509423,5153.414294587053,1088.1002778095146,4234.40412746044
19.0005156,72.8139135,161.2195493706257,2847.0516033613767,923.8587224123104,5848.234657667147
19.0554338,72.8751508,468.0463030206024,6028.7366271692445,382.45012939526544,1261.0214765260698
19.1287942,72.8255543,579.6780205115302,256.62266179068183,662.7274580771001,1753.6025525155271
19.2113199,72.8710472,286.2575841682416,388.24197083165717,2814.895108875892,3844.877058109114
19.057121,72.8252328,1219.2612606520331,4334.110464360852,322.6504328041315,4615.931945051422
19.2068605,72.8697453,277.7553042757398,604.3758760481937,2673.9930800426137,3957.461884424972
19.0074717,72.8358965,319.32715846424804,1301.236209030385,352.7312814668853,3421.9565410041164
18.9714363,72.8051492,60.60900292767483,383.9866067736508,1295.709929114823,8367.668750656667
19.1326946,72.8966869,775.9699687247073,2039.769995484191,701.5933957502012,2054.088194192215
19.127716,72.8675588,896.9860050169854,3966.026465143212,950.0559081132362,2492.6158091604007
19.1172198,72.882342,765.5444122160834,3296.4509062578977,420.42085885289293,2971.4676289566837
19.0509908,72.8216174,893.8232379574473,3767.71748000369,457.80066521872243,4868.844800254165
19.0958495,72.8877186,430.90400460834724,4024.3656400997816,806.5350376920179,2609.2447185957976
19.2117164,72.8646991,385.43692941587165,282.5392916692545,2284.0407141703004,3721.0057388442206
19.171044,72.859023,0.22306787520476137,1696.394686682454,898.7184081191334,3771.8322414553386
19.1847848,72.834135,193.14480219054073,135.61707993665738,349.732829728859,6705.538477761403
19.1738527,72.8670935,815.6794204512915,1985.8200214540395,782.5224112560072,3551.796258988104
19.1474514,72.9957483,107.66848531336662,6146.047209744523,445.5550993083131,2423.8231586956417
19.0429946,73.0806733,149.81993841880984,7438.407403972543,95.17285538540868,4918.355565038175
19.2238836,72.8476854,620.8304028041786,931.1918906850673,386.1792351411717,2215.658482019973
19.0250002,72.9061681,1100.5186210398783,3065.594652819799,1770.506376603266,1255.890214708084
19.1471224,72.991425,199.97408337647968,5837.809837910669,182.85964582969078,2845.859194391393
18.9637535,72.8068617,85.9523654968432,553.8478571929637,1646.4874578447027,8824.799261241518
19.2356062,72.9583946,1835.66174748023,3339.3860868860074,600.3289036317877,166.71218446152747
19.0435059,72.8921791,1166.8803375908942,4271.509921716724,525.9677824766875,2594.9296609409244
19.1147466,72.8397574,169.48012028335296,2018.651370223266,471.05568131695577,648.2937252550736
19.1380387,72.8280164,407.16526325887133,561.9655079321645,487.44029613928643,2302.794383905454
19.1546402,72.9466525,279.41017502633673,3294.9731671032255,346.2037241897856,3310.9038024163738
19.097,72.8945,73.69102736966896,3475.748966636262,1486.2015548386541,1952.0371656943273
18.9674951,72.843985,115.9026221596762,2281.0034980522682,556.0543370349004,6331.031047990889
19.1068579,72.8671624,464.06268883465646,4802.001847090486,740.160396689324,3254.3890331131047
19.1788433,72.8444648,321.19547366717,1183.7533065209234,694.2549085483631,5457.331465430096
19.2157147,72.8251499,1216.3629916988473,3465.695305852913,678.1933976654093,4214.383811834552
19.1136366,72.8368659,112.93572472262127,1955.5579174783113,378.8253299050106,831.0346651634809
19.0390722,72.8501829,866.1608406425735,2896.835125572833,659.3916898180211,2020.104303575598
19.1283029,72.8269639,426.9453083691161,137.69805000368058,573.7153923918409,1599.0331768024685
18.9524203,72.8038935,533.3479357827242,1848.18961562927,1321.526038560391,9968.655082560195
19.0135886,72.8276962,72.63333833682434,794.871378776981,659.9141398523601,4028.205634781913
19.0139092,72.8322785,121.14949287467549,548.862809372759,557.456464699499,3549.475297294523
18.9861851,72.8109586,72.3002341852697,1979.1289337985013,597.2707916188895,6882.45714526822
19.050289,72.8915885,411.9862706557717,4515.042987177527,142.48782964780952,2545.0108082123397
19.117493,72.9644013,2741.170630572193,3983.8148468286618,1736.739897517481,4351.483130590246
19.1111705,72.8304076,541.4757226374354,2008.6872244904873,288.7547686527752,1438.0297696777588
19.0617135,72.8837422,663.5279571197535,5779.958842116269,228.20072426820408,2384.8667782618586
19.1235835,72.887405,419.01510197557553,2703.514160346586,672.5801482841346,2467.1140291092934
19.1074355,72.9984805,1230.2069498906314,4612.488123343969,235.92964632015784,4422.195360076229
19.0629912,72.8566638,265.57106904654484,5512.925574433347,806.2934483671672,2165.7093737123314
19.0448096,72.9101374,103.39022292678945,2473.44437012089,1131.2277467256201,1788.5569678648467
19.0559456,73.0182495,214.19998534389202,2108.8440396268584,914.8283889192118,2970.255398771172
19.0702474,72.8223173,1594.0500310581256,5825.270645641278,911.2885266138718,5449.596144187844
19.1191245,72.9136382,575.7184430846189,375.01603447177763,1111.880182163168,819.3659332750739
19.118049,72.8798104,1027.7025180020996,3542.470801298691,685.6518067764501,3036.216781423345
19.0813635,72.853893,610.7142328628444,5964.6089239061075,578.6985162383216,4134.757203962265
19.1069664,73.0095196,146.12671532206633,4633.069227050699,416.7296084748071,3649.300597788004
19.0610336,73.0032979,189.09974117215177,596.1929181705597,789.0896489025847,4253.491975606963
17.494103,78.3527499,572574.2363851167,576997.4637990927,575043.3680453467,575166.7009801159
19.0827847,72.8805307,8.935598165217048,5621.353118857898,186.95659006568795,4099.170481921099
15.644673,73.83631,364407.4411249606,379381.3061342251,364056.3647795388,369771.19887770887
19.0713356,72.8381315,64.48261296883202,5866.2923556631185,1269.9775411712135,4154.202372611515
19.015057,73.0123022,1311.181045268042,949.3301069345595,544.5992477551763,6810.719688855942
19.1277203,72.9062142,703.3317972166928,900.2747124958056,888.8041359800135,1974.8203987051509
19.1576166,72.7865772,4791.073600039631,5052.4429970366855,114.56154468118274,6944.31781056887
19.167997,72.967884,168.34901122351707,2448.301674214647,139.12264150640326,4038.6615223080003
19.0192269,72.8428479,84.3342753141015,1051.5415630015148,864.7149477545768,2361.759078572173
19.1211612,72.9373292,0.0,1120.5649814667674,986.7769066187524,1778.7449204417603
19.0761648,73.0176615,70.8260320137127,2058.8232546909894,752.2928157403081,2764.2068619808156
19.044463,72.8586177,349.62606006184683,3932.8651842756854,655.9118437202206,982.3852755925785
19.0612177,72.8448733,170.87488387025476,4881.263036987194,901.5533177276859,2901.4915511545155
19.2088598,72.820816,1477.3582709694751,3048.9651627660915,451.6736667910402,5084.382773561458
19.2141193,72.8258652,1087.8944802186418,3374.027381502764,805.036297728311,4295.127647965669
19.1502437,72.8342294,191.0553777948622,818.833515875478,235.34441614344843,3350.3419787792104
19.038895,73.080393,104.70628126062533,7080.609473793161,231.00227486756575,5177.645104487566
19.1834164,72.8584879,1.1132722082093662,739.3001443677222,188.98172683394867,4383.806607455915
19.3183904,72.8991697,569.9764303472866,6660.6265881780455,2872.806708312757,4113.5450634544495
19.051141,72.9058598,234.14726757188555,3176.0643762561995,527.4895922532996,2616.4313249075203
19.0661859,72.8306386,729.2595354454742,5272.540051041266,1192.1827682007988,4465.822745912959
19.0483928,72.9387147,360.51231249940497,1408.8046791602226,1099.3959565466812,1618.7164572642716
19.1386506,72.8274885,447.13184411470235,576.7965963942395,419.131284118247,2390.000982054829
19.132229,72.8498595,273.9065748696608,2064.11921148749,1300.4707074455728,1671.9512362838698
19.1286526,72.9280394,202.3889528134099,862.9365814051004,1417.953154973737,1509.0658328383088
19.1191663,72.8951234,435.22185040228686,1937.6471183841495,286.1368676629822,1902.989869999687
19.0844406,72.83457,359.07454003514556,5012.713813994223,437.9962441308636,4055.5680111598836
19.0859241,72.8276105,1107.2669564164073,4799.816847139151,311.7189436298915,4060.509320215107
19.076153,72.8319138,613.2235650069355,5900.674816201546,505.982652155409,4998.599487016859
19.1427827,72.9934041,622.6723732704111,6327.254639505286,343.22830005050895,2908.6442018015014
19.1418141,72.9986329,409.62567830740244,6792.541423822533,448.41939983226746,2555.294988434411
19.0411865,72.9477071,1463.788008509673,1678.8192458870878,2326.1059168108995,1345.3461331083606
19.215001,72.8119695,2516.144290864066,4131.380949978868,755.5959640870623,5309.529848498703
19.1537891,72.9629435,15.382545358691926,3546.8844248909813,1066.9678361366707,4452.322292263346
19.1486945,72.9922501,29.59546718864367,5780.256885903905,348.2771663652009,2696.31700372674
19.0294234,72.8696192,834.2305151046177,4040.7618452874835,196.19873778392702,1066.8819318262322
19.0960823,72.8460114,441.9614765346702,4130.375163406575,1320.1567147014962,2800.725359033749
19.1326186,72.9149702,717.8123490750751,1093.614262890291,395.20249705838614,1023.7798618118337
19.1521227,72.83094,99.44621234839077,724.2543984136173,176.14174128932822,3629.163985180793
19.1611244,72.9904244,969.6606786187634,4786.458484152004,332.32059021718584,2709.178410423935
19.1523238,72.9404824,312.72804355186145,3702.7838539724844,1041.5464972442417,2617.0979906833595
19.0062232,72.8297898,170.81201989319857,1436.7489255351763,531.3311861138392,4063.805510862916
19.028972,72.8775722,131.67973719877887,4834.561902894148,409.3210611290311,1584.294158303416
19.2148204,72.8426273,386.70036876933136,1942.1345618486184,763.3873673402313,3332.794962056424
19.0708218,72.8288647,911.4174969596239,5798.067620722582,712.1553366813654,4893.647413632858
19.0166466,73.041358,488.0956581252111,2991.113266491146,582.4912900961542,5830.70012297342
19.1202459,72.9959529,1046.2857816105281,6053.426854495765,160.27724441033786,3923.7489006698306
19.0463561,73.0091368,194.64350486185648,2339.8087891277974,338.5284461683892,4352.4933925415335
19.1073198,72.828028,948.5597985382975,2420.5749068052874,335.37453010925043,1924.3070230093513
19.0514795,72.8757873,55.038264520611996,5792.937614651955,413.60732651840476,1011.6826556038492
19.1609925,72.9445125,48.26529142919785,2655.8045596864113,725.8032530114381,2602.0936619165423
19.124241,72.9178737,166.39024133582646,485.51767419581535,642.0656541663853,891.5632743338577
19.1914938,72.8609389,220.9577653701573,251.48500891762686,745.9291281047077,4202.301651155094
19.0894525,72.9050293,167.68180087850058,3784.057574436815,1869.4579000415206,2110.438672566678
19.069717,72.8331727,455.6948821589976,5660.131790244452,1027.7349750235337,4450.680932083534
19.1116978,72.9234406,241.97283081000953,1088.565133052205,1726.3095229938742,0.0
19.1312,72.8149,1725.4768048768742,1393.7251045210712,38.78831326507245,2870.3590913371154
19.0082224,72.8337786,121.43164448247558,1181.8532582121127,504.5590389108286,3590.819794610832
19.1375285,72.7918857,4186.267866963321,3905.908952023242,281.26231007624995,5375.094286330543
19.1138594,72.8476435,210.91943659977588,2671.4365629998306,849.6696593448384,1112.1164685048248
19.0920602,72.8994007,153.46057553506898,3700.232715762491,2061.8296622356384,2042.0771466638182
19.2384522,72.8424406,53.53652993611997,1909.3059173899157,190.57039249636748,1206.4604641674955
19.2315586,72.8468951,632.8874113609714,1079.2505546383472,575.55956773059,1435.9652832299744
19.2249852,72.8458342,520.5860722393589,1083.213962657676,426.635328567456,2154.5735036445003
19.0441,72.9027,597.7157206215956,3200.3224255921446,859.6558337296669,2159.257869955403
19.2183953,72.843846,384.4513957941386,1586.360088293869,348.581155592234,2915.2389061592867
19.228336,72.848131,750.294674053582,834.3028617369307,247.13609006688264,1725.426200720829
19.2289622,72.8448146,413.52518308362374,1189.3753207693778,266.5123547953401,1791.959450158919
19.0627075,72.8910418,280.7578393167472,5175.0523251297645,445.0733244083834,3041.0861971586455
19.2382196,72.8527,52.53633898713184,1298.8333336469818,810.741342233585,556.567573126766
19.446212,73.3167061,32339.423766357475,44820.95161186276,32045.53901169042,42362.93445378618
19.229068,72.8573628,120.30141142439638,279.21653490582025,792.3115244726881,1646.610452054965
19.0565684,72.890296,260.3626913699069,4906.442922428408,697.298735730272,2623.393400924853
19.0517387,72.9103117,315.77460384469566,2813.674652638518,639.5803473709678,2509.712959170759
19.1724907,72.9670724,104.499370320891,2048.6555640278343,513.4483067025112,3802.059732069393
19.1278285,72.8308602,33.76152599181547,333.7201065670778,434.87534998288027,1237.9473515674415
19.1214432,72.8476159,181.4512302357354,2231.480834589499,1014.2563393834405,826.6689121024351
19.0445055,72.9098089,147.35752658002647,2494.868057455054,1132.5992785125286,1771.7181279813215
19.0566802,72.9224217,365.0558248028957,2393.2474505280848,845.2710445099538,2990.133827649765
19.0539721,72.8879109,1.942086060608466,5019.338594511095,628.3095395178353,2279.080665558757
19.0501723,72.9198683,662.169799503678,1938.3678531071257,1065.2787644645966,2261.3946358956573
19.2364095,72.8187174,2348.243757376796,4047.1545472253774,381.7804045450453,3653.5133399134606
19.0526419,72.8942789,152.3837711409143,4344.1720928726945,256.5011451228092,2874.5816221818445
19.1484813,72.9910368,45.66246106725998,5703.443533515638,339.13284218277175,2823.331465357324
19.0366365,72.9456677,1832.6757980104016,1409.0817225788546,2435.0815072679347,911.0912343572804
19.2170865,72.8521491,84.05906818830472,1166.4031107897424,842.8068539376515,2907.1342810003125
18.9738655,72.8090463,28.40464200944621,599.2290083462369,826.0981837812964,7881.404373898622
19.0637885,72.9249,699.4402665358497,3048.0707271180886,1117.7474924932112,3579.8315516258085
19.079273,72.8612672,539.7724037854581,6551.169407788119,1004.4985457311327,3701.5616003601094
19.0998652,72.8879689,313.6189794200255,3683.83233172614,730.1777711552455,2382.6663539937826
19.033685,73.008969,954.6410898254628,3045.4820139308363,293.7180087114274,5307.629911530335
19.0999098,72.8440038,481.0741718611393,3655.4383874645414,866.3425424228667,2340.0947044818204
19.1269786,72.8269802,411.78202201500716,256.9247268632266,656.3256005463804,1523.4734330344188
19.1211602,72.8820645,834.8251409524835,3269.6375957982636,595.6020303342464,2678.7457139043204
19.202513,72.8408313,672.5376792632079,2015.6373051116989,262.06546706531776,4697.017438892305
19.1450535,72.82856,294.01479582088825,621.2721521571685,306.4811421718058,2966.841220334619
18.6067613,73.822095,81423.37144976287,85174.15434098887,84042.22059721574,83531.51373394048
18.9576845,72.8355858,336.71215590564526,939.4320157008476,1013.0448522059975,7676.245509580421
19.1008449,72.9118196,653.3830181268368,2415.174068633576,2147.731556380214,859.7281457080685
19.4115443,73.2691755,26234.506752791065,38522.87058082877,25786.04095911882,36081.13292071545
19.1198185,72.9052264,0.0,899.8450224615156,656.9819945747715,1362.309093007449
19.112413,72.8710949,176.07717089069675,4568.685426145807,1083.2946055904767,3410.8465286168457
19.0370749,73.0124752,1147.8728549839548,3368.231575325493,395.8764475086035,4780.88273007009
19.2133846,72.8419734,428.9792397179613,2103.4706014877356,675.8857719454548,3506.0415548557125
19.0301805,72.8669504,891.1970323801723,3800.4735063764333,267.99877150628345,1062.4665360724111
19.0654915,72.8931985,0.010509541386446414,5168.530888479393,658.1799073109433,3408.839687238274
19.2221131,72.8399902,63.508566996218455,1758.7597789212984,576.3150819841686,2703.418655624594
19.1369178,72.869128,297.4578864999802,3744.2080942320263,143.35564238581134,1668.9567805794293
19.2260508,72.8543007,66.12640594501175,198.85112239353037,456.5479468909453,1916.4680954866647
19.0234849,73.0384895,136.40920439962167,3096.5724888084505,185.65893127493274,5089.011213054011
19.116362,72.9038517,359.6983955449555,1218.5355200482368,406.94257406723176,1064.209567342605
19.037232,72.906763,96.21712741766656,2682.1392796029363,1152.5547346389392,1329.5249392635526
19.2282086,72.838496,248.2416043258257,1836.842389345667,402.51183102336995,2242.9591533383496
19.1966847,72.8227304,1148.8658564132122,1847.1377814771608,693.6412241710606,6059.942656146031
19.0841614,72.9105915,632.1542178374502,4274.728379329185,1457.9084961930885,2664.716015259182
18.9537706,72.8274755,636.6499899770902,816.1074329027149,739.7227138475705,8441.978562764409
19.1724355,72.9530767,1081.9418472002803,1280.3368313214573,575.202400486972,2412.932516681985
19.1315938,72.8346293,353.0228481911437,752.319649761917,136.02859050184992,1340.125625695259
19.1365763,73.0020717,283.55582643635614,7457.594680433457,193.55410533983803,2786.959021589069
18.9950815,72.832883,399.7445436089234,2639.0576000194387,269.3150502492907,4442.5701129016525
19.0844724,72.8346157,354.71445903526535,5009.878022161658,441.8999889015845,4051.416125107248
19.2300117,73.0281438,270.3639776729799,6383.766887731629,1657.2685804200562,4426.248650593788
18.7996882,73.2860473,22979.99285257805,27218.682696830616,24820.88907894687,23560.764274564284
19.2019214,72.8181718,1666.2094568283708,2597.468138180619,389.2447098346594,5855.111704099534
18.7963261,73.2884961,23425.376508213685,27670.83604362343,25218.9824003545,23982.860506715646
19.1831456,72.9540881,108.08161015306797,259.80181484502566,133.83884341102444,2225.170335131224
19.0375563,73.0290014,0.0,3722.506617544016,893.2273414539765,3794.558626785744
19.4397472,73.3080116,31206.22663783943,43660.82033015161,30889.820178180096,41204.292708979076
18.9810531,72.8267863,351.8744855121725,2458.4586275102247,1046.2366585280802,5987.734687839821
19.1404894,72.8647504,347.0397233606602,3144.032370908014,303.42039314943617,1922.3559551711999
19.0928654,72.8515077,70.78249227173808,4726.048777482669,1167.7657760619802,3317.783847573631
19.1081165,72.8502764,405.26690482914097,3305.57925471183,772.0984830123991,1769.447075467705
19.1067657,72.8639412,530.4460885400945,4520.843569369094,1024.7704976515488,2964.9895019749665
19.0407302,72.8642303,135.55601870547977,4100.735968069058,769.844338559879,742.3170046567359
19.2056319,73.0078003,652.3982346418048,3790.039512552339,539.8251425729759,1765.8340374578038
19.252261,72.87286,426.5572094855743,1232.1291063108856,359.85823770257906,2337.0062305991305
19.2072381,72.8365782,187.19456692374132,2461.0583019473315,429.90059507794564,4347.30768012177
19.1740198,72.8695219,1071.3938617794963,2090.434090000681,542.1187832825815,3331.1194854196883
19.453876,73.327579,33723.343298993415,46244.18761770745,33459.206686282625,43780.910413108286
19.1349978,72.9351016,590.3705197877539,1791.019226690285,1092.7033287057066,1871.7079216588784
19.1152873,72.8618085,417.04945957186766,3871.4558895242826,1584.9060910663356,2385.788300644209
19.0793369,72.910051,552.1699957914132,4813.962944376374,927.5864203702479,3197.578305789981
19.3643184,73.1757195,15217.49601180442,27542.64679659923,15441.01092693745,25461.279574725966
19.0875,72.8277,1094.8987345773307,4624.521854875387,381.3240774171796,3891.5316601980744
19.1247542,72.9201221,257.16625183518374,726.0815269509005,758.1295731091907,889.5037154777557
19.0712057,73.079077,238.69482516952644,8198.126529091256,743.7731504251051,3812.6758793453514
19.0370909,73.0233188,598.7792089059203,3476.556551653021,888.8339996099378,4106.298683794499
18.5343218,73.9298264,359.170200198886,1868.5487926209237,782.4081163356277,10086.47648032479
18.6022495,73.7644454,977.6664022110405,1954.8677765916423,2055.884252423191,6258.523373265388
18.5806299,73.9833099,103.62837270879486,5951.294820277922,620.2378531931004,2793.310323972714
18.5072618,73.8056676,78.28630053497533,2955.4586465868924,886.2433785593245,2276.0438593519248
18.5586854,73.8954953,367.46971074164003,260.53724445647134,367.2819807872973,9217.99056742859
18.5076459,73.8667489,169.48490073313303,2433.6259986558935,1333.4088463504984,5774.855873591236
18.5981553,73.7977661,7.513447870955749,1808.481859461214,601.187415792529,5559.150130807517
18.5924659,73.7606865,0.0,1680.3093284359943,1157.0413254264686,5375.646075997376
18.5906707,73.8913189,1807.5812602069145,3798.530259534006,1222.2982745107063,10796.377798524994
18.6598134,73.7772821,141.2475201022584,3849.0803990282957,1568.267965887196,2341.6501647948844
18.5775917,73.8533183,1383.831747589611,4909.808095692822,967.2479311577639,7035.693466241282
18.5703877,73.9133336,1164.4666663306887,2522.069673412568,2037.33379419214,10256.349845629864
18.4373984,73.8190432,1886.0664882903973,2261.0121029099296,2457.7553357275224,5303.734426269699
18.7623111,73.8625448,425.66407173343686,15778.320064581896,683.3390361958401,13649.645491108582
18.6403548,73.7917128,160.8799664122011,1230.1923235919455,1888.1957658667495,4859.965434562391
18.5512763,73.9416575,574.2423179831371,492.94411301822157,1118.5111446376789,8051.457195940943
18.5481382,73.9025513,701.4407169610314,1150.0019570376626,555.05024077628,9530.859839146171
18.643269,73.7450557,205.68012548717473,4707.507302345847,415.0969589581292,3266.5370416185765
18.5803749,73.9182265,931.9443082704329,3650.5015423052773,1838.8432487751488,9629.563315532596
18.5204,73.8567,115.74239985729695,2339.0152897368343,133.09193105178855,4398.295822560162
18.6642449,73.8266835,418.63278539549,4421.113716768105,776.7655913708272,7280.274739087744
18.5589937,73.7845232,319.69493084086554,3219.7843184357757,883.0418936195232,1093.638206668733
18.5874457,73.8213076,1098.0219557465562,3889.7193292388006,664.5939061449316,5610.2019687853
18.6210093,73.8501298,137.57994510752474,5394.667079158306,452.11937015637875,10420.831667716162
18.4519302,73.8913901,1.3037143344534088,2141.715579447791,2164.3270547823586,7587.52618653043
18.6227121,73.8738776,65.98502402626652,7657.36789104229,827.3680877634607,12309.154290456565
18.5536672,73.752727,1852.5802835704658,4353.105541228787,341.01410929677826,2039.156572097026
18.5007741,73.9379146,2.4465962515631503,3894.3113390001186,1408.9012706468723,11990.28180444231
18.4644244,73.8323998,865.3279146953818,3916.2790754023595,724.907692623164,7032.024906137901
18.6153997,73.7501907,218.14479002931176,1668.6822214326644,1174.7161172348078,5387.721501580298
19.1430582,73.638586,45773.85309996063,46916.92677202107,44304.88005984097,44628.20701413168
18.4894205,73.821347,660.4724984697966,2100.8641691645007,862.284052381108,4068.1959054238855
18.5209541,73.7780873,728.7349228731821,6129.846664410616,367.0086977026101,1975.1873489474763
18.4820444,73.8001705,177.92805471303197,3898.3174663596456,1393.3733563955445,5096.3376702606
18.4779905,73.8940627,387.2846225528341,1157.0975697242402,3012.674964906438,9843.111761781855
18.5236232,73.9871692,73.489798028987,5989.832160498901,2042.3816765136069,7174.716134520302
18.4834351,74.3621686,22931.080800306023,45390.44978741134,22355.69066297128,33939.02016527476
18.5122093,73.9719339,213.56213971170874,5523.872635852432,2505.5084833816027,8968.188452241999
18.5560689,74.0658057,4112.8234092976745,13559.967871880106,3150.173107343191,6730.265362821563
18.6231854,73.8019932,513.4224308703588,1116.2796359827184,1057.2041811271233,6983.3829533538365
18.6772446,73.8981129,103.84609000182004,11388.347355769509,933.5518679039072,14797.752093625015
18.6668233,73.7020767,1338.28675761258,6582.165554188532,564.536941939473,2827.2319727149816
18.548967,73.9149296,1090.458894886971,1321.1677351140822,228.5051989260606,10724.52590950898
18.5141709,73.9014013,844.1697958237917,897.6884980424679,1395.7838232759684,9161.8885146188
18.4536792,73.8563196,211.5582189062253,4936.726504234324,559.5628857634504,6265.185825757339
18.5696605,73.794051,1168.262329573391,2273.6344966723095,523.7538214866788,2399.124360941415
18.4782576,73.823807,15.19832656505316,3079.271653778783,736.1593894616726,5335.078670650643
18.565532,73.8135828,127.86023510467724,3958.7332029203976,428.27989335520874,3381.464581425516
18.609275,73.7729374,192.3762445268539,1356.6091042955754,991.4604151573045,6816.0631947907705
18.6966651,73.7916232,130.97200742210492,7127.010072837031,1600.9737989989321,4629.364316378539
18.5847495,73.8927069,1137.1870829892673,3131.5696207009037,917.4371769815415,10479.934870320674
18.6486418,73.7647081,267.18501255964435,4152.171926160484,750.2872850511443,2485.741590001432
18.5112818,73.6790069,172.67214837259144,11346.50499870918,1402.5446629422593,8411.651904019345
18.5213749,73.8596235,438.4651257815123,2012.3988148880492,450.7197039537766,4692.067956574141
18.4883683,73.8986672,1004.808236567899,1584.2040657987084,1762.6535126578067,9710.950810259825
18.5618834,73.8101957,355.9421178815805,3973.735141892269,777.4100639932473,2867.2569433250496
18.5820266,73.7689831,789.1619224738697,1753.798741950594,300.71780301242285,3971.910965865314
18.4851264,73.9316774,1768.7806512176292,3763.317224914694,2026.2989582794437,13065.160217287024
18.6382904,73.7461948,432.0943992471144,4153.056793502225,347.03314354602696,3736.636015779459
18.4726271,73.9791077,1931.7112056398712,8338.100954532214,906.7292705835589,10015.938686759797
18.5175599,73.858037,190.77863523480664,2327.2706768257053,300.7746938467108,4588.769654975737
18.4589198,73.8093956,4.863087053675968,1647.3518136017547,2364.26469713659,7436.592312996238
18.7337107,73.6728593,2274.734733032714,1590.0810653699825,1749.6280030723497,2581.3582007740793
18.4490308,73.8528624,97.57607444146943,5471.672114375098,1054.6204932139692,5706.155156443499
18.5386704,73.7952542,1491.6951023652957,5552.727942139025,1612.0675211720836,1505.9863911946038
18.6024826,73.7959899,510.3052057617693,1758.1847322477918,679.8648368279951,5995.71656865186
18.4796701,73.8250995,125.20389634837197,2886.793458322917,871.7508009008891,5205.515587792316
18.5927116,73.8625967,1220.3787871337609,5222.487630493641,832.6119767850331,8975.9589968997
18.5111545,73.9273823,308.02662763235156,2795.508656634261,407.92486036280053,11898.302405543325
18.4880464,73.8937064,558.2145208000383,1755.445041492812,2081.2273709430797,9256.435526961382
18.5268544,73.9000956,1974.2776523011303,1593.82395532781,1739.0877046328121,8937.089898336855
18.4674971,73.825365,620.6394669760892,3504.292372882369,733.3642547603721,6542.329116031997
18.5570956,73.9280864,625.6894476445183,1289.3009970732671,1637.0135134319012,9107.666075471776
19.0931323,73.7526518,36981.548765017935,41775.85512241159,35204.787698304615,38003.10079761182
18.4954862,73.9713563,115.64018662623299,6997.643103974742,1096.0192244339298,10691.214362611921
18.57263,73.87825,7.323179450283333,2456.2174670301843,657.4386705218282,8448.33187697673
18.5920682,73.7576392,14.38940890815351,1358.5974645614817,1335.2596754324543,5475.5038141724335
18.4539864,73.8409138,62.46509610045441,4370.570932215298,1992.5593355647154,6264.411963095217
18.532172,73.8496602,23.971509050604286,3026.747399811313,740.9196570010016,3692.2659273951494
18.5366225,73.8932738,832.2830628296116,1567.4651848649205,599.909217423198,8308.016008886147
18.5258016,73.9920372,201.1353096214628,6339.888253131311,2358.6433980994993,6789.749760053561
18.4311498,73.7181376,1808.7504559449299,8827.6321495855,1714.5409616994355,8301.590051672967
18.4562606,73.7860232,896.0269519469839,1811.357835003955,1678.589991919258,8302.881123383242
18.6428729,73.8780697,46.390935437342065,8238.578559006382,520.8227403039608,13020.897738042871
18.4670411,73.7930648,731.3370043756365,2351.60716743068,2839.002412455916,6918.082161496738
18.5000084,73.7501119,206.50634588267303,7912.028228215504,1252.4486629377564,3873.1902821350914
18.5196867,73.8649373,306.09151065108665,1574.2977231582786,356.5019855373952,5269.841985104
18.4576183,73.8865816,416.696538691849,1932.096503423729,2670.0787419918584,7816.795851773859
18.3647205,73.757511,3239.649442812366,10193.453672561895,336.144966043922,271.3570521980861
18.1546781,74.5832768,56524.5752571341,80154.60315121134,56790.36573384367,63219.572682765465
18.5110983,73.8472978,405.15520837469586,1633.2119433652297,690.3861945627606,3733.5595162131817
18.6393407,73.8057105,168.57271861211268,878.3977804030296,418.1049829206805,6088.893027351279
18.4392428,73.7757659,210.07656248198901,2711.498927800974,1514.5277955710515,8521.575240550603
18.574108,73.8203773,1154.4597434174893,4091.9117014380445,785.5070472098298,4515.684213794521
18.5681753,73.8507787,409.11064146269825,4765.217629147428,520.2052266267623,6034.108786911828
18.4649597,73.8488673,940.2847951748664,4671.205639282975,1271.0402420913892,7449.386679736229
18.5087486,73.8318432,45.58062666289504,518.3347919964725,584.4226713067033,2553.873480043658
18.5635136,73.8118462,123.03121805954622,3968.4545968230404,587.5782255451106,3108.350715199406
18.7828131,74.2966193,26083.73472152733,45882.80411812401,25866.292225123274,37425.41406999546
18.6337128,73.6956843,4193.664093666827,6428.967280388956,1792.5413715789814,3393.020910740064
18.4752329,73.8562486,22.78154183686404,4029.510501393994,205.02333574945322,7065.7697963680375
18.6523154,73.8442032,422.12975504465044,5069.29869390315,706.7468106257124,9308.538971720363
18.7420484,73.6752363,2317.424978287523,2251.4168286803074,1781.362249364616,3534.3468950759993
18.5045098,73.902129,218.37672784254994,192.07412811925053,489.5124314575285,9445.546175025846
18.4945396,73.7214015,619.3382236717817,9844.94096755323,834.2124180132179,5681.265906220319
18.5158926,73.84116,88.18086377654423,1512.9257666638418,770.6411060285345,2926.8626262493403
18.4934732,73.9326269,874.4046539657102,3550.674851621317,1307.5394805329818,12871.401105788877
18.6069696,73.7835393,325.0952927330238,808.9260581963367,1161.0256080318488,6416.799341800449
18.5113537,73.8540109,54.89563864569272,2295.0010942711506,865.3713671955344,4372.621801583269
18.5113684,73.8155321,152.35274511093917,2051.0833145227693,1048.981123675261,1578.2296679621588
18.5107764,73.8502149,378.6114853696324,1898.1113604172342,744.4870663320564,4027.804197063519
18.5192839,73.8524863,226.53025456878845,2597.194102704646,302.0647272714453,3978.1475047281983
18.3689135,73.8134158,2603.74983671597,8793.519273638476,6253.649931584981,4823.855354059348
18.5405933,73.8834394,94.00850194677768,1638.9327441890318,1231.2818671847026,7371.557240265439
18.4656426,73.8176244,87.03689588207531,2775.657439299257,1483.7030712460376,6666.928417654384
18.4938936,73.8676329,206.76301189181214,3579.778916119928,1672.1560823972982,6542.270023439021
18.7425866,73.6366603,4828.24307270786,5346.304432529532,5421.683486871279,4989.1108199538
18.1919971,73.8594505,7108.507546123035,29036.45098561439,10378.975207949394,15589.907765301805
18.7351057,73.6720899,2440.3000497515213,1759.4768777468964,1840.1743578684886,2727.5465765187996
18.4532267,73.8583793,15.213659892517553,4752.744552124252,344.7519979354675,6252.217165284583
18.6279288,73.8009829,256.0409016392597,580.2669614880065,1504.335147246583,6524.691345760971
18.5726091,73.9559404,64.61142761123354,3228.1101022953517,1217.9295553890056,5798.245208640906
18.5024761,73.8017103,501.9181493730921,3361.8416842879724,1122.107830321646,2941.834147435865
18.6491079,74.1935839,11842.386642908075,29184.840793844458,8083.606009308986,20684.304859647214
18.5853217,73.7829378,354.3838238332362,330.62289042662,1503.7047482542598,4019.355530172025
18.2198538,74.4534054,41014.35409589293,64648.848286552915,41274.58963087439,47705.85008569862
18.5183802,73.8302027,6.77621012766237,1596.8701331417597,1651.595819485625,1758.6650609290625
18.6156694,73.765352,18.210215997493208,2049.5681418626705,1098.8592477409943,6096.159061864003
18.5322658,73.9383844,161.7564328548684,1923.1278236657838,1045.5854852741957,9487.327417890452
18.5696611,73.8381029,48.05032400556222,6014.004314764699,959.1775434594653,5459.373279056347
18.5304765,73.9135448,1987.628836857662,1130.8452173977885,1657.5757442927206,10368.225985055165
18.4551685,73.8587833,36.86905782287644,4635.612600651532,346.6867063316443,6472.294015124757
18.6502166,73.7853094,0.6424325026457055,2487.9307457317127,1730.6132592576535,3636.670678344539
18.6568824,73.7751023,92.54890275290906,3763.899756592376,1334.9193378250375,2332.901231713974
18.6641129,73.7868217,6.04777712680624,3736.5416733925863,1746.0623520236297,3122.6478903368156
18.5119944,73.8085172,468.2891222106503,2770.313998981428,1137.7952034976224,1671.2747901827076
18.4955779,73.8146034,172.5069622826132,2222.3348054409134,798.0408848758461,3334.830429664891
18.5220747,73.8652393,243.33461255320827,1428.3873886301333,429.2886207469955,5275.273886571583
18.5090654,73.8168618,115.41395683501749,1833.4409387816,877.8330270025424,1841.1811424783461
18.6214749,73.7824318,685.0029082668261,849.3269818666387,157.68306866767716,5988.357555604635
18.463108,73.9115982,1440.3619306366086,1393.160815158555,2181.323730126909,9918.569214195342
18.4329353,73.841346,232.47478515934537,4618.817310578945,367.7364658002214,3938.014388525464
18.4516288,73.8927589,3.7000882228967606,2114.821424507092,2181.5405060325065,7650.635387693607
18.5101794,73.795932,263.0440878008012,4016.7360878398786,1880.1503052050825,2667.0131480142986
18.4643291,73.824498,430.7226527957733,3212.3517278683325,1024.457734136057,6876.769624648026
18.5077601,73.7880593,24.135824521906343,4809.413663207064,1440.5474639235365,3491.710195860854
18.6317878,73.8030817,4.6962539458068795,305.1590845455714,1138.8947722179414,6387.206525658934
18.5032107,73.8200655,96.11391479675457,1425.5817099703752,818.0295194066073,2534.6365516106507
18.5825533,73.9809035,3.031547871416655,5877.883486586777,393.5011451328845,3020.5832734224273
18.4425944,73.8122914,1802.7657765984975,1371.5438602916513,3246.7338100397997,6187.865786800728
18.5065196,73.7952473,156.94528437421965,4043.7639067339132,1860.0305206471285,2995.2256594538217
18.5072076,73.8077817,89.06215636821496,2733.2660210881722,717.2517112125257,2190.874240730216
18.5075453,73.7810091,69.66231956248573,5549.273689801573,1218.639732009864,3486.9782263924158
18.534898,73.8767171,235.13671030224313,902.077366644942,1525.9944194193474,6553.689951206308
18.6080927,73.8208678,20.981590949226508,3511.7797115941016,551.1486649024312,7474.434348054481
18.4766241,73.8940071,405.0894238393993,1037.5207667855666,3153.146058559467,9920.712473475754
18.8187004,73.5038052,20774.174961216668,21659.72853595567,19985.296150951228,21220.38750131369
18.488353,74.0221934,390.22207138403826,11237.877554847099,1614.4042650648992,8958.599642793943
18.5059863,73.793386,249.41074422099223,4236.779257706569,1951.1635500054979,3177.437483524286
18.5496557,73.9369177,49.333921633922095,48.35356034010735,1086.413255653077,8578.281136031297
18.4602808,73.8519484,640.8569480632337,5179.676241255165,1262.2739810029818,6944.355166025372
18.4877859,73.8575177,89.96780558400754,3130.3880732097523,781.5278896017431,6117.337038722376
18.6691412,73.7511152,486.3371482515418,6570.037021578306,1488.4600173967829,715.8212339860546
18.6852443,73.722612,252.560241231917,5927.115792575091,960.1704091820915,1922.2120294997383
18.5000153,73.513737,4990.59927118451,26417.370919717756,7333.3504100827395,22817.824521254435
18.4817599,73.8561387,290.0458140958361,3464.858467880781,758.8765670688408,6498.323947985625
18.5180975,73.9073985,1299.0888073589417,1476.0723614565059,1739.3565438163191,9741.555510863407
18.4654198,73.850152,795.4528066690079,4672.366818742792,1168.3401403369905,7504.648961241908
18.5541388,73.8070404,363.19618399086386,4452.744550051838,512.693600076949,2236.7349402994178
18.8250074,74.3745183,35372.1483243719,55304.88538648316,35048.05626467694,46827.678158187446
18.4652848,73.8550257,293.65330512549633,4777.728509026016,1100.7139422724738,7527.482741415389
18.452592,73.8833497,26.233207777898716,2567.0381073961603,2142.5694336222764,7162.178844546726
18.4463007,73.7888904,16.741540662140565,1189.1646604323876,2015.5029852791665,8179.533996289326
18.539366,73.8782661,401.4776846089129,1392.2498857864555,1366.9074755510107,6809.4358460352105
18.4745314,73.8567338,74.17458557406393,4122.657056154479,265.4108840278508,7158.793960966318
18.6349426,73.8491402,387.64783646769945,5123.027030989418,1136.808267234028,10379.525880340781
18.5025633,73.7972047,586.9297711430659,3835.60353838108,1597.2678081418212,3193.1068043969954
18.4900796,73.8475301,1049.79498499824,2169.01406792696,394.05382444681254,5204.410810537598
18.5579177,73.7659639,380.30013738276807,3863.92597671557,1715.2203055588027,1956.8733687592965
18.4578364,73.8547476,356.8269399094953,4953.417723153505,864.8387819180572,6701.177162325715
18.6026961,73.7646584,925.0622736225597,1981.5219819977792,2102.4636167693243,6299.715750281252
18.5063001,73.9082484,2.937079634463011,721.1937464268478,472.65828208080836,10027.470283494244
18.4807319,73.8470406,1071.131141116279,2989.762398163021,985.3702027033922,6001.733970782958
18.4358283,73.8963635,123.24450183291951,3744.934453513971,1216.4090225022624,6666.922149631797
18.5453931,73.8221682,81.90515606127987,4716.220019838706,465.6066995430696,2319.7728244504315
18.5511317,73.7981099,417.8942862374152,4341.355953575599,606.1342131341661,1246.6445274413834
18.5522541,73.7975149,303.70037275905065,4202.829416562351,689.5948677221932,1212.1690260650485
18.570425,73.7684672,292.04854449393156,2572.78243653555,1069.0129964243724,2815.249184097184
18.4539472,73.8654247,606.320696681336,4039.3809444888993,402.7408704363253,6508.66883962336
18.5524922,73.8130384,398.10302905383594,4965.252992400121,990.7720415164654,2826.108704594619
18.554654,73.8093996,613.1390698030144,4543.99232856231,734.8968417790588,2491.9174603789156
18.5553733,73.816335,416.38418476724877,4944.51030861457,1417.3949248254473,3222.509610944409
18.5845974,73.7857185,373.3599771887845,397.6280468788137,1403.530704650618,3922.5789095502137
18.5534181,73.7890418,613.9565297559901,3870.7159956473683,1084.9104743930338,531.2503447396036
18.6067469,73.7591649,280.1195793886899,1535.2383846620385,1706.3627982719802,6180.401480044166
18.5325915,73.8513115,137.80835998802837,2866.2294344196043,623.7839013387264,3872.17708135831
18.5083436,73.7875678,101.46026656033538,4866.535282506232,1357.7833332503935,3498.5995802508905
18.5155793,73.8510765,287.3104148679978,2230.8662397136195,342.658415456033,3927.907380729204
18.5025763,73.8163545,171.29365367154622,1822.0061512863679,422.4089752742729,2557.9720518002177
18.4953587,73.811635,258.5975508121617,2516.8237018507816,789.8932179203692,3380.9527866449816
18.5086948,73.7633261,585.3978075372885,7418.194689610874,1808.3111543516914,3007.4114167458333
18.4467271,73.8807158,430.85709597349165,3240.5460713887123,1553.3874794282497,6462.895883850954
18.6128437,73.763069,34.11920521703642,2237.659944617489,1225.247754581164,6382.612356222038
18.5314302,73.8374513,407.14920308834894,3037.235626557306,527.1611021859059,2420.7904649677794
18.5119748,73.8316078,281.3663762584755,869.5566253231198,926.6806823147205,2285.584403029118
18.5242717,73.6155138,113.27944896495406,15570.264513037144,690.3556961627628,12577.597505683949
18.551815,73.951153,1566.2738049496907,1476.2076220123809,949.1003038041677,7146.772074017385
18.5271719,73.8729107,468.0340373025594,518.299614313082,657.4367513333235,6072.394622428219
18.5404184,73.9317499,382.7892347261341,1173.3747703168756,183.16209040577368,9552.651608260667
18.5896553,73.7875034,6.54089842222743,377.61295764928065,1008.1899684986496,4485.663030158111
18.4960605,73.9191747,906.6568720434485,2112.548820754387,801.6757754417362,11429.315795231574
18.5726953,74.0219361,1351.7891518767392,9280.024113697464,1902.3789968138224,1862.6860818791627
18.5476545,73.8196771,394.03720494095063,5029.732776081376,685.6086261223215,2498.9047401926164
18.5711945,73.8833816,222.7371165097369,1987.7872710570452,664.4655885842293,8786.191194348416
18.4516863,73.8927611,2.781274104048816,2108.7906556185435,2187.5688901963235,7655.766450239149
18.5707189,73.7743082,489.6683499722206,2191.6976180998377,1164.9459286485012,2601.694492092962
18.5635538,73.7828703,87.12934026484471,2717.5202408222435,793.2588489372428,1626.0020705314193
18.5004949,73.8529037,99.31201054296513,2087.8928390071005,82.85238825107074,4843.065113469516
18.4360932,73.8415744,507.43157785808205,4535.33014893575,76.88768916374394,4281.458147707675
18.5109073,73.8851018,490.3131193285202,1801.0566782510466,1637.420695861642,7533.746692274751
18.6116702,73.7156487,1660.0576554369752,3408.526072274884,972.5481683960924,1823.0644611019654
18.6285864,73.8228412,861.9768260476204,2401.8681997960907,1879.1892910342629,8253.991115635374
18.5595847,73.7736621,434.81320635173745,3351.153288792037,1682.7145222174108,1500.3662617472353
18.582591,73.9702664,726.3398528388508,5054.147926355357,628.9360728250196,4139.195770011468
18.4801832,73.8087201,226.88971217022623,3752.0526981962657,869.7487749611089,5093.803436204185
18.5113589,73.8576197,348.66222700092914,2656.3731890219797,874.1254117081031,4729.229464627964
18.5938423,73.9071203,989.2733744583848,4352.683454617461,1032.7279608030406,10837.383153895595
18.6195037,73.6984219,3051.882036556153,5416.882575225243,1390.2359193405277,1788.0227099751603
18.6142061,73.8161931,33.75460766118482,2672.7110067637072,1091.4207430048766,7866.3578021203475
18.5746155,73.7092529,583.5499307898004,4215.019318158334,1561.768640559437,3344.6020250220963
18.465875,73.8538299,423.1666217939433,4785.956995530646,1033.6879437773644,7580.319520345754
18.5216239,73.8717527,109.56437625299358,864.044295952284,258.34509961385294,5963.843057414322
18.5841767,73.8144984,1431.903958780263,3199.3198399085127,989.9188736378156,4874.8747149835635
18.5562781,73.8944124,449.92728808007627,40.27188074662031,506.4179534961795,9008.648610868777
18.5661261,73.7899844,697.1576586572934,2496.908688424744,85.17199964279615,1904.9656066135678
18.576661,73.818573,1185.2569336186152,3813.713304784289,671.739873616843,4551.000566273474
18.570778,73.9038798,476.0484713841746,1868.8545708373472,1522.106688106773,10601.81012907415
18.4875017,73.8745415,411.1431118465906,3192.311623520806,2510.6593386298086,7541.696514267744
18.5367118,73.9461812,1109.7909755199726,1702.310949043953,810.3097335785229,8535.629244457008
18.7620969,73.594046,9429.623787850745,10328.505338217738,9037.339733745175,9828.289647984724
18.6145958,73.8156786,18.577449115115652,2605.21814723906,1141.464647296696,7884.762216703996
18.5047565,73.8461351,132.69571141489695,1329.8937617070092,623.294984723681,3986.7345192524867
18.5762113,73.7797577,1231.5160324546393,1394.137725649799,748.2818628956004,3071.1779796134356
18.6315095,73.7975794,190.93687366528656,361.84710990084636,1432.6437971868293,5989.244500215271
18.6450834,73.7697721,572.4397756126557,3505.235854010916,1345.5190841296596,3045.2601252313953
19.9730032,73.8170492,132913.88422982072,139676.37877910375,131303.35327694807,136069.56164108784
18.5154218,73.8647366,404.70445005351627,1875.3697953966355,593.7962953204861,5328.7372795134
18.6751368,73.7903647,397.42930697269566,4792.595113412652,2153.881754837209,3472.4135595141893
18.5004864,73.8202833,329.8337285839697,1462.0174377547244,863.8464489265224,2836.4120562955763
18.6235219,73.7158999,2863.177034456489,4041.0354977159927,1974.0590798691073,2742.632925349655
18.5248517,73.876534,514.1580706718962,260.270496938756,457.8806890345358,6452.289809941204
18.5123544,73.8570331,339.17611892128224,2632.5226644331397,752.4862750167256,4634.710857971585
18.6085742,73.9111294,2030.1977067766177,6041.990853849588,406.0289920200862,10703.203658872397
18.7208189,73.7660439,97.41665620234605,8735.274120318763,1449.230949571908,4872.154335247522
18.695989,74.1369009,6984.497304055194,26595.39938788881,8946.154098597088,18267.32025690664
18.5751219,73.7430597,1501.8923746614653,1893.82457091017,173.33160771173314,4605.761053194554
18.4120515,73.8992068,625.2832303836917,6368.448450466412,1189.9541455564208,5690.451687139571
18.6607674,73.7778262,178.35961483565723,3895.925952984689,1618.9461146302708,2343.405854126738
18.4644587,73.8157646,16.0025313058355,2547.631120300591,1617.376566322172,6794.368336916831
18.5816816,73.8326689,184.83250713652387,5134.348951681183,762.7372214928994,6057.2203419916705
18.5938257,73.7927638,414.10926282386475,1096.792657696861,426.933304404834,4992.704245178814
18.4952174,73.8662236,337.8384933095415,3594.626067484885,1473.50572290389,6337.938450608814
18.4854423,73.8512225,659.1008646804563,2812.585146654006,644.5974077643167,5849.4009948729545
18.4933317,73.8711103,227.52840213253268,3247.1516156804096,2029.254581489918,6886.454256640777
18.4610069,73.8580973,97.96018080993787,4528.0375289641515,903.7050828204704,7099.2349974747085
18.5080208,73.8501091,389.9578816186206,1794.7383128779352,637.0830952716627,4152.448010820107
18.5026113,73.8734318,99.87739639548732,2734.8339240730384,1958.7285286534668,6635.446603430791
18.4812253,73.8600329,376.9013173839253,3799.27770430218,905.3150978341749,6820.010329632213
18.4930978,73.853733,419.98732085771513,2471.803635460856,349.49465158016665,5423.822594148717
18.5432281,73.7875039,879.750472087417,4983.530443214768,672.2096426861707,687.4516630331643
18.5516855,73.8952195,187.9439951538928,557.8048765029912,432.6596080808175,8908.18265049044
18.4508912,73.8270567,333.6019336077847,2872.09990300848,2266.6458529576994,6260.767912657431
18.8633921,73.6574829,14840.071509350812,15817.123743918979,14842.328287622577,14752.998402501875
18.4880073,73.9334953,1395.7845215229202,3851.341436884867,1837.7977312720468,13139.923077923086
18.50643,73.8785414,0.5301474563089943,2272.1692622036157,1725.0757256529587,6995.105682777383
19.1202895,73.9732877,39605.60607611945,53672.50463309707,37967.45114145724,48115.93747645512
18.5588259,73.8057142,715.75327778762,3941.074249557621,928.4184755348347,2290.0782980160925
18.5930207,73.77287,72.60101207553949,1340.1285570990058,1190.2827074236793,5050.669492522053
18.5902997,73.7734193,3.2073713649279174,1186.9658348298765,985.4827136063459,4742.627441735441
18.7428521,73.4253207,25160.071741193064,27236.57334404792,21932.31290554571,26008.80104569067
18.5688477,73.8836992,464.11606998015867,1760.1220200730409,927.4243888959386,8665.974524005323
18.5400691,73.8346416,159.93825471565324,3971.289869160867,1185.8399781889282,2596.791250413728
18.481662,73.9333845,1889.314508426195,3766.6215244003733,2451.4660305023012,12997.763361603704
18.5213738,73.8545071,64.14604009322653,2531.8389376747846,218.70236312421517,4155.642569247473
18.5946327,74.032192,165.46398543554292,11183.32244784028,2489.3323904146478,2641.5421479760666
18.4694413,73.8312361,1078.2922026719532,3891.4178940280594,158.82969200944126,6461.3796337786725
18.7536353,74.2445791,19934.25104289979,39531.09973921647,19786.55077137779,31092.13692791615
18.6006921,73.7390408,481.3094286237381,728.3709502420691,847.9682523294276,4062.0650675555808
18.3444347,74.0295234,162.40179077710468,19473.430622813292,640.4409805265456,7800.24682569688
18.6312428,73.7754879,3.424183700683967,2135.3524343830995,666.4870034145715,4696.4377929711345
19.3555262,73.8309359,64261.99052534939,72003.64675011698,62659.32620274339,67904.47144306095
18.8496805,73.8034486,10349.334595227414,18923.63191741809,7612.643866247804,13143.152151525293
18.6788722,73.6868794,1227.2344800009225,4948.50631234991,506.9186835884946,2471.7417764373954
19.2006808,73.976819,48333.70216584317,61419.27948179239,46688.69128737182,56089.77412639434
18.6144701,73.8157149,14.630985768402049,2618.6217488143857,1127.0701039851508,7873.397929562056
18.8555378,73.8863954,8796.175828948511,25966.509357778184,7151.086987147119,19808.090585441627
18.585783,74.078205,5112.961216817303,15383.722735937237,5039.434166774711,7244.313585873477
18.703448,73.680582,948.6401869733364,2216.449762403448,1568.0162728096861,1377.4931595315927
18.4546606,73.7964817,16.28717119213751,936.6021253081661,2729.704048002142,8130.6988940483725
18.6771153,73.8226576,592.4559764252941,5416.741460752291,1275.0167581861942,6872.73477632465
18.4932971,73.8691437,159.0948196031383,3445.7436041551377,1844.1270975176142,6712.304712040801
18.7669374,73.5524324,13302.110902789185,14595.448891681863,12315.46910360995,13866.77156241955
18.5188864,73.8729217,316.73040049091077,1025.09109489073,308.3587892976849,6116.249566644783
18.6482986,73.6488247,6230.395802396415,9082.448620550165,2949.617693459525,7282.555268031255
18.7610989,74.209529,16619.86213992868,37089.364037472325,18391.605968345706,28798.20310976928
18.671332,73.891951,46.45816233964023,10524.132583493058,667.8527282700848,14127.876337207097
18.48159,73.810947,267.02671718671996,3476.6770267914003,656.0022480692774,4911.2092879885795
18.5936875,74.0132518,1844.4420154358615,9386.064922249556,2486.3516142767285,1087.7417389978189
18.491412,73.9491227,319.70538721702707,5289.434204047347,1444.24250177986,12158.181486740754
18.6308141,73.8358906,393.2984421450187,3731.9638652695503,1483.5424424044397,9307.259401261466
18.6676999,74.1527672,7506.1085802862835,26228.711376506195,6413.862961190261,17702.324531204686
18.5350478,73.9458793,1006.5747128012874,1844.316301733913,996.4584974438594,8676.813372130591
18.500126,73.8047754,771.5963645877506,3068.5600312530473,838.9617770641852,3039.6931925600775
18.566766,73.8116529,28.212585933577017,3714.36280928104,225.62073468402872,3290.094786081832
28.54556084,77.25434875,202.59015177390393,1857.334681723111,712.4366398009635,11356.729761873694
28.64325905,77.13282776,506.01229248326547,1194.605818716343,1634.44436209718,3117.5176591515947
28.61867714,77.05335236,1541.0696595750107,7359.611561796178,1300.4119895737222,7680.491615280233
28.71289825,77.18000031,46.27032230375978,3822.909703196462,1044.3394526518753,4673.913659191315
28.72353935,77.13142395,237.2021831952473,2750.820894536824,601.4572112808663,8591.072937526003
28.48815346,77.15697479,1316.3354327751344,5422.651901975043,512.6458824617971,14340.665621363634
28.63550949,77.26966095,61.00647636584169,5541.220641770908,198.60546323197698,5792.980707248399
28.64163971,77.2840271,644.139155463159,5321.394426034412,1560.5914728783744,4660.000501782183
28.62119293,77.09102631,931.7227819238624,4516.423361559782,2480.106088956485,4048.0891234282885
28.69610023,77.12569427,432.3195815495575,4689.671502069056,1402.5698884976928,7588.438562196647
28.70855713,77.32802582,1199.6878231936287,4118.3095008536675,169.8912090752373,9314.430957655459
28.60726929,77.08944702,514.1323898695999,5201.311785787995,1114.3656796541475,4241.391451972627
28.53482056,77.25739288,1413.6561708676738,2637.88029691646,1942.7937451813661,12135.787744358084
28.65725327,77.09198761,665.3607903116199,3169.905229516531,495.9108245399912,6085.501074617601
28.68910408,77.20041656,1150.635825400015,3416.7864742480037,564.8598796917568,1626.7812271865403
28.54009819,77.14507294,797.8345870264304,4428.460307458187,572.1287685699933,8452.520897223018
28.56477928,77.19426727,513.0306532385366,1699.9096102738704,1574.6657852726837,8276.989702592033
28.52409363,77.14785004,505.57680326203393,3818.6588354783275,1078.7235179846991,10252.706178167899
28.62412453,77.08145905,712.9538238305503,5018.474320389547,1576.2961659060093,5025.48263619991
28.54715157,77.20805359,410.6306053860733,678.7574156414724,1891.1498665185693,10608.861987386537
28.65497208,77.13210297,518.3688779262313,998.6190560131065,862.7228774960216,4418.768655102135
28.64152908,77.12091064,694.4106605542534,992.3756428199914,1785.8718992470901,3115.7676516754063
28.70121956,77.15703583,181.94863354062423,3286.635023355085,1875.9443984549382,5096.612556907348
28.55844879,77.20293427,368.83695940724255,717.4757957115577,1424.2781314847318,9376.603299679839
28.52632713,77.15073395,145.55002801037404,4161.429016896894,784.0839403396641,10054.86618084543
28.70457268,77.20771027,712.1143251664458,5039.17878726524,1331.3510151209491,3439.157113557956
28.63766098,77.11206818,1657.4742316497645,1780.2875060650179,2169.731214725645,3159.2048399596424
28.45732117,77.10906219,602.31257644331,1401.655291219234,174.2969409437359,17700.67434769018
28.65369034,77.16915894,1386.316867335409,2167.5778963090843,938.0528718454791,3756.030455387473
28.54262161,77.29563904,1260.206617977657,4035.981975277656,478.5735644107447,9659.669870843896
28.62621689,77.03955078,2695.519996270536,8385.644531591837,1240.3214419515912,9100.135796692057
28.64315033,77.32295227,1111.2688764976988,4638.114241064812,1101.3113782825899,2094.406714398248
28.65982056,77.30496979,1420.3337600563789,3470.9624335700883,1124.8296334112524,4484.67683986682
28.60392189,77.05311584,1830.9565922858399,5725.638352076996,1628.4495773318897,7796.690612650026
28.59152603,77.06760406,546.9608662545747,4416.916682892326,768.936358378836,6811.419800812864
28.52589035,77.15148926,168.0445749078001,4216.751392915178,707.7595064182012,10116.283012646085
21.2108593,72.77133179,910452.2891552194,911216.6138752918,910572.0031117005,933165.4497451766
28.53616524,77.19776154,26.149293772138506,1866.1212095687163,1034.5732637062756,10890.942824279133
28.67094231,77.10485077,861.0772108471666,2937.7111350607083,898.3738525560786,6735.000130511662
28.62147713,77.05033112,1703.7889971113327,7694.811257287405,1092.6625491010002,7995.939523497336
28.49751854,77.17887115,961.1891402276211,6538.97549785683,628.0703147484313,13868.693073083241
28.61945724,77.05670929,1211.0003387208956,7354.9605900553315,1204.5537773925619,7358.2422490108265
28.64922142,77.13320923,702.1168283762925,957.6628880705108,1415.2172467170567,3781.3287746505634
28.61963081,77.30245972,274.7153845318036,3148.046790314702,526.716097407933,2533.9130477084186
28.62810516,77.14019012,679.2017624200091,2947.3643608076695,355.68162841076975,1642.3140728799424
28.53398132,77.24250031,924.6471396847485,1795.531736764006,1874.1629029269911,13086.186536059056
28.53881073,77.2489624,676.7197815178671,1717.858096184288,1497.8731302154347,12271.202988915287
28.55895805,77.20407867,244.02403991637067,767.8769525984513,1326.961231264396,9421.792336833267
28.57611275,77.04671478,1920.0183306015667,2848.126165434187,1046.4206494040902,9389.028581681583
28.56313705,77.05447388,441.91072015406985,1228.2523163843568,584.9243912734438,9526.967479621817
28.58728218,77.06472778,1083.1338789662525,3901.767306008112,781.574916378466,7260.426494026505
28.56769562,77.24327087,290.12911390268926,2205.409315293229,947.2125078454645,10407.922546576077
28.64249039,77.13269806,442.44873046616414,1242.0800298503948,1548.3531522492165,3031.744791906939
28.5687809,77.23298645,351.08018339733553,2216.2164816764616,780.0350605454897,11136.123243099237
28.58725357,77.03544617,2612.9439657391254,4453.329453072183,1234.4995053106418,9920.675309855733
28.49046516,77.17954254,1703.8974866531914,7250.457861714498,912.951278201894,14631.969647846092
28.52456093,77.14914703,389.63287601861083,3954.8491824725643,945.5013190319615,10221.405896773907
28.61807823,77.04087067,2697.1065746005606,7474.800848855119,434.20249749554046,8894.948212287769
28.66526985,77.0896225,254.96016273141612,3703.6129302300938,957.9607927962867,6928.910001138745
28.56251144,77.05653381,419.1368197907703,1112.610188393689,747.2112650271586,9411.28361991999
28.56470108,77.19415283,522.144314093713,1698.924476863771,1588.2626002205113,8274.681852465168
28.57617188,77.04163361,1799.9621557304367,3085.98306709827,815.2213326600156,9828.431441837582
28.56038666,77.21283722,572.6708903933251,1272.0920694518425,1056.5324938130364,9979.229436763058
28.55782318,77.05976868,520.3603874804553,592.2415087733687,704.8652740096153,9508.288303050364
28.53419876,77.21559143,963.3120169520358,2289.787434424278,783.5648651722892,12162.234455749069
28.53511238,77.26423645,1569.195872682585,3183.046673396674,1901.1098568034022,11742.839969232957
28.60261345,77.03928375,2950.2113064968034,5861.594823784878,525.614253010757,9153.098111270712
28.57727623,77.16886139,686.2949486175901,3259.216341062933,805.6430574119502,5550.520339118617
28.69649315,77.13860321,1105.135965137816,3945.6545735587297,2101.3495330369715,6422.871071091667
28.57302666,77.23272705,742.2252754385242,2688.1001248949037,465.82680595152533,10902.109781736028
28.55642891,77.06002045,603.6561524856971,450.8627783209956,649.6466258462642,9595.09240329789
28.5332737,77.20761871,1040.1928826999265,2119.402852308082,1542.4804293496197,11733.346925804724
28.71339226,77.15860748,1337.9099541861951,2832.876143657057,1977.8513002325783,5882.470796450788
28.72143745,77.08004761,3086.8678449704016,7444.628830167102,758.9295143681065,12765.378876401435
28.61864662,77.05206299,1656.1047830434209,7365.70180793815,1329.0555995943275,7806.030339323234
28.65784264,77.14247131,1206.5082450032096,346.79376806458464,958.160568572849,4848.15183129897
28.49189186,77.30693817,526.3720227338181,1398.6393678723528,1598.8260224910966,14916.76633776983
28.57368088,77.24310303,931.0925357464802,2837.3182512693843,404.02233117284726,10029.155117929824
28.70743752,77.11759949,1018.6582565484808,4945.657039067801,409.95677279817295,8787.186558265703
28.6183033,77.0569458,1260.5051690680648,7302.984145067804,1334.6111736965725,7328.146696435502
28.56225395,77.0428772,420.8731725665704,1853.7704200133426,1093.087618849358,10503.372517281368
28.63875389,77.07380676,759.5265965094601,5008.494051259714,504.68201226867666,6247.579947200225
28.49543762,77.16177368,659.6827090795719,5459.229903105214,447.91837697007367,13635.673902586059
28.58954048,77.04999542,2204.510767694762,4184.295023213613,2241.6701645303183,8494.563338533206
28.71587372,77.19107056,977.5864157197208,4416.3753719999995,504.9459313432735,4673.533020004341
28.66576004,77.15023041,753.1313975411169,967.2657057265463,52.13339658659329,4902.654310137663
28.55321121,77.17448425,309.63104990001176,2877.221297329756,566.8258373202617,8051.085163886238
28.60112762,77.07874298,383.95353610507476,5746.677374021883,785.6537549806443,5424.663186503288
28.55195999,77.23581696,1175.6618212759872,329.52117798796735,1387.0990626994003,12089.195081347789
28.54306221,77.21394348,121.8393421638523,1399.8372013149335,1490.2130494355006,11336.73071152955
28.60093117,77.03224945,2248.5248008552253,5945.435069381129,745.8745549422229,9860.73767215774
28.59317017,77.0355072,2576.626732500577,5030.168431096104,1268.0209173348524,9728.39695612365
28.58750153,77.06712341,930.0727937291398,3969.5046058216335,557.3603401573602,7039.049054510677
28.60982704,77.10020447,238.96345633668284,4445.877424649515,1736.5824348368308,3155.558116575574
28.62897873,77.08043671,166.32236022963127,4814.247410105283,1133.490443270991,5254.16602719779
28.61527824,77.07889557,442.27932819750555,5827.962777129974,1976.3334353745013,5177.715217759141
28.52850342,77.25166321,1834.3435048637805,2759.042604151105,1920.598872737602,13031.83070740944
28.60906982,77.08935547,352.16635656343874,5301.182493868642,1314.717590781063,4212.9334580819195
28.60993385,77.09203339,144.1393132357567,5120.72618701515,1429.365042475872,3939.70930215587
28.61255646,77.08008575,420.55231493286016,5950.530329917594,1755.840270654063,5070.346163688443
28.60668373,77.0828476,344.16235762635233,5759.852166948313,1242.0997866575165,4885.528552075882
28.60990334,77.07619476,304.23668875164327,6428.307340932717,1323.3234037853485,5473.667765546886
28.60354996,77.08726501,498.3531227547537,5229.105987693091,738.5816622282898,4550.383748973657
28.61173439,77.08657074,112.63076353509722,5587.887600276758,1638.6560513582306,4445.648634556952
28.61802292,77.07226562,358.3931995371544,6142.972388923903,1884.5372996988142,5833.059458695438
28.60977364,77.0915451,172.62849596341255,5152.830109412537,1404.7523992335828,3989.519155323935
28.58540726,77.04299927,2835.5073389780164,3941.289103171966,1567.7492719193153,9294.72657554138
28.57053947,77.07099152,2040.3964124765992,2340.6692347199614,954.8189241346975,7752.867947940257
28.56310081,77.05092621,563.675705250904,1372.5118740890764,547.702753222914,9806.60778008928
28.59773827,77.0566864,1407.2575181684897,5017.6437016226755,1414.525431125966,7599.445982236917
28.60176086,77.04917145,2154.951693409712,5535.75763647253,1360.623357108114,8217.4031650474
28.68982697,77.19462585,1308.730673576011,2997.6778402616396,481.3286198197466,1769.320398119019
28.57625961,77.04273224,1826.117264868369,3038.907469581022,920.6206039074141,9727.975654290627
28.51709366,77.15979767,106.34660075459996,4843.748267867829,660.6884387075451,11246.6762264588
28.52384567,77.16378784,650.6515744316991,5020.1348846313185,536.9405755068459,10627.172395809133
28.53014183,77.15651703,537.7859525475806,4836.420334196392,535.3011180394255,9761.42122030942
28.52645111,77.15715027,255.3643877772119,4764.318495242396,173.63391139250103,10174.509292631452
28.55016518,77.19645691,474.61846065409225,757.9337107501752,1517.302444213683,9593.535695757715
28.55907249,77.20407104,240.53434720453683,780.5842287613049,1315.4935425723052,9412.785368244526
28.55068588,77.20052338,317.5457735022385,364.34656094941516,1814.2802201557936,9816.39943697053
28.54448891,77.2288208,290.0573433027089,841.4970270816916,1431.189978631592,12303.447979198763
28.53393173,77.20658875,922.03422447348,2031.9730160620543,1648.2310416313394,11613.196541381545
28.55550957,77.20198822,393.5937305136192,427.77555748463857,1759.8099298307025,9533.308820720853
28.69317627,77.13703156,1291.7226794057192,3847.285650172589,2243.1851350394872,6436.677326830381
28.69420052,77.1365509,1171.117561435104,3950.3855265225866,2127.4102324867185,6518.439131366769
28.6989975,77.1384201,900.0537949623207,4142.100673980225,1925.7246822577313,6550.164874675147
28.69488335,77.11443329,211.6152439608517,5049.211296847559,581.0477679681352,8600.831344389213
28.57263374,77.23251343,755.9919161922238,2647.079116921629,504.376423429638,10902.217054941659
28.57698059,77.23122406,287.4507586244937,3142.704349577284,535.2913850322064,10585.489692837195
28.5669384,77.23937225,221.7286702844837,2026.2497840295396,906.6376792218375,10762.191427517815
28.54150009,77.21615601,149.8811457280439,1675.4835586125052,1221.5978934900577,11612.372227711588
28.6752224,77.18372345,1339.5914249670975,1312.1537318244546,522.7658685432566,1539.832560462857
28.58775711,77.21530914,1170.1283916715788,4123.051633809449,419.39046706547487,8693.639107894582
28.56001091,77.20487976,153.20010065621503,889.8031061495775,1189.2216385327993,9403.520475848281
28.59951973,77.23078156,1404.085186109431,5638.668114943665,1011.0424567966953,8878.931908507437
28.56495285,77.15753937,543.2057011400314,3111.953194363127,1506.5200402890632,6124.245022532215
28.56525612,77.22035217,415.28851278476736,2175.5108580032947,621.3206089044961,10266.462085765837
28.57889748,77.1645813,744.9024076263237,2806.0928203943863,907.2201199529022,5145.953240998483
28.55054855,77.20048523,314.25250122823627,374.3109508197202,1800.7089934437208,9825.035027928487
28.54725456,77.20079803,241.49394142502408,614.2999306335165,1583.5445028313638,10116.601610804635
28.55545235,77.20214081,378.50002901406924,415.645695581771,1759.6917608171834,9548.433468393892
28.55719376,77.21904755,1210.5421602727888,1584.8232030451468,411.8609704082876,10676.637498084308
28.55607414,77.25844574,687.9016701887056,2353.1438934434273,719.8671502300133,10206.148964719912
28.55988312,77.15867615,969.0677705730596,3626.911327569767,968.6584228026879,6685.447913420786
28.55721092,77.21279144,599.9415431797221,1039.605227126864,1020.2399942023383,10195.499615176579
28.62089157,77.0579834,1026.854511517532,7171.2233072078,1068.2113070677722,7246.186543119122
28.63225746,77.07910919,195.1801451733795,4764.002366820785,844.5041441688747,5492.933636748473
28.65216827,77.12533569,32.28690219186336,288.19920279375685,853.7617001420291,4157.222926227648
28.67461967,77.18017578,1158.723660863088,959.6745104933774,633.7441133005492,1883.8750426516692
28.5278244,77.26459503,2102.0527595096564,3417.0631649702127,1532.1989163767082,12421.054754447581
28.67521095,77.18369293,1337.1203256689428,1308.999156434939,523.4942512568578,1542.7399725673902
28.55524445,77.20317078,278.16751729711956,362.10367818758357,1744.1396964745657,9636.874840046312
28.54109573,77.20200348,268.270762406699,1232.685338947937,1422.913714633773,10712.945218058001
28.64817238,77.14144897,1429.584817374328,1168.4211670766213,1802.648284468471,3778.4241156305457
28.6476841,77.1100769,1503.6259638779252,1334.3905822576203,1505.0793406637447,4191.991695722551
28.71312141,77.14027405,225.1709177427892,3120.595571092717,1059.5186432092587,7197.36399926131
28.60425758,77.04748535,2370.3676400948593,5837.619454498102,1116.2383351193662,8334.040791942843
28.6918602,77.20270538,791.4004886407411,3769.5281050455023,939.1648728707218,1956.0921373415476
28.59359932,77.03804016,2822.1239709503334,4969.015173357617,1453.1027236477792,9477.074694649304
28.57741356,77.04174805,1938.3526763499406,3198.2013996318274,877.620126919666,9758.070344044278
28.60169601,77.05503082,1589.2929549339135,5464.7989127660385,1601.692199588958,7657.127465587599
28.59312439,77.03543091,2569.42246069375,5028.923936536861,1259.3881204095608,9736.890123832467
28.60041809,77.0395813,2960.2637141500686,5621.152389763654,754.2115972614419,9165.206378399911
28.60118866,77.04846954,2215.037757906051,5484.66812228183,1325.490156761866,8296.547092902858
28.58784485,77.06393433,1088.8008803976234,3952.1785252135187,869.133332746032,7304.1830843173175
28.52662086,77.20433044,708.5522773739044,2828.318981858628,1487.4619815256408,12126.934291725178
28.59712982,77.06673431,469.3458227638128,5014.028916534249,469.61325370848897,6676.083445268359
28.58349419,77.07210541,1203.9931109734023,3683.484658781705,306.251123670984,6824.7737663227535
28.6984024,77.13158417,525.0770339947352,4616.3225967340395,1455.858554617184,7137.0537309688425
28.66133118,77.08425903,771.3965381788554,4020.880637386034,587.0378959711362,6922.861682395898
28.6384964,77.11772156,1110.8997106078396,1413.4799828549108,1757.34748924044,2935.420017662696
28.63847351,77.11963654,927.7430652445915,1352.9046513400124,1614.2390760331152,2849.517139380361
28.63596725,77.11472321,1464.5845088005178,1794.476820090641,1853.3511894865887,2852.8472100792324
28.64076233,77.12059021,758.5643668325721,1082.7832373507952,1737.367293314645,3047.1306111724875
28.63963509,77.11040497,1733.9160248654077,1730.3122238130666,2400.286919295063,3432.134256322277
28.63544846,77.11630249,1337.6912655959402,1779.5469122811796,1689.68805266778,2716.952128778854
28.64187241,77.12238312,547.2735069182029,928.547907191189,1737.0082804199735,3105.477553229315
28.64909935,77.10723877,1771.4771389579012,1586.8591219262794,1376.093185096155,4471.233667299687
28.63832474,77.11412811,1444.0935118660575,1601.0029027896321,2032.2485556132253,3100.7561634854715
28.64156151,77.12093353,690.9839741381161,988.3262197262483,1787.4576734335787,3118.381655598786
28.65696335,77.12290955,410.6162474752679,757.2691767339527,392.032249498601,4723.090375407045
28.63851166,77.11851501,1034.3510906751112,1383.0675797539916,1698.8042642787777,2901.1282644804555
28.63717842,77.11147308,1732.8342164864039,1858.497473316141,2197.4791772455687,3153.492319015587
28.63756752,77.11242676,1630.2028622585676,1766.8899992273325,2133.9275648001158,3129.58857837939
28.64235115,77.12369537,408.66445631144234,869.7219610848327,1720.311821496068,3120.8483558726375
28.64907837,77.27445221,576.7789143871997,4760.259495549814,1021.203995298429,5860.446904687672
28.64968681,77.31190491,1400.6160983887394,4770.981883391963,1044.4342062290991,3170.732542310924
28.6371479,77.07970428,197.95936450351283,4508.334650901977,883.2909450822551,5650.660593937568
28.6367588,77.11669159,1254.6125662655131,1630.7755164833463,1727.8276321169058,2818.43567762173
28.64208794,77.1206665,696.1644840349165,938.9642121835712,1850.1325495490098,3182.3149816879027
28.64242935,77.12059021,693.438357682699,904.9689940499673,1885.3505821284407,3220.516609329945
28.63879013,77.12237549,659.2078079686781,1269.749404132272,1457.2909097412735,2780.7252294262034
28.64027405,77.11063385,1694.1819484482792,1666.1854318529797,2329.6472099231178,3475.158372649238
28.63750648,77.12410736,548.2732642858375,1409.5468547068626,1240.7793979963265,2591.9247831451376
28.63903809,77.12332916,562.2892960651509,1237.8616138781824,1423.1355799266694,2777.145330314803
28.64381599,77.11975861,739.0794763398223,793.2695349097285,1860.476788522281,3393.289119307056
28.6388588,77.10583496,2186.8757220906587,2130.360318625257,2520.810160538195,3659.5753985047795
28.64047813,77.11920929,893.4548185016228,1154.5718765597214,1801.5792190506177,3069.744697683559
28.63787079,77.11160278,1689.4648069233945,1791.106042229161,2220.7900065131275,3205.578000567881
28.63745117,77.11211395,1663.3260282468582,1795.8185172969274,2155.013204954146,3138.065926175657
28.64143181,77.12247467,561.2911622699338,976.3284782995235,1690.7484404789254,3056.0700368310468
28.64229393,77.12119293,640.4126803813574,903.156878824224,1839.4946393309933,3186.5387788499215
28.64159775,77.12139893,647.5008846078817,974.0657726675631,1764.3119396515324,3106.8306773712447
28.65128136,77.11876678,674.3887053793101,473.86747362131996,1141.8384059899427,4209.452134566638
28.6424675,77.12291718,474.2190850872569,858.0737207328981,1767.6053771861607,3153.707030427182
28.63887024,77.1268692,239.3209620019323,1299.8914604311742,1238.409001416846,2674.467076686361
28.65113068,77.11856079,696.5430968889037,489.3717439416927,1166.9264650344778,4199.707689546505
28.65702057,77.12242889,457.2514494073026,768.3104898382574,415.96490572307823,4738.305899722695
28.55862808,77.05403137,78.92128671758128,790.0702789654763,1053.2637643458047,9873.255502950778
28.62271881,77.0659256,281.89204638550143,6390.59056902379,1322.6691981275271,6497.059334165437
28.6262207,77.03955078,2695.5315551137087,8386.057868297934,1240.7416016637353,9100.192501680123
28.58045387,77.0519104,2381.4862896585646,3156.8888084828714,1392.293481437948,8717.843577054186
28.6890583,77.32507324,978.5082065093133,3206.612498729166,758.3505669458192,7150.976667480938
28.70628548,77.19306946,334.3424374463184,4265.163595257422,166.63456825245257,3589.707054121005
28.59332275,77.04021454,3035.213566056252,4859.365125664034,1521.7955198637496,9279.951545443666
28.70003319,77.18888855,472.0931693918002,3459.7009800813366,548.0343861318969,3021.8091546269065
28.58795738,77.05847168,1506.409589895008,3927.33444804794,1396.8437225123255,7787.199323985829
28.5899868,77.06198883,1096.2751099538825,4167.892912982745,1121.491354318836,7383.369127222628
28.61493492,77.02437592,2101.446938889881,7681.799471027921,1287.0146654961668,10499.612881584339
28.57935143,77.05141449,2265.726451081547,3047.332349043586,1271.017304723267,8816.09426723441
28.58340454,77.07356262,1162.8495328511435,3728.462467776929,324.5590797758778,6708.667545555777
28.60035324,77.03395844,2411.4505341651193,5817.071878050982,731.508029626774,9706.901045367526
28.58792305,77.04418945,2798.9592412262336,4161.11861618009,1864.2621965514884,9088.9275462042
28.64492989,77.06847382,1581.7667720972743,5396.7669514695535,702.9904010255716,7019.344050470467
28.56234932,77.21899414,719.8567703840763,1865.4985323240965,644.0665587682892,10335.740811816953
28.52543068,77.14386749,593.1163531507078,3495.273105512933,1012.6346418490336,10053.323906845795
28.62422371,77.03027344,2529.498957710561,8419.806939251419,1058.3508376973195,9973.67161444514
28.61663628,77.03444672,3096.555976470012,7490.220680855164,377.1503077620491,9517.718485176792
28.62286377,77.04042053,2626.7616259430843,8003.254039217658,891.2538586331955,8973.259672667313
28.6184845,77.03974152,2789.0855910361474,7544.6206731659695,410.6725149866602,9006.780342364948
28.5623436,77.21340942,607.1983585995554,1472.8677213645906,941.8285181639786,9892.559886615867
28.56566048,77.22041321,374.6051410565422,2210.4411619101656,643.2950780182546,10247.20307053941
28.6736927,77.17319489,841.9578534314637,271.4123425324887,641.5736511110349,2566.4362922677087
28.62420845,77.03496552,2756.4602212016684,8280.179663201921,1047.3126008097568,9517.922483841623
28.55963707,77.19561768,1054.6881802441455,1169.363036092052,1760.786551704946,8767.853545273134
28.61727142,77.05036163,1872.0885730830155,7229.440725994237,1236.8479033359117,7966.146812990001
28.60865021,77.1001358,254.00182560208106,4376.297807798793,1628.8238727183236,3189.6216835066602
28.6241684,77.0315094,2588.4101391847594,8375.407476282846,1169.0745306606068,9853.026372243881
28.62231636,77.05524445,1217.2588706071872,7342.125203018732,880.1865324239683,7527.436214776454
28.61868668,77.04715729,2096.22249842976,7425.59825924332,983.3025511161461,8284.553180712795
28.60548592,77.09065247,655.1518739818058,5009.3433449453705,920.9832423500277,4173.473319882725
28.49557686,77.18509674,1515.134180240236,6543.491752597718,964.2498434036117,14282.28932537599
28.62137222,77.03656006,3022.4794786147827,7934.331499636444,704.0584111272526,9334.932650233693
28.66797447,77.10562134,1130.413832450772,2635.779883228632,868.3943702235035,6402.257531994754
28.66589928,77.09988403,723.2698217805797,2889.3905574143405,792.3258122074735,6444.010774255928
28.6651535,77.10945129,1383.275781380137,2154.7373528516373,441.82309336550526,5968.930578744236
28.66866684,77.10193634,875.6502694135253,2939.1569399496716,711.5006409794714,6623.76580994374
28.67425346,77.10559845,522.8760288596272,3194.829044057196,994.8037310894978,7048.163145029662
28.67246056,77.1107254,585.8342933765992,2772.384083880209,1251.482327811124,6691.633585140961
28.67586708,77.0990448,335.3858837462251,3719.8143222498384,536.6365372422681,7467.296483002207
28.67428589,77.1042099,623.5399615282568,3273.635792002832,865.335432769197,7102.035544285773
28.66716957,77.09479523,207.16854793482665,3375.35293015048,546.8349801998486,6818.376560670248
28.67585373,77.09893799,340.0908406517388,3725.3572744314147,529.2152774719675,7470.443571626174
28.67709351,77.10632324,302.5051766920052,3428.7861570576692,1177.908492921987,7318.645107941453
28.68088913,77.20654297,1578.7039330743157,3621.6287376820196,1003.8109433550283,989.5555572188869
28.61730194,77.06211853,989.5915704997332,7013.666932389724,1579.369907588579,6819.185825565065
28.63110924,77.0867157,480.1373801569065,4164.956534760263,1590.5954870287633,4753.947597733177
28.64343071,77.07590485,988.7945652039269,4700.232271379195,1058.4896312010255,6303.945336676962
28.60399246,77.10236359,461.6659095765833,3916.7908640545797,1449.267142252575,3146.042444976496
28.60144806,77.10504913,606.5401612986532,3550.520505009574,1573.2976616569736,3039.745785845931
28.61701584,77.04221344,2613.3175168908947,7330.501826599819,467.2263562696881,8760.538058677437
28.48803711,77.19055176,2490.4916168388986,7237.050342561246,386.90003230463606,15258.27120264674
28.67382431,77.10536957,572.7626208097037,3167.3259951163727,962.1253528657215,7011.982098798258
28.5448494,77.24253845,174.94344054814246,808.4868396563796,1273.8623844651136,12175.149595635885
28.58156013,77.24331665,362.046569683476,3695.6466204274493,750.6355422580567,9541.688416214276
28.57617188,77.24238586,894.1203565278793,3090.5901631368465,283.2019212703607,9933.416531439329
28.5327301,77.24281311,1060.834372007511,1936.282906662021,1897.9523592763085,13174.620624764151
28.5411396,77.23999023,95.0406510273075,967.338918265943,1731.5802347001832,12646.846329856493
28.53972435,77.23821259,165.32002339919933,1059.0067042178496,1654.2668923600281,12880.249239827863
28.55780602,77.25098419,951.5440359881471,1782.175647993045,689.0637492735713,10566.362915639342
28.52349854,77.20964813,480.01921663001167,3224.256577879893,1583.1164869229838,12713.710580739618
28.6219635,77.03809357,2864.7656666528505,7959.099785575054,757.3221318894967,9190.747617148594
28.62037849,77.03759003,2942.8024348675585,7801.178351342927,581.796479478773,9227.202890848122
28.54245758,77.2142334,171.41949518014212,1467.9242402249736,1420.0121361770696,11404.36819907379
28.53378677,77.24255371,945.9361677623215,1817.5698657510056,1877.6361135888494,13099.579160669646
28.55942154,77.15887451,940.9750890542034,3680.0018836637164,916.154330482123,6740.263882739184
28.54257011,77.21405792,150.3480529584602,1447.0626897154898,1440.536160605088,11383.413058486607
28.59021187,77.24993896,397.17462418656766,4581.458142621455,179.70789589014134,8513.294974366476
28.53680611,77.25686646,1191.3725337418746,2469.033716378545,1716.1009496193321,11984.011818242903
28.53500175,77.24775696,1021.6726151641187,1949.2747598425156,1937.447275044107,12676.251048294049
28.56521034,77.16281891,338.230196805755,3444.524399990705,1377.1216555651379,6326.898690376447
28.55489159,77.24423218,1129.0359597302713,1057.1200425307588,909.9278384031561,11264.924898451462
28.54381561,77.24092865,152.23934603510165,767.3389921698675,1468.59184722752,12366.56722962582
28.57329178,77.23259735,711.5268324767871,2718.8057462698393,465.6815201300654,10877.998950038243
28.55644989,77.24015808,944.6655711193266,934.2969145091472,1343.8137942183027,11440.244241802266
28.57709885,77.23474884,401.9348348161233,3126.2496422747386,248.43313955329012,10514.3001494328
28.54862404,77.23415375,845.4093431738573,160.4277558884705,1470.9815996503348,12428.677079391651
28.64197731,77.11058044,1632.4527813363914,1551.8638594185927,2140.1838728223197,3631.6560605963327
28.66517067,77.1062088,1341.543640278448,2369.3780166452866,579.9084183688886,6094.12214285185
28.6388588,77.10450745,2132.3764740030238,2236.2279947699517,2545.3474058976108,3750.9336036775926
28.57401276,77.23665619,784.2002011412937,2783.0300810771278,97.9478836603992,10533.931531198978
28.56530571,77.20649719,178.0555976222726,1494.9921457166845,586.6043340212569,9155.002640054445
28.47826767,77.19262695,3488.7389276476974,8278.425756864854,460.8297105056896,16342.847429984962
28.54221535,77.21431732,192.57061218676603,1493.1861195259596,1393.9659101462287,11429.268703846616
28.50388718,77.18184662,654.7100947250926,5773.464209469861,204.16636484500683,13306.038891201046
28.5457592,77.24568176,161.60164821301686,1035.6485638765412,974.7376790403492,11892.546347322253
28.63214111,77.13885498,624.6461149099896,2505.4950179711927,797.7941453686146,1997.5719519882966
28.64184761,77.1171875,1031.524044343623,1109.2404069337765,2047.7874568650427,3291.0007936923225
28.57119751,77.23151398,576.0892772878732,2502.821200244256,673.4615345590191,10885.370309173748
28.54078484,77.24668121,399.0951338604552,1405.7042581662954,1369.6363894455144,12243.724757614827
28.53873825,77.2490921,688.7900202976442,1732.6988967088275,1502.502022421595,12269.553567470324
28.54449463,77.21342468,157.80405167953603,1252.8660259944677,1647.7261867467464,11188.422728138827
28.55097771,77.23594666,1066.5248837733532,221.13205630879986,1451.6542472217668,12153.3221017246
28.52428436,77.20967865,565.6421566591282,3138.776487513078,1623.3199957879626,12645.484257231436
28.54842758,77.23432159,829.5759000383622,152.3663401301665,1497.914323054451,12454.865919925587
28.54952621,77.23841858,819.9333699371293,268.12876850924687,1435.1170491569162,12087.655607736477
28.55015373,77.24145508,772.1118202431252,572.8058248189349,1130.9378425192049,11826.415475623042
28.6378231,77.10163879,1981.0904897112391,2533.24023129644,2533.3037608639524,3880.13102793548
28.5594101,77.0626297,780.4214443574729,859.7182911617285,553.4901843713765,9182.927149867464
28.64461899,77.12057495,624.4084046746348,678.2013858322849,1752.8359135072626,3450.6314387792236
28.63582993,77.11094666,1821.603525045242,2008.110167709031,2184.2802093182404,3072.9742825763255
28.64171982,77.12236786,555.7851170965557,945.5750041754412,1723.3964614035883,3089.7479307539384
28.65271759,77.1146698,1067.0283059689705,902.8412316107213,1045.7465031841684,4495.904786623961
28.63737679,77.10144043,1999.99657792927,2576.59692067167,2563.6668994750257,3863.0932696007008
28.63794327,77.10457611,2196.4306068344035,2289.6413069121727,2643.5111499777845,3675.488484916754
28.6381588,77.11428833,1438.0632080278604,1607.464276785754,2009.2009348928927,3076.7117704363704
28.64828873,77.12319946,235.36116917160962,210.65647261290616,1300.1614753608847,3773.252077910581
28.5995636,77.04376221,2662.2716687309407,5409.659159919258,1063.6116103422917,8782.410528591648
28.63871956,77.10284424,2009.2689058051462,2380.4323861573475,2522.278361301447,3857.9792616218806
28.64162445,77.1173172,1024.995991686533,1123.2254136432405,2021.155801523334,3263.149842980157
28.64483261,77.11074829,1508.2173904127887,1374.6616542724914,1823.287852553367,3887.1460491688385
28.5027256,77.18435669,869.2234461854604,5808.272922463608,430.7289331751645,13517.24347378131
28.49385643,77.18325043,1538.3018531069583,6778.8219873061225,964.1613366412582,14396.926871450894
28.5574131,77.23429108,884.0723944201638,946.4387274700827,950.3196040050294,11806.25235637847
28.50004768,77.18939972,1395.0672402419673,5954.116419459852,491.54402175169184,13983.6064544759
28.49941444,77.18951416,1459.71678718367,6019.905792011521,540.6686471517421,14052.604159208602
28.59945869,77.03492737,2503.992826515261,5687.741378270737,804.5996416494447,9631.369448292555
28.58768654,77.06594086,975.0507385843232,3966.49378010537,674.2947793688148,7134.146274607194
28.59419632,77.06415558,744.4500401586355,4655.326426884702,855.5434110059613,7018.4877402396005
28.50035477,77.18727875,1244.418723429437,5973.965753768096,626.1928941177301,13870.309991136559
28.57615089,77.27926636,274.7624055902174,2439.562343234268,323.65668600786597,7186.957803112622
28.49147034,77.19029999,2198.3947539110573,6866.617886470395,378.63809714153376,14895.627637172609
28.53895569,77.2000351,156.93323020371525,1504.9045456514657,1210.0542494035994,10777.523763121979
28.48923111,77.18061829,1868.7535666796264,7346.975412092608,752.0831918576351,14795.579891710157
28.58639717,77.06064606,1433.8358204184349,3760.3412017463456,1171.1298561558847,7663.1396875046175
28.58352089,77.06206512,1572.5402591204424,3452.7918870041917,1074.7763554481633,7679.128903451999
28.58868408,77.03623199,2670.7007316036943,4554.559281486327,1285.2908025333725,9798.706756800535
28.59105492,77.03888702,2919.034214274536,4676.780304728919,1546.13699108833,9473.613510215184
28.58757401,77.03544617,2607.9270350676466,4484.160110360808,1227.0214937856786,9909.54511411198
28.58866692,77.03621674,2669.3795775038298,4553.5879973373585,1283.9834132343758,9800.702065456746
28.57264328,77.04571533,1526.8154432705417,2545.3203919836455,807.825647238876,9658.918562136803
28.60393906,77.04146576,2936.8593650784574,5938.761031516141,578.540362146304,8920.673060457322
28.58742332,77.03553009,2618.339855987189,4465.551656173426,1238.429209967107,9906.981034182782
28.59153557,77.06052399,1156.4998547838243,4330.2548659809945,1317.0610770989715,7453.169160186009
28.58953476,77.04988861,2214.726461076393,4185.725701127026,2251.8516477304643,8504.597855074577
28.57698441,77.04685974,2015.2891632612086,2931.7468670625403,1125.2794956676457,9331.887370846867
28.57806778,77.07007599,1837.2728562015436,3049.5531052795404,939.1303043755387,7318.227467549638
28.58974075,77.04853821,2336.2987054173905,4236.144435912819,2218.281165983363,8621.314090337493
28.49288368,77.17655182,1367.167649404096,6906.585272397529,1111.189817639322,14285.428724367826
28.55708313,77.24693298,904.2822447649063,1415.4397543099376,822.9290368855153,10905.85535046976
28.54901695,77.24635315,466.42324391852884,1036.6080382871573,709.9005976378879,11582.26661974656
28.55036926,77.23671722,980.7801481394057,179.93869509465677,1551.167263415076,12143.962580500367
28.53667831,77.24420166,717.4585129771629,1599.8415853734593,1886.3529190845102,12749.197893510158
28.59701729,77.06777954,388.1470636297997,5019.336744081637,385.48864821228693,6582.7102078985035
28.55150414,77.25912476,303.6270434979343,2300.9870329366263,611.5883682709263,10549.812797514145
28.55183792,77.23640442,1141.1153130864054,322.4543972200951,1444.329850161975,12055.802824041337
28.54715157,77.26038361,180.17553276539593,2415.7802565720763,899.5715956527994,10853.143487080719
28.57216072,77.23259735,708.6911085508145,2593.88077667188,525.046932309165,10932.557162086498
28.55644226,77.21269989,601.9183456140726,987.2375739061166,1037.415336054075,10242.939100506414
28.54796982,77.23588562,748.4089173037213,115.12890536517426,1645.034508421334,12386.063378503217
28.53816032,77.24881744,740.410293690915,1756.0582975987206,1571.4221344345094,12336.485560081617
28.51533127,77.21953583,219.46579467467802,4064.4404483573503,1301.833782380477,14020.832580355067
28.55747604,77.0545578,149.24379077105385,654.9223695581388,1100.0428297893855,9916.221916461318
28.58885384,77.06033325,1299.1987631458003,4031.510786107297,1236.9588289669962,7580.990635747982
28.57677269,77.04291534,1885.486029019764,3079.539932046745,955.1774230138769,9686.632275809465
28.59571075,77.04241943,2817.095325309878,5036.741705072272,1345.9176455879326,9004.659082452694
28.57303619,77.04418182,1513.3776219730366,2658.5530315777182,952.306366706783,9768.609103656607
28.65300179,77.19235992,547.3831740683556,3094.3682647143905,1341.2125176313339,2489.2086246027675
28.49633598,77.18878174,1700.6500620221416,6369.472047504819,646.5772219327645,14339.150209050076
28.70773888,77.21047974,1126.620127766962,5476.938116794687,1284.1513095313537,3848.760623926994
28.54272652,77.24005127,85.72561022069138,814.5614115065925,1610.8297174776962,12513.511831876891
28.57871819,77.16468811,734.207472708174,2822.0745817038724,911.9976904507677,5168.067523433049
28.55806351,77.20298767,363.7176327173467,674.3219133880716,1460.8026850365275,9409.358435610658
28.54724503,77.20079803,241.9478856144877,615.2207463201855,1582.9250683048326,10117.393612929043
28.5443058,77.22879791,270.05015970887047,855.554865167489,1411.4631007957892,12314.765671692203
28.55112457,77.2358017,1085.8338863746062,236.61764389981698,1431.1097227286205,12152.746699923331
28.55173111,77.23590088,1149.011140156146,304.3901574236638,1406.252468530237,12100.192180189726
28.53137207,77.24281311,1195.972484739416,2078.0493351729797,1902.251509968899,13292.325629524583
28.54411507,77.22879791,250.10601213840513,868.6496201335389,1391.8215310332585,12328.365454359246
28.57238579,77.23262787,733.3055259861254,2618.3854981645295,508.7988750873458,10924.288258670056
28.58776283,77.21530151,1171.0785778903446,4123.463029180429,418.45112594441235,8692.718012304349
28.55721664,77.21279144,599.9065118276601,1039.956172493656,1020.2046733493556,10195.096972144476
28.54434204,77.2288208,274.5908136261675,851.327540586741,1416.0370380379265,12313.901095094594
28.54279709,77.21414948,148.3843997320905,1434.9904747308126,1454.6061724251394,11371.816100018352
28.5420208,77.20693207,186.08129590518905,1153.9459006519867,1914.9163055478937,10949.80585716149
28.55073929,77.23972321,883.2993836249408,434.58143092234906,1290.2915854021535,11902.31854184274
28.54453087,77.24827576,120.24743813510642,1321.311744643904,928.1875995478601,11826.147480848225
28.54948235,77.2469101,482.26968446122896,1092.3355464723816,638.6346669094614,11507.296213944908
28.57893944,77.16504669,774.5252075853314,2848.0933531947558,869.4093881746744,5170.571825298154
28.56025314,77.21965027,954.4501295524765,1787.0854102858589,448.1019226121301,10522.25108430112
28.55857277,77.21083832,424.9912518543373,991.4279516302178,1213.0839561843982,9951.972210335656
28.54732132,77.26038361,161.4878128767262,2414.24799821634,888.7755455088118,10838.131993359326
28.55802917,77.25524139,1054.472073898866,2153.2343795427923,726.4461416737736,10257.7441403169
28.5623951,77.15291595,1073.4259474153885,3087.7653535127924,1556.0762627098984,6222.114170081729
28.57624626,77.2793045,265.1527567615194,2429.40646090284,330.8148679375573,7176.52505421816
28.55097008,77.24377441,755.2638103161703,814.8051172132804,894.0237886104308,11601.742974087716
28.54933357,77.24269867,649.4161442861745,680.6826694405114,1032.1124112642701,11804.888489824862
28.5467968,77.24838257,151.07928454197508,1258.8502808323724,711.6420275359616,11630.175494099638
28.53042603,77.20252228,730.0014733416959,2408.7432393472855,1688.5911724212478,11680.597177370504
28.54322052,77.22436523,154.06311155660995,1283.403089240631,1191.886859902757,12065.335473922874
28.54195404,77.21608734,99.60738123398097,1635.6397076445173,1266.8828666161992,11572.013969968202
28.52387238,77.16138458,445.6796864105935,5097.04156563635,332.01056103508125,10558.012430514264
28.52733421,77.15154266,44.67215484483183,4272.44400095311,724.4027785985176,9959.662795681286
28.53783226,77.15125275,560.5641453987306,4765.348590731265,542.5406114522796,8810.83189353373
28.53392029,77.1502533,283.71163219410886,4457.977937178418,379.50163516480666,9216.783357681006
28.58315849,77.06169891,1626.2592869318933,3409.1332757514097,1120.698726073779,7729.42805845584
28.59297943,77.0667038,535.1887630756986,4558.761637738801,783.9283701031825,6832.322835032403
28.55948448,77.05619812,157.17536169148178,790.6065783495358,1024.4822613986855,9649.724623871345
28.59101105,77.06820679,547.1366788583739,4373.4061238193035,687.3367125592948,6779.761220198867
28.59405136,77.03688812,2708.865307224312,5060.741325418344,1394.5219058838877,9573.389792647507
28.59289169,77.06471252,720.8767439306304,4518.479329891963,912.5657501307601,7017.324506929025
28.59659386,77.06090546,1024.5367069601025,4893.8638402800025,1028.6180909582731,7237.5173884288615
28.59845543,77.06237793,846.6522483984768,5109.573468429623,854.5060593966278,7042.210293362192
28.53763199,77.24907684,804.101289894044,1814.9817011811422,1622.3583388407944,12366.67555834978
28.58351517,77.07209015,1202.0508091535255,3685.1160845885465,304.21115874668817,6824.842588633988
28.59462738,77.04219818,2856.702877338417,4929.21909855373,1446.4545786987778,9055.395094879155
28.58669853,77.05449677,1913.5890425148448,3806.3071916312692,1772.1940705117133,8199.200641383042
28.59079933,77.03842926,2874.3541429139505,4669.313101412811,1499.1439309350592,9524.55191180366
28.55675888,77.05436707,145.0970294531634,603.1164281439679,1022.6295911531788,9982.196861530852
28.583498,77.06423187,1456.7551563680154,3478.6886778324215,874.4106871237789,7493.04425277354
28.59314919,77.06741333,464.19320102625164,4590.143958598752,731.621482468438,6760.921462878522
28.55921364,77.05706787,236.79177933097552,742.3514187980778,1005.3941111631175,9604.310990815373
28.59584618,77.06248474,905.9860333638991,4821.192008649567,907.3859448679084,7114.711007249255
28.5725193,77.04472351,1476.9593773266204,2581.966770127595,875.7003903544758,9750.142770354518
28.5967617,77.06256866,863.3744769781604,4923.321937287655,866.9120104529201,7076.661086895963
28.5802021,77.05274963,2346.057793011812,3113.9475330419496,1366.155205354659,8657.058489048028
28.59671402,77.06150818,964.2592119999672,4910.515091114591,968.2968508597459,7177.314160202543
28.58284187,77.06737518,1397.0420847739797,3471.4308305889813,635.7953778344347,7259.7132577606835
28.59325218,77.05992889,1167.3309851246236,4518.604307059487,1258.3103800435035,7442.6368938629685
28.5812645,77.07157135,1457.3195218771739,3433.828158714266,559.5136654835645,7000.11449915326
28.58529282,77.06371307,1318.3543529677352,3668.167292785832,877.4085577338088,7446.369356603787
28.5612545,77.05734253,355.2342677649573,963.4667826112272,906.834671714652,9437.9394894526
28.56194878,77.05779266,440.5104153354653,1036.9008098982904,872.5462504953771,9354.960887672478
28.56265831,77.0621109,828.9331842135184,1172.1971133266793,872.5225163451458,8981.057426529333
28.59646034,77.04383087,2670.326761315834,5075.7671324627445,1341.2062909878816,8850.939828187473
28.5587635,77.06131744,652.6893323440102,738.9826552841268,610.1480962678145,9326.026420630107
28.58738708,77.07158661,806.3980539882846,4073.3930283591767,166.52031461692573,6656.0136993904935
28.60807991,77.04111481,3088.3744895353234,6391.264239649118,377.7165823532582,8901.523410895032
28.58849144,77.21805573,1113.3691602344802,4280.593514692445,657.2791592462652,8917.583711899424
28.68938446,77.13739777,1077.160197318878,3597.263867352713,2593.9002954166003,6278.886618460329
28.63395691,77.0362854,1983.1335536577676,8695.643137084831,523.9733648863997,9565.512694687355
28.56072044,77.05971527,526.4479585711264,908.0957449313622,863.5113898466412,9298.94176203266
28.64705849,77.13123322,468.9157873299176,834.1555198668894,1538.0593217106514,3539.4585117823453
28.61317635,77.0502243,2127.1400981167176,6778.513333091272,1220.8350666455744,7979.762294970456
28.6243782,77.06337738,391.4667152188624,6526.950226926313,1013.3934684549711,6769.01394133782
28.57110023,77.07225037,2175.587596555455,2459.4222417269975,880.955397518841,7618.6152490305385
28.53253174,77.21799469,1141.367428064413,2521.2949879765392,526.6765589194043,12457.330358478232
28.73029709,77.10800934,782.4166434082798,4564.066165175907,518.4493615574501,10867.283184222964
28.72147751,77.1297226,351.6901784138212,3022.829960281495,864.6835816188766,8578.473963487886
28.6190052,77.05692291,1218.9791624281177,7360.047031120244,1256.819241967419,7334.403032176829
28.57102585,77.06783295,1847.688725889479,2243.295317775727,1257.39201922034,7958.475373380474
28.61662292,77.05104828,1847.1332304932112,7150.734606668459,1291.632826505539,7897.433362539554
28.62725639,77.07751465,281.0716854090382,5156.762705709742,1063.8860571547814,5477.847981376948
28.61614037,77.05709076,1402.8676913111833,7062.256279106786,1575.2452686107724,7306.813349533722
28.65803719,77.09088898,587.9173806607827,3295.898845398232,414.9849390317201,6221.169876806765
28.51620483,77.15252686,745.0356584349072,4129.1918150349065,408.44890535770264,11193.53059656799
28.70331192,77.18437958,334.5347494142206,3574.3709526507755,741.5522115644688,3526.667771101525
28.5444088,77.23631287,376.00334978268984,513.2739321957546,1816.2702981977286,12632.98260557618
28.4574585,77.11302948,230.13297536543232,1681.4183690570142,138.88550761193756,17640.745112847344
28.55251884,77.17368317,417.5553012773864,2953.046772523589,457.3754736181089,8077.385324525102
28.55661392,77.24124908,931.1768278897005,1003.3870945608934,1253.6128703748172,11348.642082947079
28.54557037,77.24568176,143.8763899917722,1043.1351001077812,989.408688192784,11908.0751269117
28.58890533,77.04972839,2249.466594288128,4120.328654010067,2256.92939004469,8543.084492162852
28.5739727,77.04145813,1555.2645251582207,2891.3099730516847,758.7470633177161,9954.203011409774
28.58610916,77.02997589,2113.3613390283053,4641.898813172701,781.2805738899704,10467.839113325257
28.59281921,77.05968475,1199.1402573657354,4469.745520898419,1303.2442096166662,7481.067938892337
28.60218048,77.05325317,1769.9529538629433,5531.582422858387,1720.0987051759175,7817.150074085702
28.59751129,77.05679321,1399.7136011231607,4992.083408084735,1406.6245735577859,7595.883260263371
28.60581017,77.04071808,3053.1733303506285,6158.923848831555,433.82906716108073,8966.17221539653
28.60035133,77.05869293,1212.8455365238908,5305.555819134984,1224.173502681044,7339.254292381906
28.59523773,77.02385712,1441.0072948974343,5814.15814557445,615.9302635138579,10782.913364825103
28.56202507,77.05808258,466.5618158196713,1044.1938337786569,884.8060567415342,9327.68712943029
28.59519768,77.06681061,482.67468725359356,4803.445446605946,586.050246660712,6737.001986625271
28.60098457,77.04802704,2255.695433153115,5470.154592819638,1297.8526873266676,8343.263180215667
28.49443817,77.16042328,822.3768238548543,5383.132914592566,532.3329284068631,13716.906719760193
28.55834961,77.05895996,429.71291815783695,637.5920524703082,798.5338404170869,9527.982482082409
28.58943748,77.0688324,661.8502533941413,4217.23754069512,516.7525040647477,6795.780459230582
28.59331894,77.06401825,773.6636414438818,4556.860737702908,928.0383393532342,7064.212005461178
28.64043808,77.29415131,29.274233768782974,5398.282188565068,1213.6866642623293,3711.779889397
28.50022316,77.18759918,1274.400179837287,5979.629979621492,608.5719640769972,13896.002971650732
28.49967194,77.18701935,1293.978272499541,6053.92613919346,690.5516395389241,13930.470562869368
28.54721832,77.24371338,400.0891644554833,803.504234264621,1031.641465567688,11904.76395697932
28.54721642,77.24371338,399.879496115788,803.5562795088674,1031.746634264491,11904.917086093801
28.54717827,77.24375916,395.13922753905996,808.9410887002776,1029.9975429063736,11904.912633652832
28.55301476,77.17446899,328.89467728046424,2877.819187577201,549.6516744126801,8069.039853881568
28.55284309,77.17287445,437.67485672547815,3032.8482779300507,441.29449354609125,8006.563061022506
28.55452538,77.17737579,35.93138374689299,2606.43405364823,871.0521153611481,8077.808271561743
20.01137924,73.73474884,994754.0112181735,995883.4569782502,995020.5912404737,1016575.0518107405
28.50021362,77.18649292,1215.7206734862793,6010.356756206631,699.7625805539491,13855.071825974452
28.49432373,77.18396759,1541.024796704028,6708.548599556287,985.8770572966748,14372.837880485991
28.49585533,77.18482208,1474.3597297693339,6521.403245149916,933.3422363444778,14243.695783318433
28.49772453,77.1865921,1456.447331658806,6273.677892729226,867.0659799643668,14114.647675270218
28.49453163,77.18410492,1532.1327377552502,6682.532933983252,1003.3355936845338,14355.968927481888
28.49431992,77.18397522,1541.8284645653255,6708.737519918833,985.2272907477925,14373.497689617943
28.49853516,77.18840027,1473.3614748405394,6140.961732399953,683.8161508924344,14099.366302316435
28.50974846,77.19924164,1251.2293622926159,4726.233888424369,609.5670720439372,13445.52143012075
28.52459908,77.20823669,563.2633047931824,3081.914617098449,1553.9986742933584,12533.287142917567
28.63199997,77.14509583,1196.9390411239247,2879.445763372058,884.5978302498748,2263.8436547457172
28.64999771,77.16490173,1927.5416616446223,2039.9426484724518,1048.23068679423,4336.73436310284
28.53359413,77.21000671,1084.3345314370704,2137.1959768894335,1312.297588095201,11854.287750158308
28.52983665,77.20826721,1136.8698702429144,2506.7917694718462,1507.1662976611206,12071.675900309796
28.65198898,77.16931152,1562.0869834479058,2355.6823068143754,910.7687653525365,3864.0909937768456
28.62432671,77.02622986,2378.082644062406,8567.296230065016,724.8461647842325,10367.55462605569
28.6055336,77.05117798,2068.0018405632095,5923.631337490878,1384.0991920550196,7957.115246857189
28.57170486,77.04563141,1428.669008488169,2458.7936298834743,751.2096031997373,9717.642899303233
28.5860405,77.06106567,1429.6855060655096,3723.4100259807874,1130.1267806692551,7642.723288375242
28.60037231,77.03916931,2919.8875139064435,5629.620554766635,743.0891218598606,9205.687007622582
28.50008965,77.18770599,1292.547308487837,5991.173944148592,609.0256488992026,13913.748274274416
28.50145149,77.18749237,1159.310065332519,5850.950077980145,549.9635754652189,13766.28042019718
28.4950943,77.18090057,1294.6751596601523,6720.822192715351,893.0899620406832,14188.974533513627
28.50154877,77.18691254,1115.8651744763456,5856.36046186522,598.5453120415856,13734.101744271919
28.49643326,77.19003296,1756.3362625797222,6331.649242530437,544.0685905325284,14376.965190688667
28.49812698,77.18881989,1533.9056720661777,6175.038727246711,697.4914074264959,14157.185718811079
28.665308,77.15024567,802.9536853632729,922.6579142587883,80.63344962014037,4911.415521111305
28.586483,77.05912018,1544.2308586357074,3764.070962993444,1320.2812676208023,7794.765927363616
28.73314095,77.10913849,485.5927449592973,4402.151636033415,844.2890214349712,10962.066174751986
28.49913025,77.18673706,1331.7024200396866,6119.405850837522,749.5328675290601,13975.47453958855
28.49938774,77.18656921,1298.7058251230446,6096.413585517364,744.6996814580905,13942.74582598977
28.485569,77.19139099,2754.0021547047027,7493.3327849024345,384.42488233941447,15543.46672088507
28.48576546,77.19173431,2758.095924341925,7466.362179341401,360.13746096805806,15535.778353682705
28.4980793,77.18718719,1455.199385944321,6220.174253240787,798.671340308303,14100.272924600347
28.48564529,77.19174957,2769.384299848995,7479.317065358188,353.9298092927353,15548.722482994053
28.49392319,77.1811676,1419.55371220465,6835.1578721335045,1025.3731398636326,14320.389308215072
28.48558426,77.19139862,2753.1394939957395,7491.537006278143,384.2179934814616,15542.171064136732
28.5006237,77.18759155,1237.966139473351,5936.914354425216,584.3429752823216,13854.728967469979
28.49934006,77.18663025,1306.2598377742775,6099.853377333847,743.164564798579,13949.926301658692
28.53295517,77.1992569,316.45062428171616,2171.837360696245,1314.1268939194374,11265.713181462881
28.666399,77.15185547,635.9487737105537,1104.703372064844,54.50337695235473,4733.315603208393
28.55875778,77.06130219,651.2405344765317,737.8194969792761,611.0872739043949,9327.555741174567
28.53747177,77.21471405,614.100779856827,1934.4814444580336,1009.3769916666845,11836.353508178925
28.5484314,77.24311829,542.6573620671843,723.3861613748782,1025.3567976435916,11847.813236337539
28.73200989,77.1081543,640.7258704703214,4515.732763161635,688.3897521581403,10965.590087430544
28.6568718,77.09745789,886.8949142586737,2643.919833780403,1024.9358725613877,5723.70003796451
28.70174408,77.2756958,148.0109509047776,2147.913832104173,537.9133200102724,8027.633809678979
28.52971649,77.2931366,409.18789233476554,3088.9968003571976,1391.1879494535133,11098.822042068728
28.49771118,77.1882019,1540.2431456706706,6234.535606272109,769.3856552827867,14176.222722924731
28.49773216,77.18818665,1537.4756449059676,6232.641636469889,768.3097994503311,14173.494697873271
28.49716187,77.1857605,1443.8810023354372,6356.135554689409,868.382631213968,14142.200944690909
28.57569885,77.04671478,1877.4504246185495,2806.007613713956,1006.6748272143634,9410.454568225978
28.58056831,77.05107117,2404.3802340708644,3186.713482021103,1407.9912900032384,8785.754911548727
28.58086967,77.05104828,2437.869631441151,3219.876297265463,1441.5754269118786,8773.106251003743
28.57883263,77.04717255,2218.2525439995466,3111.632439351958,1300.9065019991294,9212.524458373684
28.55553246,77.23373413,1097.025910911621,752.631169000759,1035.1002561205426,11952.412599708963
28.61475945,77.05410004,1722.4415761504235,6920.222525012444,1579.783759005369,7598.282220674592
28.68994331,77.14067841,929.738398043397,3352.895290855329,2618.422406777834,5988.287981436013
28.55998993,77.05712128,260.7669458807445,826.7117574348425,1014.3687260615865,9544.539839368916
28.62964821,77.30505371,649.3581642164586,4289.377657858205,334.53863898532137,2279.7098960305657
28.63760567,77.3002243,336.21241747025243,5109.171543342704,617.9324494973406,3040.624480645561
28.63067818,77.30403137,645.5327476521651,4384.831336618282,182.68154917879406,2405.371306896186
28.63171768,77.30639648,485.9583113765202,4540.76459034571,347.49546851752325,2221.5238858420216
28.65233612,77.30321503,899.021208785282,4211.340791024995,302.371895758167,3887.492901654112
28.62047005,77.29347229,115.4845290222478,3209.8050214424334,822.5605461535314,3379.641597636803
28.62675285,77.30820465,250.48358274394755,4046.945937068978,779.3933877277562,1919.727891764513
28.64999771,77.16719818,1837.4942294914688,2244.3384813625617,1088.3525100515028,4164.774278598876
28.59769249,77.04174805,2862.1687945026565,5266.571152322533,1119.8086353386877,9017.98765375019
28.60018349,77.04844666,2207.9858419313805,5375.092613687978,1377.7759241435203,8320.536527856846
28.67375183,77.12733459,285.39589184480667,2537.545747389406,1278.8518492667529,6522.446398869518
28.6493187,77.16571808,1961.8719134071152,2144.5918596492197,982.6596583668062,4323.564540815994
28.62013054,77.29161072,150.99043400359207,3196.1469053187484,944.6127943928983,3564.888092426374
28.50067329,77.1886673,1299.2789850798429,5904.218809787014,495.011910204206,13891.225964001098
28.62343979,77.03153992,2661.9086964676217,8297.567988290073,1112.1479389805131,9842.254605604166
28.64948845,77.16635895,1920.086671432557,2192.6960684017395,1013.0980212760645,4263.770571286747
28.65283585,77.30594635,1147.4142430830148,4234.343407352199,543.1205374573757,3775.0303870980124
28.64270401,77.2942276,161.4481107564487,5146.7672963010855,1081.9634613598705,3829.9559547955078
28.6364193,77.29275513,331.6254542615624,4982.402900869314,1061.1999769204883,3651.6494761442714
28.64101982,77.28881073,312.96783211004254,5340.485996401296,1587.8032406508198,4206.672211897877
28.63481712,77.28791809,251.03691772149648,4866.72897348332,1461.7900931127067,4043.895194620203
28.55988312,77.15815735,985.7704725501324,3597.812662764428,1000.0072253268859,6665.830744267002
28.57271194,77.23265839,768.620333096384,2654.0701126218273,487.7812103124716,10911.191840347023
28.55750656,77.20307159,350.2926815021466,611.8521697806178,1513.9562492929572,9457.338309575718
28.5544014,77.20339966,270.6289370555844,265.8017182463548,1825.4118558201428,9718.051251925797
28.55660439,77.20346832,283.9463773151279,507.85196137893035,1592.2589796582797,9554.013080095438
28.63493347,77.17928314,2914.701910187848,4128.52782953303,1226.4233026399802,4820.7240224164725
28.6402092,77.18727112,2009.9944071305229,4012.3886315691902,1145.27537052361,3994.556351983858
28.63256264,77.17694855,3257.947184414058,4127.111108657837,913.0525175415344,4797.192082698218
28.56556129,77.22275543,328.2030873969859,2236.21447939268,475.9880689994324,10446.538198850521
28.6091423,77.08480835,196.37636592957728,5699.540294729671,1404.6943301875722,4650.270378955091
28.56245804,77.24188232,301.82720162781584,1612.502908762119,1454.8127896449312,10877.356331297588
28.50979042,77.20206451,1166.9162542191468,4702.952773211185,416.0535089716953,13578.392709376376
28.65669441,77.28876495,164.45754911244586,3602.9231504118907,1410.708051261426,5201.564562195205
28.62062645,77.05227661,1552.4043890389842,7583.428826049618,1111.07906121454,7798.962822311909
28.60171318,77.08911133,679.8045840029743,4988.594374298435,499.2406378693611,4442.877959505193
28.55982971,77.21570587,859.1076437849123,1440.2087849625516,770.4768003279819,10239.521946703517
28.6808548,77.10401917,449.8720384994754,3903.540682955444,1272.7983591849224,7788.808544074953
28.60339928,77.25318146,280.37037059778316,4453.773601608291,573.5106168543992,7657.354983741949
28.5947628,77.04920197,2182.8733624167994,4769.068929564192,1816.3285949953452,8391.59667265061
28.61802673,77.02262115,2083.112536762701,8065.858192857318,1176.411694278649,10675.211705674808
28.59441566,77.04698181,2402.8564514018535,4776.988643679316,1704.5887121380372,8610.719405247912
28.59653282,77.06603241,561.1627487973888,4937.7081713201105,560.3245766646174,6761.583092465448
28.63530922,77.22496033,2155.9403622221266,6779.473172315471,1019.2481385898343,5016.6119616899405
28.55158234,77.24549866,753.0993601818981,995.5323199921279,720.9642783849806,11434.805047175743
28.56258392,77.21321869,591.7104105154311,1482.2258557815117,909.7075873377191,9861.697497741809
28.66560173,77.15029907,771.6229768806545,954.2624289930545,53.774154922370705,4899.615525951584
28.67269325,77.10397339,757.7592098650983,3144.1251227324055,808.2333129993737,6947.66952520292
28.60053444,77.05887604,1197.768048062241,5326.048238569171,1209.4118270195563,7317.259554011962
28.58429146,77.07155609,1131.7495638974437,3747.44425676137,237.9070100391938,6825.598457909351
28.52354813,77.20014191,234.234409255124,3191.031504949696,1000.2944722653084,12177.763465404943
28.57262039,77.26422119,319.5448708111542,3825.822036499514,666.4429140984842,8492.063517738014
28.56705093,77.27355957,911.2528940158572,3564.939508478482,377.0524469875903,8319.147561347954
28.59763908,77.23332977,1086.3174465864558,5413.83901383624,1099.6780967045318,9162.270098343988
28.56834984,77.27211761,903.9016615371463,3549.0572676686024,473.42487932989104,8299.604823536882
28.53087997,77.20243073,697.635357479968,2358.881477617699,1698.814190410207,11634.58392047647
28.5376606,77.20207214,387.8844684060308,1610.531243285385,1416.0547013517253,11013.81457492282
28.66234589,77.14108276,774.2933062490281,692.0006372774907,481.88730890137407,5314.130793867057
28.66287422,77.14348602,890.8945266497552,607.8263670751976,406.97216783190066,5415.952810489841
28.52985954,77.20674133,1096.8576726274991,2483.316447453498,1653.0510177221881,11978.227254466952
28.53779984,77.21669769,563.8504071330264,2017.8279413213384,877.1822155421447,11943.13136101357
28.54905128,77.21381378,657.0887144728028,1023.0544429423867,1331.9238879904221,10866.001908108105
28.62898827,77.1413269,782.4419682600615,2930.7682915505807,449.86677490980105,1782.9653957449077
28.63529968,77.22499847,2152.102688861158,6783.0499720138705,1018.1768600629022,5019.378195390244
28.6170063,77.29906464,426.1278350331326,2816.333035698193,176.76693284002283,2930.2807800758937
28.6329155,77.17938995,3095.6204816217364,4278.8149806590845,1151.9379800022994,5022.260645919331
28.55739021,77.15714264,951.0793289662589,3776.7963520323847,885.3400065979495,6886.579729437912
28.60317993,77.08067322,154.31621989629292,5820.1883356853705,1048.8243919138351,5180.84688622472
28.69966316,77.13161469,400.85550788774975,4698.237041766302,1356.0407634439316,7187.665140521848
28.63431931,77.10549164,2328.999340420317,2485.8454165569806,2640.9272178682645,3341.7605250181896
28.58960152,77.24316406,240.85636580281886,4572.817465490898,593.9027314024277,9137.143199838303
28.52681732,77.19074249,81.7259189584205,3087.0426046965945,570.5093903684536,11385.61547291528
28.71986961,77.14903259,644.6509110103829,2127.595558831448,917.698708940235,7047.744023016666
28.62221146,77.02835846,2666.0218024248625,8272.999910220002,1037.0694260210132,10140.191915658055
28.59543991,77.31006622,1476.3955039557268,1355.704619463629,1376.549965824145,3691.8977101568507
28.6656723,77.14891052,752.0235413684165,910.7759929467434,180.56847047913485,5030.832554147691
28.66573906,77.14891815,744.5992464134191,918.0672967494567,179.0022488795575,5028.6580639813255
28.58126068,77.24195099,493.02314469428165,3638.4354854644316,615.3342319775925,9673.716396723858
28.69620514,77.13305664,796.0300880867786,4357.454618390392,1734.9228451727747,6914.9896865735
28.70353508,77.13369751,236.81829274525248,4359.91397712559,1280.13991671493,7183.803784169647
28.53221703,77.24090576,1040.540714074983,1932.901143792829,1711.8734011689648,13336.648532920564
28.57183075,77.23332977,691.8601900937223,2549.8550330546577,491.87898336982266,10938.265157522645
28.50135422,77.20719147,1962.6586362887863,5646.6383560893455,321.1370041507138,14641.14513637872
28.61843681,76.96178436,1656.8063204157017,11936.977312535662,1354.568339511304,16612.866346918498
28.67728996,77.15930176,692.9564480034653,1088.029974216948,789.277240840189,3932.484477953581
28.60659218,77.29367828,572.2769504330801,1678.323450396985,401.53015541523575,3892.7403295332847
28.57792091,77.16937256,607.5938583271503,3285.1649656036752,721.2414694293197,5529.060312689289
28.61696434,77.30084991,483.75346314140825,2830.541351669911,191.85044066051952,2765.7450920571187
28.55949974,77.21679688,971.5821507264972,1506.2936524145691,657.817420387153,10346.753784745333
28.56125832,77.19052124,915.404259585853,1660.7911210438874,2071.6566587383018,8290.845040334927
28.54276657,77.20674133,101.22637468150106,1069.0169211750454,1913.3682686832954,10875.759141508588
28.57413292,77.16131592,129.19688659093768,2728.1590945025655,1503.7286768020128,5395.6191021947725
28.50527763,77.20741272,1536.2796305949432,5212.508966483586,332.4860037383307,14276.586160420675
28.55542183,77.20988464,377.97210434358664,693.1304618918593,1327.4518620833326,10107.182254512785
28.53347588,77.19955444,319.2374835344401,2109.197232067131,1311.5484014547162,11235.783174725555
28.49571991,77.13581085,866.3986473634883,3254.25064615365,196.8442704749315,13294.673621547548
28.52631378,77.14366913,546.2236657875804,3512.489174850349,921.3010364967607,9953.54712463541
28.49946976,77.19647217,1846.366003503161,5892.104792416724,209.45218121558236,14332.541920732712
28.6001606,77.22097778,2309.1160656322772,5602.761920195274,749.538466473593,8527.788587102385
28.60173035,77.18534088,2010.5603569097316,4999.620448492376,652.2833258367115,5424.996817023828
28.53174019,77.24913788,1408.6018961200846,2322.694976427652,2264.132837007334,12883.102657515026
28.54154015,77.21611786,145.4656437566526,1669.7038790909116,1227.3870376325424,11606.587986222714
28.54351997,77.22973633,243.24654761279655,845.4985461497771,1369.8467480747943,12441.132541925068
28.59095383,77.22794342,1255.1602953494828,4727.077240488435,319.52153203602114,9695.872215386948
28.6206398,77.23696136,1111.6103289138548,6668.897235822612,523.1858065082235,7016.936499746063
28.59545326,77.21033478,2151.314351899722,4866.362814411116,612.4608151214467,7962.975284257537
28.55765915,77.21248627,569.4469291345197,1043.8473522287236,1048.4771054304147,10140.894147165849
28.53427887,77.20841217,1018.0067050828576,2024.763427042965,1475.5582971268977,11696.041570905702
28.5931282,77.07209778,187.35571812066613,4697.287177109048,645.4326304305243,6337.923844666052
28.58855057,77.08226776,355.0573449580851,4624.606885229078,975.598635432075,5684.8404946420205
28.59692764,77.06732941,430.12536470603914,5001.671434008262,428.2314619297191,6627.5917755587
28.59634781,77.06911469,304.0738823404625,4972.007555119452,341.78370722682166,6482.568940646186
28.5969162,77.07141876,225.3429854475645,5085.413511510188,219.07499489700385,6249.294869975677
28.59767723,77.0710144,150.80284183770866,5157.798588846403,132.8591087142029,6259.701823572408
28.59902382,77.06820679,275.1484674804017,5246.318200222797,284.73012313947396,6477.385497874571
28.59669495,77.06964111,287.8435639760587,5020.752258757221,281.4349463000993,6421.466934704341
28.60403252,77.04399872,2696.393394086538,5884.8617372435365,797.6415184099911,8674.44014745356
28.58085632,77.06998444,1542.045596953721,3336.029380581772,649.0899840430429,7155.1976041991375
28.59211159,77.04821014,2317.896278971452,4500.250859890062,1981.825725581403,8568.724520715392
28.59617615,77.07012939,213.53342506187278,4975.257816455151,314.55714557024896,6395.238105189861
28.6697216,77.11040497,881.0941519692443,2519.4819055930366,945.8839998155395,6412.896222818427
28.7118988,77.11112976,1711.3152090405706,5112.282950462209,121.27627555736838,9569.28126224385
28.5969677,77.22038269,1981.8387515106883,5246.757705328476,413.95274845555,8858.80340921678
28.60279655,77.21968079,2536.15883502432,5848.632269904802,1058.724785365579,8212.705757753505
28.59311676,77.22044373,1559.42759628168,4842.939006596129,137.5523815572826,8983.325383883564
28.59388924,77.22183228,1617.367175892724,4970.1080470498555,48.02535290930021,9090.944481676514
28.55970383,77.20386505,249.1785742888101,850.6462968203043,1259.2864851459967,9351.228096790626
28.55761909,77.20458984,202.3683460670258,622.3418318796249,1449.2170803457318,9558.341153813475
28.56010056,77.2193222,970.1116723362127,1750.8732018233904,463.58693500878627,10506.092612368748
28.53410149,77.24325562,938.1714600321545,1811.7316057409053,1948.8339142553662,13029.049552997565
28.62191963,77.08881378,922.3489756063515,4614.888686609444,2261.2920377541627,4274.585217736753
28.57982635,77.06581116,1763.6162540592213,3109.0271149577798,973.6535917519194,7561.793080265913
28.56687927,77.19239807,265.8398086513674,1995.5717527883608,1682.6583869967128,7984.633577096792
28.53827667,77.22153473,476.7645597233045,1829.336168679833,663.4351237433348,12238.036499785303
28.63008308,77.1733017,3366.492009912912,4079.284315189384,508.72674239399095,4361.889830188626
28.50108528,77.18637085,1127.4371723823356,5920.901778188452,664.0058393961463,13761.032926512034
28.59252548,77.06489563,717.7004296564892,4480.648438988281,930.8715620717539,7015.173591746811
28.59229279,77.30554962,942.0591479639639,853.4289376022068,826.8287921531472,4213.450471137904
28.67424774,77.18083954,1134.8909951823737,1017.7568932161062,650.3323294181298,1819.2847444205765
28.59357452,77.03166199,2199.730599586738,5246.754243406643,936.6276921546437,10081.23701117762
28.59583664,77.06604767,565.9795552517094,4861.431284157222,598.9093906586976,6784.397302295668
28.63851929,77.18360138,2349.3030003274966,4057.8583363120397,1075.1166259213314,4290.268757069162
28.55345917,77.24258423,1055.3225087672147,832.4639679366024,1021.1463836406266,11491.329352202794
28.57055283,77.22763824,376.0221766093518,2524.102935749664,918.5011327071667,10582.27814276509
28.5747757,77.16301727,304.04801720557776,2839.4927551704877,1340.3850965222014,5426.31477028076
28.66496086,77.10932159,1404.6827307015722,2146.3275205931454,422.6815062876813,5953.697128007034
28.69230652,77.14048004,1130.4292886008793,3515.9228790356215,2546.240089857963,6087.114750139009
28.55175018,77.23332977,1168.2037155390972,386.18021305344314,1189.8791015254292,12158.9941098605
28.5351696,77.25666046,1350.473964832273,2557.346944653396,1889.7243079259365,12144.540278206185
28.56399918,77.24519348,154.6362767047939,1906.5923965022541,1398.8850285304347,10519.225475851046
28.55724716,77.24999237,962.7619725095595,1667.0965874431067,664.3156566035616,10678.895257310196
28.68569565,77.13720703,783.1652556026305,3210.09853548672,2203.802704363589,6201.747436141233
28.53744888,77.21738434,612.2948938691766,2090.1863216734523,801.3356119748638,12017.760682355365
28.64042664,77.18589783,2051.943437342784,3937.2159019631863,1032.2041850885341,4013.732907373238
28.62976646,77.30672455,613.1578284876606,4335.69019707402,449.70231373668867,2125.011935786496
28.59508514,77.0379715,2816.2111625778584,5123.479593342965,1288.2398809962315,9442.938926987565
28.60331726,77.02870178,1944.1572708643096,6336.874619993531,831.4052200352791,10164.58833133814
28.58505249,77.0746994,950.4590970510301,3940.840584245149,238.7675748769487,6518.401106244457
28.6028614,77.03192139,2242.6790924782554,6153.355578815394,599.4257737598297,9860.02687876283
28.60447311,77.03183746,2271.8272347135,6319.801204769097,500.2278868387616,9844.68121994556
28.58885193,77.08423615,187.01021058814277,4752.830359020601,1073.4443428470654,5503.896378914918
28.59047318,77.048172,2352.6833002886597,4323.60775837086,2130.400757329166,8628.728209066787
28.59719276,77.03939056,2950.512650169854,5289.989019157096,1085.3077964531906,9254.721834782564
28.59145546,77.04924774,2228.8271705573975,4407.503554168235,2100.5677374168463,8494.600716886242
28.59376526,77.04349518,2750.857656919497,4798.6401613341195,1586.3932223855675,8958.058341354683
28.57973289,77.06625366,1759.66816117274,3109.323484042724,952.427848621413,7530.387959068765
28.59462547,77.03385925,2413.503057021993,5247.114092830816,1180.852627853435,9845.17721068236
28.58757019,77.07375336,728.5290917473043,4164.222233222605,186.49904845655212,6459.788855767369
28.55871391,77.25095367,864.4440805832039,1837.1767377361755,787.4950505942095,10497.549211874259
28.64595604,77.16685486,2273.618962702002,2426.9201016356087,654.0654211089436,4495.381158779843
28.71095085,77.15992737,1039.4579959384232,3122.8028869125933,1735.2893069304744,5596.357096327189
28.52081108,77.20144653,207.10359441644923,3482.3881869253064,793.1834404539403,12502.426894617767
28.57284355,77.23291016,764.6892901751169,2665.9491706466133,459.18622425036557,10912.745554867992
28.5735302,77.23390961,710.5169731833964,2733.7867952884744,337.4933376046627,10789.5291009662
28.57326508,77.23409271,743.9169590463392,2703.2472755043304,335.7049456972945,10789.990017153486
28.5731163,77.23384857,753.1780832069684,2688.2665755766416,364.6719747276598,10818.977278852022
28.57625008,77.24266815,874.5645091146724,3104.98278308242,312.0481606656731,9905.564425977314
28.5737896,77.23356628,673.7523451631408,2764.942179951788,357.7423228244726,10802.823722692041
28.5735817,77.2335968,696.8860755763187,2741.66440380002,363.1097770049869,10812.452068719254
28.57388115,77.2337265,668.0460169433526,2773.938804150736,339.67757394345097,10784.163014335674
28.57723808,77.2440033,724.418318619434,3242.2623871126466,471.18456507803387,9736.396576121859
28.57364273,77.23352814,688.6748654744636,2748.949739037583,366.82034345097355,10814.578236455734
28.57364845,77.23335266,684.1533530575458,2750.9834604905163,382.64083560091234,10828.819077167747
28.57337189,77.233078,709.1479899149202,2722.773847450198,418.84725438735427,10867.805002585275
28.573843,77.23352814,667.0748087357105,2771.1504019076156,359.4133620638824,10802.87607137087
28.57370186,77.2334137,679.678894713273,2756.403224903648,375.02107100529497,10820.627083769772
28.57420349,77.23339844,625.1078652982446,2812.116625784402,361.69788672958214,10792.700352353113
28.57348633,77.2342453,725.1414273344965,2726.9674206149216,310.50104789328253,10764.302807363805
28.57727432,77.24369812,730.6803105722646,3238.8848855907754,445.6478985935227,9759.24370868283
28.57380676,77.23405457,685.4259854991292,2763.594242116896,312.2969642781401,10761.273077939893
28.57470131,77.23387146,585.5737614579917,2863.9771219827426,309.0821402742473,10724.444565369595
28.56269646,77.05690765,454.767323056927,1127.6736295401051,753.3329929738261,9369.911297096483
28.55953026,77.06132507,653.9613618018943,818.4955893904641,658.1234629726321,9268.262884657554
28.5580349,77.05491638,122.45584425679938,688.989469217183,1136.5493366613425,9849.314009989017
28.57321167,77.23336792,731.9526148605771,2702.4655286097045,400.568954128071,10853.154605374604
28.57275772,77.23272705,771.933420193889,2658.3771656636345,479.45370062945875,10915.027999371292
28.5730648,77.23431396,771.7085055493123,2679.8069130407885,330.1487085437731,10783.56177410157
28.57324791,77.23436737,754.0892818749595,2699.8764099682026,314.1360537905747,10768.294076041764
28.57619286,77.24498749,814.1485206404645,3155.980636701322,533.7288415729336,9720.023073071521
28.57357216,77.23429108,717.5977677335513,2736.2627261294974,302.0562265767718,10755.45305322598
28.64456558,77.1648941,2482.0081947134872,2362.798385804596,448.13188803633443,4580.755512691854
28.62216187,77.05702972,1058.0725043895477,7191.9573489782015,910.8864108251005,7352.340892203803
28.62229538,77.05712128,1044.4839980174615,7177.476875203849,897.8789558746472,7345.020686663902
28.62212372,77.05673218,1086.7367017683825,7219.974912029072,910.5225316714905,7380.784246016249
28.62223625,77.05690765,1066.3221003338908,7199.123200759544,900.7414843570317,7365.057898484197
28.62167168,77.05780792,1008.7796189851391,7147.587195851664,979.8757193709222,7271.251488514823
28.62058067,77.05583191,1232.7980024579017,7374.296965780272,1073.7831316605004,7452.596857836793
28.61986351,77.0566864,1191.2493000462953,7336.066796816149,1159.3954761085179,7363.478464377238
28.62148476,77.05724335,1067.674932553438,7206.197062588274,988.6759980473954,7324.098090095308
28.62246323,77.05721283,1029.7274656312202,7161.365459133672,881.2768301296649,7338.151247790122
28.57289124,77.23313904,762.8343697074029,2669.0031626314963,437.08138026606895,10890.981127036495
28.49644089,77.13938904,705.1808016522141,3482.220575879687,188.39593152627248,13229.15134444993
28.60089684,77.29438782,365.2727594845033,1044.1709247076471,272.0904542757487,4202.650994552504
28.66132736,77.20053864,365.75159045214633,3213.557466753429,1371.3804362663088,1467.985605268783
28.62952423,77.31233978,383.1522080278044,4464.367641341772,800.2624272014762,1593.1243618668955
28.65021706,77.30270386,727.0489512546629,4427.771357514351,144.73865673683554,3737.1339634299375
28.52679062,77.24984741,1642.3391035220748,2827.7766936723287,1878.3502505641172,13289.475506300054
28.71043777,77.13288879,297.70031047513874,3733.7813988020407,1118.0220288939267,7626.841438400389
28.55912971,77.2505722,805.3192660005034,1835.189466537204,841.6509919236578,10491.94547018558
28.52416039,77.20480347,438.73042893857723,3102.8363160047043,1288.6153070983833,12376.807480667758
28.55385208,77.29555511,1958.9974071142333,3293.251238900808,193.27926531798835,8491.142924830503
28.55335999,77.24266815,1041.9052389435508,832.5867830606851,1011.1734994572738,11493.02353552841
28.55707932,77.25003815,981.655956232026,1660.659559862112,645.5279976434018,10688.860382163219
28.54914093,77.24733734,429.9667972755673,1132.848004889336,618.2931774010422,11506.457670184323
28.48944473,77.18158722,1882.6130015021026,7295.532916708857,683.7520828748309,14803.815990533383
28.56707764,77.23943329,234.50133702818746,2042.5395124371626,893.2082841226126,10748.158323880689
28.56980896,77.24352264,526.0899502857479,2435.772730952119,747.8984257437845,10246.46656257005
28.60019684,77.07801819,497.80356355917763,5625.170871099987,689.6595566579659,5522.90212420386
28.67224503,77.10482025,742.1647135503033,3054.6818014244122,887.7280213892514,6869.607792716894
28.67725372,77.08674622,374.69451533184963,4679.470012053619,139.2114763617569,8185.86677046934
28.67752457,77.08154297,394.7176318767492,5096.466689767642,613.0220724459632,8494.760608209379
28.66740799,77.08161163,1056.9458500780104,4510.318550989372,1151.8445882944463,7601.284901742461
28.67423248,77.10597229,499.62035223057813,3173.1177975115124,1029.6000074347219,7032.76437444023
28.66983223,77.0897522,308.2157017977176,3948.904698977883,631.3890232150502,7335.340732920946
28.67886734,77.09030914,410.6248458925988,4543.227413413554,194.6652528028088,8159.005600037245
28.66515541,77.11771393,1197.9023451631917,1757.9491951569726,863.1906985047937,5722.021832013642
28.67303085,77.10009003,627.4263954921433,3414.5204667026696,440.4932108739147,7138.85232059342
28.66560936,77.08483887,720.5647329427196,4140.582491587535,1021.5142116588864,7246.02518749959
28.6690979,77.10926819,944.7100568130757,2519.0920300338144,879.6736616302021,6385.001828070536
28.67230225,77.10652161,650.7253294889699,2964.16351744517,1053.8275498191156,6813.297207944299
28.66357231,77.10487366,1240.1275098252527,2346.93308407526,572.105867749568,5988.952927161932
28.66799164,77.09541321,258.93686100584296,3378.355541063258,448.8845717805625,6864.454506118936
28.66722298,77.10626984,1192.174900406189,2531.2580183364626,764.4711275152822,6300.377502339476
28.6673336,77.09805298,516.9893171048532,3128.187171195987,568.3933020870504,6670.645883381609
28.6626339,77.09477997,281.26224498608974,3122.3933611134826,1015.2567405081832,6397.716950212911
28.67759895,77.09489441,91.70093862598074,4131.268838420363,489.4436729993269,7820.379272919256
28.66461563,77.09416199,200.85790479184072,3278.6601632922852,837.2476870417155,6613.849948122395
28.67007828,77.09889984,550.0551972057066,3262.0100494995036,377.55397421392064,6898.31740425888
28.66207886,77.09619141,430.573231688657,2971.6002022933103,1086.783437103615,6269.2917256534165
28.67717552,77.10204315,258.3432453975671,3658.0985436945484,841.8455600899226,7480.014801057606
28.67633247,77.09649658,226.46522994246544,3921.925920760355,485.4798932153516,7623.595167091644
28.57440948,77.2410965,1043.2994385750155,2873.716535962309,197.22807394372683,10146.184866317224
28.57011414,77.24544525,476.75903044811616,2532.171183123881,835.0379491487382,10075.935631713704
28.59799194,77.23619843,867.2477200478886,5448.139083218335,897.1733733929215,9230.701602578696
28.62127113,77.06132507,721.301500798859,6862.358779990179,1151.046278263295,6925.2460498679275
28.62801552,77.30574036,456.60874501926327,4124.792653384036,520.7330461623136,2177.5263148765325
28.62023735,77.29225922,164.05101040851068,3198.427533678921,898.8895832718721,3500.5354323575098
28.70471764,77.14493561,1036.404122428933,3859.1032847259776,2059.291238132889,6293.287905329583
28.70742416,77.21490479,1199.0836729810742,5770.684344080117,938.2490476776243,3958.2247006787748
28.70111465,77.15777588,140.06321896557856,3249.212357747286,1807.121923813398,5031.26850931112
28.71392632,77.15662384,1494.9612464842025,2748.710844071161,1895.7796042510386,6058.130578103617
28.70103836,77.14094543,967.8583283701787,4127.1395211447925,2039.125358721643,6427.90515918198
28.7067318,77.17115784,153.47732159415182,3659.6044424665865,547.256109068344,4525.78651404788
28.71905708,77.15707397,1433.876102910634,2187.47908431702,1678.2081327385931,6454.69444204704
28.69844246,77.14471436,1069.7997069456896,3666.1886962689346,2493.3807057457348,5969.47664907188
28.7071991,77.16947174,322.1679907656949,3709.043490824828,716.1039796003304,4668.388759159308
28.69330788,77.12986755,895.7293122006361,4242.792887640439,1839.207622739257,7106.007537939527
28.64441681,77.30342102,418.1623330572344,5072.068367503314,683.6958711615864,3224.6413101197577
28.62171745,77.04036713,2649.4728062461136,7880.100902029027,767.8082508160658,8967.349823087481
28.695364,77.15354919,142.7341708277084,2867.16636178525,2397.0942731251303,5046.124237104033
28.70433044,77.14995575,894.8948933900186,3821.6561645049615,2272.8498847290325,5860.597894782639
28.71273994,77.16290283,1106.5052775217812,2999.738140890748,1589.2839054223002,5551.203715466296
28.70215034,77.13902283,744.1206701976292,4296.233310299307,1818.6096822161187,6651.295474777166
28.71280289,77.13853455,98.9404234843413,3227.6857096423732,1097.401768954869,7313.537789369496
28.72253609,77.12776184,277.614304242165,3105.1191590515614,934.8831786967535,8801.851413852683
28.71616554,77.12406921,1070.9681690892505,3824.396640815548,590.1368376780705,8693.599078664862
28.51416779,77.17008209,248.7888491364334,5354.408741690341,165.23224389501956,11839.275268354042
28.53422737,77.20842743,1023.6026164382088,2030.6770168325536,1473.3389911649751,11701.4018041472
28.52741241,77.15858459,429.131282649335,4929.034277996422,186.6843376254329,10105.979312081628
28.65736961,77.16074371,1341.1934315608066,1437.2713847117573,1108.7722728749704,4232.5590381955935
28.52227592,77.21440887,452.39085440183317,3466.2677884771447,1439.0245721756353,13103.569326511446
28.497509,77.186203,1445.914493803226,6307.081451943441,869.2325515951626,14122.533253653997
28.53446007,77.21025848,985.1112329221646,2052.1862897924243,1300.1342498051524,11796.618245000665
28.55620575,77.21265411,603.3165138222818,970.5724971733592,1045.7646315262534,10256.315134386808
28.54356384,77.21368408,102.50076523480415,1342.4258498835518,1549.774515989495,11279.361904688529
28.53440666,77.21583557,939.1446060115375,2281.8502385838497,766.3568309434518,12161.159661490663
28.53346634,77.21969604,1022.9158114258211,2332.08513880361,375.0143902529761,12494.149852378627
28.54920197,77.24630737,485.78934405653666,1032.3841626438627,705.1248941376379,11570.3755826532
28.61302757,77.09531403,366.1584322718099,4959.881285862847,1839.2455775895703,3583.4987681397424
28.69370461,77.1362915,1203.2080935318597,3939.985514940511,2151.33101695067,6524.030620897522
28.70100784,77.13773346,712.411454454009,4344.076587115756,1756.71783374389,6706.293455604058
28.69555092,77.14060974,1274.31911172062,3728.378883306677,2320.1686572756034,6202.052780344646
28.69639015,77.12693787,455.5867879331441,4669.208650421981,1410.8131349382986,7483.880351028049
28.7157402,77.13514709,363.48714790024343,3122.9606898105853,879.2908975540695,7772.624153783782
28.69661713,77.13305664,763.8528084064818,4383.751379943305,1699.8972010898071,6931.102232483357
28.69449425,77.11471558,262.7128007323935,5001.845700843627,619.6819484509166,8562.94894838625
28.70389366,77.14725494,1085.0165455521046,3904.7557289509964,2214.005599962298,6053.252318855893
28.7026329,77.14905548,864.1874214215944,3784.0106918705437,2408.2295538839862,5829.796949452993
28.69839668,77.13665009,820.4059527095558,4227.60072259356,1821.243920816104,6680.725363184928
28.53110123,77.20729828,1113.5495258025355,2353.1806855826244,1579.6969143216024,11902.623678057125
28.55139923,77.20068359,348.65113041821184,323.7144001082745,1882.8021824262498,9769.279494229395
28.53081703,77.2168045,1339.2981217768468,2676.2107419521208,670.7677249675041,12521.559007053826
28.54419518,77.24272156,100.03832292723162,866.0964108736263,1305.853850118601,12216.222677151229
28.51987076,77.20986176,93.96081061172781,3625.477306004079,1404.2404744460666,13051.810657312239
28.54795647,77.2009964,200.60275455127857,537.3428711178437,1645.723696652507,10071.362330937654
28.52482414,77.20868683,599.604006360335,3063.511524836502,1603.3365192042384,12539.392568644325
28.60321426,77.29117584,186.7398725949645,1388.6995027107723,392.90317211305216,4301.086570014089
28.60109711,77.28757477,178.51409843287186,1376.847754269156,781.572727268165,4724.18403040915
22.69905853,76.00856781,646437.2215787902,648955.306685104,647346.9036250438,667400.7240610644
28.53805542,77.24464417,590.4594233482301,1495.573189670686,1730.3844408774403,12604.005105763441
28.55923843,77.29331207,2008.5714517313331,3260.969323178789,381.491500731488,8027.045284491062
28.6442585,77.18898773,1532.9459805015993,3685.144358004308,1065.2780556481598,3514.915345800876
28.64398384,77.18740845,1637.1644938585766,3639.331929005159,930.3725536275016,3591.707788223073
28.64949799,77.18895721,1057.9504461544898,3188.349970527524,1047.517335147419,2963.488677651173
28.6414032,77.17925262,2254.298057554875,3632.2319143877507,639.2494413892415,4175.975660736086
28.57315636,77.23444366,766.1558595580151,2689.347994392878,313.9127819335341,10767.4174454593
28.51765633,77.20433044,272.95566498480883,3825.0526495447925,811.2903819139087,12950.061420903652
28.54954147,77.20098877,237.65414775291978,399.53097425488,1758.2491516543655,9940.611604751077
28.58062172,77.16493225,855.9464285279436,2787.8804329549707,770.063784357448,5018.733893563656
28.52597046,77.20904541,731.6833804750815,2943.359217725688,1579.7911671657466,12458.543017952019
28.57550049,77.18881989,652.2133170349717,2994.9764041274043,1525.3050512066009,7096.458295714354
28.6339035,77.11904144,1136.5977073170154,1859.3139451281281,1374.0104261605566,2427.866788226411
28.632061,77.10092926,1864.8232700112744,2981.1043745886054,2937.26689000167,3558.3787866919442
28.63990211,77.28276825,518.5081561736108,5526.926715576055,1453.3956929756155,4700.298703836068
28.69468498,77.11710358,372.0407829829674,4970.633268523437,839.7320258591989,8343.887041976528
28.70160294,77.13930511,797.801994023639,4282.673890771849,1867.3398856815259,6598.882540583664
28.61919975,77.03230286,2992.661741575648,7827.1120356258425,709.3691123675668,9735.583751491626
28.70059013,77.14456177,1177.2379621813873,3857.091317240813,2384.96663499945,6092.789807515844
28.70461082,77.14168549,776.2278644927652,3954.076971727597,1989.3155731795746,6557.450935689316
28.70759392,77.1503067,1142.0504354242241,3457.1702382079056,1972.6076402733665,6046.120210981361
28.76163483,77.08908844,1434.048872299973,6817.926235307829,610.9596132723307,14483.832383555942
28.74194908,77.12406921,1194.711088419668,2930.1343617458115,1375.2496498880294,10504.88352416674
28.62238884,77.08019257,530.4413305671194,5231.53365730633,1658.0663219676055,5113.22088939939
28.55504799,77.20393372,206.46944863837854,332.93376857177293,1740.9942288630473,9705.830758871241
28.61903381,77.06400299,730.8272611352762,6756.652125468241,1500.7347476441878,6644.7559612343675
28.548069,77.12998962,322.4764373614362,4194.74518919744,159.1604037009489,7470.765314420147
28.62895393,77.11930084,1285.3013643140293,2393.687136134011,1215.9015569202259,1961.9539314992214
28.54797935,77.13013458,334.65865663501603,4192.412008864465,159.18452411272037,7480.383971137008
28.61771202,77.06600952,806.8347822312076,6667.679060581746,1733.886534719744,6441.384204496711
28.63923454,77.02893066,1128.1647678002562,9304.013198878714,443.4522125494515,10401.98505075847
28.68760681,77.15588379,457.3210012372569,2041.8527606510806,1811.5156691760963,4496.3075563254115
28.67067719,77.30408478,610.3842927521619,2339.911715204796,2183.1114056528945,5600.439382801132
28.69466782,77.13468933,1029.6164560238897,4129.437236181958,1968.2025059043644,6706.930683220195
28.66212463,77.31593323,1555.1293444435034,3776.5034008041216,1950.0941998530081,4308.4126896121525
28.61942291,77.0539093,1456.3139576468957,7438.963848046318,1210.7497039407535,7630.78230124993
28.64232635,77.13056946,285.2707086203644,1114.7545671436728,1531.710127975931,3015.5616577706314
28.50963974,77.20530701,1103.3102491212587,4718.205159934533,343.2275065383462,13755.136009030019
28.50351143,77.22590637,1317.6792255612095,5148.235350402768,987.4741499351366,15445.140451198258
28.65169907,77.16525269,1744.0771437188218,1998.172078620918,1232.8741858844921,4193.11528039055
28.54773521,77.23452759,764.1479745873628,183.6451835763585,1566.1619936873615,12500.291912953558
28.55651283,77.23979187,938.8019903214145,924.6465057361777,1379.5622825673024,11462.357630288228
28.6867733,77.18975067,1792.7742503577458,2414.1424441259956,632.4114822827698,1662.9153974663748
28.58472824,77.08268738,469.71396823646234,4285.580497739556,994.8866862654577,5884.332128694061
28.47172165,77.13124084,1485.6359133398282,3178.974533985591,488.87071999208354,15957.924148625609
26.39725304,80.36131287,381244.6706154003,381973.5292856972,379318.4570039143,388369.67728846165
28.61857414,77.04137421,2633.612423563871,7517.477172741605,508.07026860960997,8847.950730705175
28.5251236,77.2080307,615.6344770561069,3021.4067976946835,1579.7420104685102,12474.432551270178
28.56747246,77.19792938,256.29159125511455,1811.325945099633,1141.4100287895292,8349.651667292652
28.53936768,77.24675751,536.7250236119673,1518.1033664407557,1509.6522472671056,12359.632781535425
28.54609871,77.19909668,105.92022907249113,812.2792296922297,1373.5984173357895,10104.416356945218
28.65294266,77.11426544,1103.5777653275723,948.2259076339526,1006.5650815305436,4533.981118660782
28.64197922,77.11476898,1260.2715441493606,1244.1587495515487,2187.64280758678,3413.6389813422647
28.57056999,77.24266815,611.5185072932948,2492.370426553744,632.9525794731102,10263.572338635971
28.56664085,77.23908234,203.84256701966035,1988.8405921049489,932.2093733933856,10804.673470484824
28.53103638,77.20909882,1271.6087728879606,2391.310338924039,1405.650885548654,12017.744892974553
28.55946159,77.05871582,399.37449164278667,759.4363897733144,869.9093305232736,9464.317624078856
28.8054657,77.0463028,558.6652681280709,12297.635368054924,1385.0390860003674,20859.82860992051
28.67185211,77.12799835,491.2915848897049,2346.5557889962133,1059.5536297800675,6307.445899795248
28.60298347,77.07823944,389.9390125386942,5924.443334652147,832.302447260042,5416.147992656173
28.76049995,77.18828583,3117.134573562718,4150.557265286393,537.9150521652326,9625.268208741185
28.68008995,77.195961,2151.794770041114,2602.623721429239,624.0848107193493,710.6415446705157
28.53169441,77.28614807,101.87110965045288,3283.631818611225,1243.7581134547127,11120.248523576973
28.60242462,77.03144836,2189.333884018273,6128.992090568578,666.3731179717092,9912.635863740297
28.70457458,77.10926056,978.40337899465,5759.810441589303,301.44005620589473,9414.963760801385
28.63232231,77.29678345,929.5577170514886,4510.936955605248,573.4338606593398,3135.8529444033074
28.56174278,77.21686554,783.4576382061931,1661.6306452650144,764.92466391747,10204.694746053901
28.59847832,77.09445953,1271.256948209616,4378.328360891671,488.11523960378327,4105.7991783136895
28.62291908,77.30869293,150.83609224017138,3653.7232896250594,762.1754252211936,1871.276732597829
28.71912575,77.06080627,2064.0802506418136,9327.183885001608,952.8058682899375,13476.634121295538
28.58851814,77.05064392,2177.825026523367,4060.6155285681193,2162.8331004160113,8474.182664028362
28.61986542,77.05485535,1351.8974237918474,7483.264908692751,1153.8634901923158,7541.796354922003
28.53425407,77.22145844,911.9583761812722,2152.619137676575,268.2265950309701,12549.795827280883
28.68747711,77.14601135,394.07503839247346,2767.0066710411543,2172.52758537942,5412.508314931205
28.56121063,77.19641113,920.0798885795492,1254.403274873528,1589.8541313388305,8701.22302698027
28.5345211,77.26069641,1547.6149863871965,2921.24504147839,2071.3586923851562,11984.026067949506
28.53479385,77.26087189,1522.4151173737373,2919.041604000523,2049.6705398795893,11949.258121787649
28.53285027,77.26477814,1825.9542128236517,3356.978486237814,2002.0676707704351,11929.863583206747
28.53501892,77.26420593,1578.493408289252,3185.498884907941,1909.3797070742846,11753.240538365857
28.52880478,77.2613678,2058.317140128987,3362.7946173663386,1633.3741086957732,12487.164138171845
28.52611732,77.25952148,1714.5413637772165,3445.183307139916,1363.8062696521513,12836.213012860433
28.5005455,77.20739746,2044.1180999274852,5737.5802934480525,388.6304090392647,14729.058963114438
28.56617737,77.22210693,266.69905201374524,2328.5930359698486,568.6476400613257,10356.582458731047
28.66560936,77.12810516,349.3477386919051,1775.7387793178739,509.1985837320829,5614.0310030701285
28.54232407,77.21628571,59.69379414761553,1622.0497533359842,1290.582628273778,11556.865145108646
28.62307167,77.02771759,2555.1694726067353,8384.649061530885,926.12296843182,10210.243227887606
28.68412018,77.06329346,309.2252579708833,6978.827595496553,597.5619102939864,10175.615845441962
28.54838943,77.25119781,201.64256640230752,1511.322638281262,416.73519471474685,11315.265342667133
28.60975075,77.33620453,2445.527344271475,2641.952891701276,862.9070046130361,1865.0885370548424
28.56655121,77.24948883,86.61766006716202,2369.1702567471025,1394.2906108849936,10015.619467863982
28.57376289,77.24230957,968.2370864768216,2827.556752599911,334.66350752665954,10087.942224011842
28.55690193,77.25279236,1001.1269545341578,1883.194155881347,563.3961956138023,10513.852737216073
28.65097427,77.14252472,1594.4548546858725,840.6864915148498,1672.158961213546,4106.298659542772
28.5719738,77.07344818,2141.5325008667073,2605.2945038655557,852.002016692269,7466.574364766697
28.65168571,77.2829361,950.5501459580942,4241.65579019107,1791.3407149332445,5297.853304608017
28.6300106,77.02949524,1925.3541039703434,9053.92930905729,643.8456802391196,10133.238668608261
28.49897003,77.24090576,1534.3987411845033,4221.533290762607,1021.1582770699243,16360.492248656488
28.66662407,77.14854431,647.2507635902883,1002.6013915376674,229.8921587453802,5046.42588449161
28.64709473,77.11058807,1462.957620466873,1301.3012665691485,1571.3707692230835,4110.202080828033
28.49818802,77.22428131,1929.499013603958,5759.585549311084,385.0986339133465,15834.332993740823
28.62274551,77.03400421,2844.6574629582005,8150.874820255702,926.6867419190708,9595.78220310184
28.52508545,77.20816803,614.2694736124753,3027.4238143714,1586.3395389813636,12485.832031209251
28.48589325,77.19045258,2669.129312482831,7473.351661348273,302.0709300110978,15475.942151748375
28.61747169,77.03393555,3076.000611501472,7594.069154919687,466.7208120986416,9569.535646612214
28.62259102,77.03320312,2821.029179873639,8157.677492165126,946.554621329307,9672.22071129558
28.6227169,77.00772858,899.4990254843116,9229.419018473971,260.548785151085,12152.634302896984
28.64933968,77.09960938,1288.8046082015758,2328.700080544251,1475.8238246808019,4933.388350536472
28.65214539,77.30839539,1295.0998840911086,4387.509902058078,730.9480697450057,3580.239236062957
28.54410553,77.21393585,154.9167106456854,1318.9197359192583,1583.3920723325054,11254.347964586541
28.6330471,77.0348587,2006.4017152605095,8853.135267210046,451.79193202900854,9680.307803379528
28.63978958,77.17873383,2440.3458118080107,3772.9212736967384,815.3514219829343,4358.208928894516
28.54659271,77.23588562,607.4732844138026,267.754706314129,1749.7823698488196,12492.202815461043
28.67323112,77.1319809,593.0332678552506,2188.6831287158457,1117.0709414356022,6449.053529574124
28.69985962,77.11240387,378.75890472665327,5629.445103738399,544.6212210320415,8950.411934024864
28.77301025,77.0762558,949.6724289167038,8481.975003224132,1412.4246849792735,16260.00437835386
28.63502693,77.28720856,181.22431361469378,4902.480881524609,1534.1213817427604,4116.890693801723
28.53348541,77.21110535,1080.5973156563714,2180.9756857613843,1204.3235827437825,11932.772989701054
28.61662483,77.09482574,653.88237384857,4660.492538969114,2212.6957275768295,3625.9991425123053
28.50177765,77.1879425,1160.210695642061,5804.104814555368,495.4433047980617,13750.380994712812
28.52691269,77.13584137,919.7607818437672,2848.80943931475,951.530302566344,9828.206519710939
28.56025314,77.19493866,1013.4757821319647,1264.7070940629003,1768.7379577293857,8672.525963910875
28.50938988,77.23176575,548.0800118818371,4421.227368926681,1781.3174460048883,15282.826949823106
28.63128281,77.30278778,641.8242197074946,4433.65553721614,74.34850154393676,2540.6541783095304
28.60050774,77.29367065,288.2196696060478,1021.0246010870488,338.2853793372723,4284.263668877062
28.74312973,77.195961,1499.94941364269,4135.636766184509,642.1779151816916,7639.359866452986
28.62061691,77.05524445,1284.4203283432917,7423.865327879203,1069.127907865714,7510.076627313917
28.61880875,77.05899811,1066.8038030126354,7192.574804512584,1317.243070764939,7130.936290213437
28.64182091,77.08261871,716.0420119252034,4091.6889144347297,1367.231312080093,5649.049990738466
28.56263161,77.04360962,454.89969779540905,1821.123417069975,1010.4665745753997,10420.60308353803
28.7080574,77.11795044,1074.0474780666661,4873.061912294806,366.8461364398507,8785.116829541146
28.66977119,77.08420563,837.7012299247239,4406.40540000602,800.6929914692715,7646.869263820862
28.63135529,77.2289505,1737.642437539902,7358.433572372815,695.6411066987026,5592.7448127218095
28.62361908,77.02622223,2453.4008005565424,8494.412385000825,778.8036376098518,10360.952956083922
28.64127541,77.11600494,1158.6849225792084,1227.47602547741,2085.9824347367307,3286.9181406091793
28.71208572,77.12065125,1329.5995287809505,4374.49437551053,442.08167533051244,8752.072320951736
28.71543121,77.12310791,1188.3233135035334,3948.712532930765,563.6011548810269,8730.252454037354
28.71014595,77.12358093,973.1601141109838,4322.295641605133,281.5615363360742,8398.223311233347
28.72058678,77.12262726,792.5524132646188,3641.3308490499758,399.6399251976117,9080.8933239037
28.71422958,77.12690735,1011.6931288787262,3769.7960202237987,838.9256076595344,8344.761271611558
28.62281036,77.22541809,2122.825668920079,7750.399184178665,372.71971110977427,6279.720918023293
28.60958481,77.33032227,2262.239938705183,2786.1585592927026,958.1051072683904,1709.4285883179252
28.64836502,77.16783905,1989.3355723854413,2377.1269817352363,937.9786557218147,4239.991708389526
28.65598106,77.31162262,1802.4279535976739,4127.301453650584,1198.1607012592974,3808.4377156850833
28.62759018,77.02870941,2125.8503637145022,8823.48644462873,792.8598637747417,10169.199588552932
18.97104645,73.01772308,1823.580616370841,3994.5000910656026,235.4261670637136,8507.454640749842
18.96637726,73.01280212,1530.4620519395592,4507.437595852089,685.4915226595065,7974.067824687959
18.96597862,73.12464905,54.96691579530917,2423.1506596110994,1022.7880171975361,3542.9793941885955
19.21359825,72.83363342,326.37011859067434,2772.8217771335003,949.0313008092322,3858.1693699163534
19.06293297,72.89239502,203.5437976520549,5070.585526435497,577.7204362747367,3171.2744861805095
19.144207,73.24699402,12619.871294660321,21976.232210817085,13156.139709089204,14539.536928112695
19.2275486,73.08150482,3694.2615256492813,11711.802336851644,607.9250650725003,7927.499461490042
19.06117058,72.83162689,569.6381442080359,4711.482102098017,813.5631526744318,4125.600965637897
19.10876465,72.86569214,403.6953348573695,4561.5558478436915,994.655887727292,3020.7262438704893
19.30729294,72.86174774,1245.8771930731216,5073.83711852012,314.3215329933429,6137.604774413926
19.17330933,72.84157562,368.48244292865803,1296.1579281621346,33.197803509396394,5298.229507892231
18.91975021,72.8295517,683.1629274743026,1420.66451681432,1667.9617159638597,11399.950637715197
19.03683662,73.090065,660.5052969450933,6337.005246123334,803.703535681254,5104.603431626994
18.98021317,73.02484894,1323.0828629213004,3144.6161552072595,656.0183245076458,9368.158876481642
18.95307922,73.14958191,1096.001470063703,4923.831573486821,3973.426104781074,4858.8432539798605
19.65348625,72.71968842,36560.33074430775,46324.36048600951,37351.64751329892,45850.382878769684
19.02084732,73.02590179,253.52961724671965,1940.5346069580014,272.67559414910954,5650.255128663142
19.21083069,72.8747406,668.051779701195,779.8541566225726,3158.1279048656206,3453.4124655698456
19.04330826,72.86363983,64.31522768752973,4229.610611729255,522.3496621507982,558.2936055007877
19.12363625,72.83045959,111.650583333163,659.9789022040709,482.62811941609044,1038.6980184185593
19.1133461,72.83358002,242.73463649846147,1846.7981415957017,243.48355863267295,1036.1514647479923
19.3658886,72.8132019,3375.3106572930074,13094.78043472032,4015.7800949931343,13998.683816655332
19.22567177,73.10028076,2049.0952479823104,13624.111301142446,687.1094007948074,9600.913331680928
19.11515236,72.90356445,495.6733224008658,1326.4204642069008,408.7109778072435,967.3305761799218
19.14553833,72.822258,937.4223571739792,1191.5864095358202,482.7725475716308,3331.7271939169177
19.13976288,72.86218262,239.83797110356045,3046.404368189733,204.4241272436998,2203.9160388723362
21.23942184,81.66488647,919062.7730480169,926523.4320742332,919178.5380795294,920993.9597056978
19.21168327,73.01448822,91.88394176348787,4494.864446103319,950.1908675123035,2212.3303775368618
18.99790382,72.84116364,384.663902976192,2483.900757130819,775.5716061613232,3588.14187916592
19.12285423,72.91291046,252.50301107984203,24.827309650907136,714.1034948464827,1087.345534631336
19.01498032,72.82868195,136.64934711585676,611.7531142520135,843.9249813434011,3898.182462332314
19.08686066,72.91500092,335.69252926342443,3965.182241264542,1888.999913391178,2443.8718109845277
19.25585938,73.13314819,4032.3340216511165,17740.940457851688,4046.6134022503475,14196.837976657062
19.01052475,72.84575653,273.25930313588907,1639.9634891364447,886.3621975344598,2344.673389626727
19.04731178,72.89689636,645.4796007402588,3882.853500717782,175.00370306849882,2845.254612966955
19.10355759,72.84113312,157.87374687839804,3157.5163298086773,382.76869300279253,1897.607199192875
19.15442848,72.93182373,688.0714071401998,3756.214798389997,811.8723803696987,2028.936787140915
19.22160912,72.8599472,533.6220961214085,727.5084155408061,1201.7204675383718,2519.162251233486
19.207407,72.87836456,1091.4789804848483,1252.6700093045552,3097.998056793062,3051.9153769790873
19.13842583,72.82830811,366.677583363479,512.8818361246509,447.66867330973366,2323.1309835724546
19.11651802,72.8895874,274.5144355896523,2574.3108355786558,364.48898519828856,2237.3457265671113
19.15496826,73.23058319,10628.588728487523,21977.714135332008,11209.36461814529,14458.405452435
19.2192421,72.87139893,523.3981539936445,926.667936901947,2401.5318243123934,3307.6374225118752
19.03691483,73.0173111,1144.2018241713922,3351.12070117503,691.3130650778028,4471.559807623432
19.00593376,72.82901764,220.67351925910364,1488.055458550238,474.22214987787453,4151.089053127186
19.1339817,72.93009186,169.82290538371626,1487.564304199385,1348.5934316760236,1454.8531577423673
19.02178192,73.0182724,689.9641551212821,1696.9505693196147,443.0390577175289,5858.7584124300365
19.12942696,72.82150269,1010.9953586072772,681.2091126070784,657.2121139327795,2159.6284146506546
19.20812416,73.10401154,836.364648765508,13880.296761385527,343.5293320865178,9401.7032966368
19.24331856,72.97618103,38.93045253132615,3911.4959197396665,500.3136894127876,2207.7990762749223
19.29587364,73.20278931,11916.136706746822,26124.85191149265,12472.450651521145,22752.840023647717
19.06196213,72.89355469,53.95384045237355,4909.137618064622,721.8588967913694,3212.9040026455705
19.40745163,72.82662964,7218.598634838501,16799.18709925766,8135.712777117841,16515.35595395023
18.97242546,73.11148834,367.11166572865415,1872.9981865894597,684.5602435230116,3691.5086550969977
19.23654938,72.96591187,1041.4361411015236,3192.8874869588285,258.1537732737258,961.7708699557469
18.96935654,73.01952362,1657.741354196706,4199.804579933553,96.46186914565149,8687.23516407472
18.95569611,72.82301331,888.1377082054308,1325.1977372576287,1236.2495718244697,8489.433997833157
19.11567116,72.88295746,641.7986156451423,3271.2725055386722,414.65393182411515,2855.2012896104193
19.25835991,72.98197174,1150.824308111638,5658.377776873658,241.1443704645237,3658.659864503189
19.10572433,72.88311005,164.73503757866268,3689.352264885456,335.39397627188674,2723.951165242447
19.22521782,72.97000885,756.4590646539046,1881.6270145937397,415.23471784213615,1803.6759044564528
19.18353844,73.0874939,285.60650292388016,12456.93973846697,1071.4223734452141,7116.3651207932935
18.95371056,72.8004303,804.9459339542856,1821.2882645140858,1157.1730562425737,10101.743315542888
19.26645279,72.96285248,389.3916118536979,6525.404647204429,757.5030224224837,2661.8063709792573
19.05635643,72.8288269,881.8905119847863,4195.8190891223,567.2113788326344,4229.015712671319
19.05235672,72.9146347,544.9387966350587,2500.112111625553,979.9435572350992,2493.1428363239843
19.00623703,73.10948181,188.89447585983243,2372.08792565901,339.9483170353738,3771.461296833652
19.02109528,72.83779144,56.11129753374013,577.6042853143686,888.7242684085905,2887.3719757857893
19.12298965,72.91322327,219.51772147091444,11.39355393898607,692.1405674968461,1071.3355252822923
19.15336037,72.88577271,2218.5310904580647,4320.176540052139,691.1425085081551,971.1933406886175
19.02898026,72.83972931,172.27944720542257,1341.595673965885,1777.3637055071617,2834.732676032242
19.12310028,72.82797241,268.86269409306345,665.8598659299826,498.1928115099931,1273.9951102429293
19.06175041,73.00650024,533.837179866294,728.3313599998105,1032.513248042695,3907.705502851454
19.13805008,72.82532501,682.0857237548689,811.718334052341,348.5387930923708,2467.3491420531345
19.16552544,72.85199738,664.5173646439529,744.9463375569385,1264.5021609930004,3904.257348842201
19.16906929,72.9380722,158.01994158934406,2184.680367814861,1295.8230777862957,1491.8139640887744
19.22232819,72.98812103,248.60206317537248,2309.226539706684,469.4106250820717,3603.61942769085
19.11657715,72.91240692,683.4359371901188,670.832240762404,1304.9593654509226,907.3080178743166
18.96496964,72.80918121,175.78353638336742,456.5246904619534,1388.825772986673,8558.361242732282
19.20110893,72.87722778,1289.519153672546,1576.6627770937243,2612.5688965899685,3054.1812397871836
19.14808083,73.07962036,1750.4649141242476,12288.608898802859,423.71732626704056,4074.2739799668793
19.17455292,72.86763763,880.792748906408,1941.2393665785423,748.4597389876759,3534.3835202627897
30.88825417,75.84442139,1317247.5973529303,1326606.9572828445,1316882.8771634316,1323030.4661030746
19.00311279,72.85024261,391.1143149333248,2527.8769068432644,1330.296924001523,2518.3210662617125
19.22903824,72.98190308,549.0933903500693,2528.8320882196144,323.25644479877514,2733.918544105753
19.23309135,72.8415451,77.15139755984374,1658.5955144148588,488.18637194290426,1629.7694080210488
19.19689178,72.87253571,1213.4014619327766,1603.0736511241012,1932.3936588428794,3227.4310032502067
19.19841576,72.83609772,222.07065750923897,1478.7622488954523,727.821556727778,5280.772130390103
19.03841209,73.07059479,270.91083134604963,6829.324091994975,326.5564993914424,4484.269766100834
19.14773178,72.84082794,240.67353431306643,1165.225766260525,486.6134540103896,3021.433733625933
19.15707207,72.84046936,524.6140655979727,611.0008120461844,656.043829644339,4058.707310900965
19.21637344,73.08179474,2904.354378947572,11581.243755985393,956.8937928059228,7412.558432486795
19.06782532,72.89997864,140.34794992416792,4802.354527465528,678.8710628116088,4136.175143015629
19.01773643,73.09333038,837.7329767112865,4385.977132494893,115.11322117151445,4771.850900531558
19.26725197,72.96692657,57.803219416660504,6566.094961270196,585.9398146542164,3096.714258402488
19.06709862,72.86737061,129.66699862783008,6479.741124246732,893.4138459141012,2285.811151452249
19.04475212,73.07056427,378.21414470613405,7214.109723363214,482.01353728663037,3972.538836001602
19.18934631,72.96398163,77.6530453617817,1422.044468446257,721.9912882506933,3032.5419257788362
19.0598774,73.06433868,432.1598057630844,6664.582803397771,208.31139055326446,2476.8693708112396
19.03714943,73.09010315,690.4910667066598,6365.292291063231,804.8662981295417,5107.99575952183
19.04022598,73.09493256,955.2487674079651,6442.682995603457,768.4330746265784,4706.009069147785
19.03874969,73.0954361,918.3385980053571,6271.219361780018,599.6299429896071,4607.737521492114
19.03690338,73.08908081,608.0728970022174,6395.179956033594,700.0456367794084,5207.371755603417
18.96582985,72.81555176,373.3503051746984,916.0971292951868,1033.9307035437648,8038.5564781399125
19.03648758,73.09268188,779.6437167686412,6171.212541410053,655.2168499202097,4827.492741745741
19.04291344,73.09802246,647.4275369924084,6596.831968376379,976.1252535887818,4504.025337097362
19.20370293,72.85730743,529.7112987440845,1390.9707918478866,1795.8835991966573,4420.4575273132805
19.1109314,72.89659882,858.9837785431935,2190.622534455002,623.6392314925934,1332.5735942366746
19.12780571,72.89354706,168.32350057493082,2127.257138656504,979.6270990681336,2268.800164805849
19.1422596,72.8319397,55.28018093039493,165.67457655651518,443.4274461936212,2548.548402099997
19.00309181,72.82584381,388.9629324186623,1897.3565322204495,567.6320386528935,4585.551191821745
19.00612831,72.82883453,247.2717064498636,1472.6527026747483,446.59726028421824,4160.252537042272
19.13937759,72.82843781,344.56961306263867,453.2362411550202,345.86013556537915,2407.385422251174
19.20380211,73.09098053,1270.9624051115204,12522.479557702172,337.535594469277,7969.224416490592
19.1389389,72.83456421,288.55333055051045,306.8706164920335,816.0552540976183,2114.6024804664703
19.1420002,72.8259964,574.9869516072039,690.8412853731514,186.96282452996712,2788.89783726972
19.1376152,72.82183075,1052.0074518699398,1147.1076543577528,171.42330916027515,2674.6073339568297
19.14537239,72.82387543,769.8650385644451,1032.3280775158669,521.0419931608488,3225.0435533105688
19.06432152,73.01615143,116.51053199136153,1576.5216348126473,549.8329802750559,2856.9205763688574
19.13553238,72.81269073,2019.175228448676,1758.4816048461646,568.4805397981977,3298.0542341936184
19.12845993,72.92731476,133.86515037281876,832.1475966817751,1342.8147299071168,1454.3382534759492
18.99817467,72.81955719,178.77057801726582,2687.354400825127,788.7893757107364,5421.151357823236
19.12927437,72.83625031,521.1212714728516,869.3876120520979,135.5491162913014,1036.5823147463889
19.12345505,72.83013916,98.35653089557182,666.3205071576981,519.9061294884931,1064.331239734867
19.0951004,72.8605957,787.7251252023405,5101.780028509395,1536.6882353718036,3577.514204077142
19.06231308,73.00275421,207.21319825674115,442.89741348445875,657.4087429764515,4282.141891085395
19.06126404,73.0033493,198.52300143072654,574.3944033832629,776.9815727463649,4242.8958696231975
19.15450859,72.84287262,260.3623617298798,922.2205288418303,302.3692126985703,3786.826410452014
19.17645264,72.8687439,995.5273439741865,1818.5772997791785,746.4057216350099,3418.627415421717
19.18372345,72.86148071,315.04942705254547,745.315423260012,287.826896704602,4068.909569572174
19.14051628,72.86472321,350.7062308543094,3139.909879978605,304.42352615810717,1924.282177258132
19.19229126,72.83625031,177.41305706108218,801.1107614851389,531.4037865961355,5922.918126735082
19.11918259,72.90559387,67.86004095300358,895.0800629175488,655.6885686656955,1283.6477028796548
19.15246582,72.96372223,156.06253551093474,3712.9374131855197,1020.9458979482921,4613.018454322664
19.00893784,73.0166626,626.8183369388252,298.66768960480283,233.96266469917398,7230.934450136842
19.19844627,72.8572998,359.87352618212435,953.8163535057153,1505.6742358844513,4774.302146514132
19.14644241,72.93894196,288.13671873565727,3109.0453173418373,727.9768530919861,2222.0594207222935
19.25697136,73.12395477,3965.256030275754,16861.06581208488,3156.7561035202857,13436.609130213501
19.11686325,72.86997986,595.3027757993352,4583.3747111149205,810.2536228472892,3197.4145745063256
19.01880074,72.85024261,149.19450764731533,1827.9148909910018,1455.4529333558494,1593.2089709061838
19.11166382,72.92677307,110.8789922320363,1038.3651819380402,1376.1866416088574,350.150029653687
19.09415054,72.90492249,295.82458187155584,3282.2860134948655,2390.510384197305,1604.0062144383985
19.07976341,72.90843964,702.576822485045,4783.045959257459,921.2052769280206,3148.325024562414
19.12584686,72.85384369,253.29304707683792,2741.2441693491805,1687.8401534022805,1587.4340344943475
19.11114311,72.93238068,222.6517470299641,1249.9286328291655,789.4639538037034,941.3237356328095
19.11466599,72.85807037,268.77251939088796,3545.070085746526,1770.8046592098294,2028.8293922961425
19.14356232,72.82190704,987.6869413177832,1148.7399920728444,309.5369410483087,3172.7362988767627
19.13943481,72.8208847,1137.591419222585,1226.1243118266127,143.13954398051465,2888.9839813531635
19.22233772,72.9827652,445.18121721150914,1930.6694759138088,386.3070670610422,3098.6538273975516
19.14082146,72.93312836,122.16608956225117,2306.1184093244538,796.5564950463622,1533.7587891677056
19.21862602,72.9929657,614.2502734660784,2495.0138049181373,586.3949660061637,3846.2738126228996
19.14466858,72.93262482,188.32732007826542,2705.120651152516,406.6259790912265,1530.0488896769346
19.22969818,72.98433685,812.7787324477192,2709.9085899114016,331.91092155663307,2963.853652688026
19.19719887,72.85442352,613.9459118507824,935.6456770020268,1441.4055263915986,5019.043726165588
19.1423111,72.81121826,2117.306104345165,2237.244629148711,499.61190616149725,3854.480551673138
19.11652756,72.84729004,115.59324559641533,2463.2585600519064,1018.7901814393152,906.5274028044985
19.10038948,72.88574982,180.39666369858983,3816.003709370987,500.44975906047995,2579.682942360574
19.11784935,72.86292267,697.0108968687631,3878.2119369709217,1351.4656493194152,2448.0503264101953
19.19936562,72.87325287,1090.4012214023198,1515.5253355173443,2180.5008823209655,3290.986148149345
19.2212677,72.85808563,501.7998532007467,670.4501200139911,1061.2698295686248,2504.6763897381825
19.21415329,72.87637329,887.8892527516034,978.5561005414601,3112.5292422538478,3346.013390348952
19.21974945,72.87100983,499.6052054486077,960.3550615434374,2343.2091056503405,3237.984555596912
19.21288109,72.87340546,576.6071773403056,642.8204740183817,2914.4433437952644,3623.995053611212
19.22581863,72.8638916,18.471269366170077,844.2417466290732,1454.9382733306281,2260.8707590230238
19.21932411,72.87076569,461.4167910133808,906.7872944099137,2336.35408104659,3261.309780913142
19.22089958,72.86664581,139.04105485276517,1012.7259156343197,1869.6579571429868,2878.798388869542
19.22282028,72.86439514,96.36420700464781,999.3096741630717,1574.9904283416824,2576.749062717491
19.20486069,72.87245178,637.2861226085691,938.8282748350456,2614.4322154799556,3683.747543769135
19.15259552,72.8908844,2570.853722950974,4041.732468126651,434.7174655736192,1116.0894251703778
19.13939095,72.8276062,431.8474010672499,535.152448698174,336.3107769393562,2453.147688882671
19.21240044,73.07834625,2905.126591726286,11194.065435589013,1122.5118348957499,6918.960127450249
19.25734901,73.14263153,4588.533468300284,18741.20786505849,5053.6905842526685,15145.534286349664
19.05629921,73.01454163,522.1505780442496,1766.5818761003777,996.2077024629551,3298.1273966961094
19.2116127,73.09185028,1811.8117145331746,12608.260780177097,312.658133525044,8246.942788537983
19.03728294,73.09191132,813.4813576569029,6287.180069816739,766.2829367366559,4925.797461872337
19.13736153,72.83709717,562.0029438375418,622.9286566917518,783.1245433698984,1887.8795014987543
19.12937355,72.81874847,1297.2304627807725,970.0312284167779,439.4793235698262,2418.37838198317
19.12853241,72.8184967,1316.7356693982686,997.8831131344111,460.2080718931844,2406.668369799266
19.14013863,72.8083725,2433.9690714352996,2398.1786426799267,784.0597335074343,3953.8136704079966
19.13820076,72.83409119,234.8442370382138,341.09322634405066,787.0647819464534,2049.453518689903
19.14911079,72.82739258,425.6747108853893,1061.3501257490336,456.4223039901493,3430.177925577408
19.2196312,73.08188629,3160.4099516607735,11624.095122100074,748.7680364156294,7562.0471861400765
19.21056747,73.10176849,1057.6678731637821,13646.796923286463,433.39237784055155,9228.068077924314
19.20559311,73.1026535,825.2790316739356,13741.274416624976,206.1261616689816,9211.018327145495
19.21898079,73.09443665,2094.8119786297893,12928.253509737342,772.5620568289397,8756.287196478219
19.20754051,73.111763,240.36599328014998,14694.530450555598,433.90934873045035,10190.37084556366
19.2053833,73.10295105,806.6715769683826,13773.064851529081,245.11693112697375,9238.009285005717
19.20507812,72.8368988,313.42566042058,2223.406000062973,320.46177027827565,4556.941002649181
19.00924873,72.82285309,285.33064777488323,1495.6766976474166,271.9908050592459,4637.821827393745
19.00977707,72.83037567,275.77693872159415,1038.2223855763627,576.3813941813586,3864.880509885384
18.9646759,72.80456543,304.4067949970604,537.9030031706346,1743.0808297619544,8922.442530274944
19.20833969,73.00676727,340.44025042512516,3669.173071371305,594.9610864113421,2081.7694620073025
19.2173996,73.08202362,2967.9791901287426,11614.462965552086,947.9163774658472,7477.496083273058
19.06058884,72.8377533,77.74938590657486,4673.480287093042,432.741756582485,3513.728555930726
19.06928253,72.83715057,53.67596838382667,5629.859570338875,1355.5977026330888,4086.858272061804
19.22358704,72.98096466,480.7948452279814,1944.031866321982,397.35036278711584,2866.457280869696
19.12290573,72.88780212,458.6400416977528,2660.849687237248,607.7624746984934,2549.816890047218
19.29271317,73.2019043,11606.718036970831,25909.61937057144,12239.768273119855,22495.787747194143
19.25117111,72.98174286,776.6774986472099,4870.450149942488,235.92026809034175,3138.8128357429955
18.90356064,72.81304169,2940.060151321409,3803.0579330371056,724.8723653366427,13747.508563324556
19.29709244,73.2027359,12006.680720787499,26170.344553843126,12526.662475820889,22817.159302186377
19.12512779,72.88330078,377.55045898113246,3143.1735009856793,354.3037350715174,2239.6700810351376
19.09175873,72.86543274,1156.1540488135731,5719.858167195221,1438.0063526057445,4185.825471463126
19.29537582,73.21504974,12837.254873588075,27303.921542394215,13622.039308908026,23843.45118526326
19.29711533,73.21921539,13297.531743082413,27781.264012932665,14100.052219852229,24319.746227887623
19.29598045,73.20859528,12369.642355931226,26695.795276807177,13029.37361532761,23285.681035198213
19.04355812,73.01004791,519.839815132962,2664.7685708027648,501.82044873483255,4465.708844016143
18.98529816,72.82453918,32.41826273450829,2579.6269074740017,919.1912810250351,5820.128687942067
19.12072563,72.88448334,694.6698872585949,3019.5768085446625,395.4174261147985,2736.1602280429943
19.1086998,72.88961792,209.41148185029562,2934.0369619357734,1037.2011974846748,2028.799986280582
19.28917503,73.20214844,11360.842891024167,25794.111006951993,12106.549529309006,22324.84853786215
19.18132591,73.09023285,250.0502175744101,12793.255361026699,1311.2692003044779,7126.759256232583
19.13804436,72.82541656,672.7480406139605,803.0939548135746,357.80932281465476,2460.9307761788364
19.21030617,72.86837769,35.21532705115357,197.73684109789073,2679.2353210322863,4010.814893478672
19.1701355,72.96131897,539.766811805769,1829.76120796115,319.014425768962,3310.0334703119447
19.70185852,72.75614929,40741.458621310696,50321.38872773244,41689.7828210761,49299.52814961436
18.97681999,73.03240967,456.9671627062298,3817.11942625096,164.91727550190726,8734.171723019357
19.12564659,72.92160797,72.3967863836883,740.9467988371662,834.3385280470538,985.3074819802165
19.13068962,72.9316864,506.3343024238733,1199.5192283520123,1680.044307916608,1808.9157018603933
19.00169182,72.818573,268.0080203265938,2424.786948562952,998.7364529223391,5346.195834942098
19.16606522,72.96521759,50.014833333008994,2434.7235341288247,346.74362431044005,3867.9633277955345
19.22795486,72.96818542,944.1977125517941,2209.576197744518,438.6451962344741,1466.0441325314807
19.2326889,72.98698425,1116.8638528637211,3136.5907770826266,72.40051144162592,3184.741340589899
19.21623611,72.98061371,136.99402460320817,1270.5425874349492,178.81452576476937,3298.874468976349
19.22039986,72.99340057,527.9281176506572,2630.2207736547916,402.17921618014964,3973.2743857756586
19.21181679,72.98913574,170.50494546157802,1857.4280625183508,246.04694317458168,3602.638294369958
19.27772713,72.96806335,812.0320675164821,7720.817709222099,290.97564044399985,3706.2893290357933
19.03296089,73.01348114,678.7443836598975,2905.0683156715127,193.44812557668698,5065.214878700051
19.02576828,73.01863098,443.634124323799,2138.89996404257,137.80175326629333,5446.74184243329
19.22076607,72.96321869,1531.4543451733896,1646.9458381813452,462.3817578444336,1781.2405480542893
19.00762367,72.83289337,43.43969089046572,1244.4369125851313,507.46401273572104,3702.5217344465036
19.24264526,72.97179413,427.6724704655403,3809.7908042527715,148.99898528648376,1757.8365604899507
19.27105522,72.96084595,223.9311928471937,7063.499005943018,762.5772723761845,2672.016584639163
19.16233826,72.95344543,753.9309152127303,2402.065687937442,218.67584070200334,3074.3251599956607
19.22845459,72.97849274,217.53304940796173,2339.11040003743,548.8533487409206,2411.3464400430944
19.22190094,72.98513794,283.17273274871695,2052.7080734165406,401.5067661553634,3341.737185246217
19.23166466,72.98756409,1134.1779816606504,3071.3336568204177,83.88497022238407,3258.638098627457
19.29767418,73.21498871,12997.566545310003,27389.367345258415,13718.408822091951,23962.17410301165
19.20904922,72.95788574,1214.1701582835292,1465.4822750742205,1389.7168524126957,2033.6393873618422
19.24797058,72.97835541,292.63161062352185,4455.026543217757,156.1093404658619,2647.7966323896976
19.25382042,72.97923279,703.8871832415258,5111.932361189001,630.9785199378135,3106.2717548895494
19.22790527,72.97861481,185.58958151326198,2284.870192078099,514.5725815055821,2444.1533681799588
19.2348175,72.96658325,996.6861730665142,2990.4492836861223,425.4946605972465,1030.0675124720392
19.23353767,72.97278595,364.75402062253306,2798.8935181789875,143.20697075419938,1693.1816215317322
19.26469803,72.97274017,518.5374985293191,6262.683822628677,230.21591152910713,3627.5860152954974
19.12384415,72.82418823,674.9280573952012,706.0446189301362,241.8143398332386,1680.0252380114166
19.14579773,72.93276978,232.6989849738989,2830.826937039191,339.50628413680187,1580.913591147485
18.9430027,72.82634735,312.3459343811474,1015.5508647685806,931.2965536458274,9565.354563719358
18.96272087,73.02055359,1133.332223152311,4945.306058437756,416.6148946558714,8798.564268401242
18.97668648,73.03025818,650.1572601480383,3726.3724983029465,346.40963064176646,8927.359021394854
19.14388466,72.82450867,713.5823707149798,900.7020993704201,375.06046704027057,3049.2472940605867
19.16692352,72.8318634,347.20305694803517,1078.5693851876256,655.1772844537961,5220.548324529531
18.95638084,72.82091522,853.7214254106074,1553.7234310029057,1460.498082393677,8542.99622363447
18.95347214,72.82328033,720.9892482661625,1187.3222872639865,1081.7033732204186,8686.862128390243
19.04881477,72.8870697,549.4859770402509,4922.079412377614,644.7403928336058,2051.3660244697553
19.2595787,72.98374939,1372.065681701637,5828.751503367743,254.20966466020892,3887.2865156999655
19.25719261,72.98681641,1574.9978911644353,5651.013834333069,329.34196126924456,3961.253766003137
19.25846672,72.97864532,831.1129327546762,5614.910530899859,376.85241450253704,3423.8738907949914
19.04686737,73.08036041,191.841476405717,7818.013951626486,85.94461874654674,4649.56403569901
19.07176971,73.07008362,121.9690199921038,7260.832663036994,171.87844938704444,2875.8708416520108
19.10857773,72.88459778,189.2907496167216,3396.417125034405,688.8944043287352,2555.6773299378856
19.06379509,73.00462341,299.0841454319774,432.51038067375134,768.552167988561,4061.845079621861
19.04724503,73.02110291,261.05764510680604,2952.2184480410333,302.8752989169082,3334.5455805304728
19.12767792,72.93120575,285.6234458961249,882.4644918415629,1724.225112930238,1613.4827412447264
19.12768173,72.9312439,286.32014313222214,884.9932871901107,1720.3646854090168,1616.4557160439838
19.12276459,72.88446045,604.8690045865968,3011.9829313079204,604.2918992553803,2510.0596806752064
19.11808586,72.88539886,566.6126739246785,2962.9212588920846,109.73687271031731,2710.070111216541
19.11377907,72.87884521,548.3838965321337,3743.174023345199,894.1504855521098,3222.4959946151725
19.15556526,72.88628387,2435.243684006997,4322.996144111871,753.3542318704195,1219.483187759003
19.15298462,72.88500214,2132.322251644584,4251.508722332658,719.7106558918246,904.3394823514419
19.1556263,72.88628387,2440.3607782993386,4321.817421264092,750.3235410226794,1225.8697005256483
19.15562057,72.8862381,2436.727026546448,4317.1926444062765,754.9176922433476,1223.6541596202048
19.07176971,73.07587433,127.38510313475713,7867.2293618809035,531.3510993490527,3481.672447186611
19.06352615,73.05749512,1161.336758763163,5916.578944176983,234.52875002614877,1655.9204643100654
19.04439354,73.00994873,428.9635592171462,2574.115504499475,424.62377441104366,4415.453480962312
18.96508217,72.80413055,346.79838045503885,529.2558389967147,1748.7817759221132,8923.793371164764
18.99221039,72.83139038,499.5457034010913,2962.311234686018,624.487435004553,4770.170084262727
18.94491959,72.79441071,1833.2089832913641,2976.6669889822806,98.76241366231571,11252.039214069368
19.1741333,72.96508026,359.5851957275785,1771.3407929768086,359.2942586040151,3555.216180949262
19.18637276,72.86165619,332.9752548240586,487.8773748532145,307.69191077011396,4056.585497681828
19.06011391,73.0177536,233.43816977624672,1854.271053259064,543.316367645203,2820.867874561505
19.06318474,73.00334167,188.1676901969286,385.30381193076136,664.3195627520033,4205.208175507475
19.21997261,72.97567749,226.13620452781333,1350.7235949764543,292.66078589865793,2635.124665452728
19.23309517,72.96710205,959.5856794002399,2792.2420930897556,561.7529613058491,1116.112757052773
19.03392029,73.07605743,453.03587795798205,6934.241456171215,225.63552051330007,5238.223691580074
19.41130447,72.82743073,7636.192918836272,17184.28060396804,8530.042576945178,16825.410121959925
19.04327202,73.06098938,319.94757504826157,6317.279147643497,663.5241383296823,3442.7009289467346
19.085495,72.91044617,502.0063205689378,4128.081742317395,1582.7490511921237,2515.7473640481026
19.0455513,73.01127625,400.93717161396125,2509.4297500269968,247.67266989288206,4226.157384714282
19.04291344,73.06665802,309.3510053343804,6761.8034503586,793.4900702816662,3834.9450806597383
19.16632271,72.96037292,395.57468483171033,2152.5988009511475,469.38203610853117,3403.2110152466066
18.9940567,72.8314743,492.8499898265535,2756.8304177947,439.963119677409,4629.28364743982
19.27623749,72.95905304,102.93790045421923,7663.276222575687,477.655255039038,2853.307801673155
19.2698288,72.96513367,87.08085238075996,6868.472399513633,571.2137012747031,3016.494811211735
19.26460266,72.96596527,253.90447951396857,6281.531316422328,458.70916558105324,2926.5762964565156
19.2642765,72.96452332,356.628868334236,6262.161831544462,462.2552417508437,2771.0117413016187
19.26623917,72.962883,389.70759893386276,6501.437534392177,735.2229966963628,2657.8377777410565
19.27543259,72.96281433,308.6182921179651,7515.337880175111,290.100283538535,3107.63229787999
19.25103378,72.97314453,29.652324482988377,4744.575552435556,183.38229611201615,2426.559224668019
19.26252556,72.95976257,859.0264843210034,6152.116389627366,727.3444397476501,2244.161801279207
19.27542686,72.96141052,201.54883029369972,7534.675036016203,383.71828844232994,2988.2660171127654
19.2803154,72.95307159,163.9218955719042,8237.233839626648,645.9801910176784,2786.5988782216627
19.27532768,72.96347809,313.0870370985049,7495.3001163332265,232.99460449773147,3158.111380486763
19.26452637,72.96372986,392.60773235885154,6300.432334907958,526.0069206429592,2695.3652079604867
19.03447914,73.07565308,384.2356304403076,7008.933166807125,283.7498367329141,5163.569295191455
19.16979027,72.95973969,659.4727893338469,1777.8133625798025,325.89693685082733,3171.9273466284017
19.07024956,72.8334198,447.03722918913087,5719.559539066755,998.4012698484689,4464.234000269801
19.0932827,72.88297272,23.53075336921977,4573.11790035121,395.0305987830218,3183.6412560905537
19.11979485,72.8820343,923.1884904951175,3285.487561699757,511.06381438319823,2830.5917200697545
19.26864243,72.97137451,524.6043077281194,6700.709289859949,332.36455248023543,3588.354047186776
19.04998589,73.07302856,450.7348689308069,7751.097668836529,460.60276060509074,3814.1576231867048
18.91120911,72.82062531,1824.63886446294,2661.34299789618,342.055597778002,12651.504478275212
18.90838814,72.81639862,2298.9816598840935,3160.5222691671897,231.56527467457667,13188.899882919755
19.0008831,72.81551361,52.69047063413372,2701.7417537737665,976.0954044929197,5677.306152536192
18.95342445,72.8227005,672.9340431913457,1242.047510759046,1134.1412524073264,8722.546991839856
18.95145035,72.8010788,838.7537036053325,2030.6158243173575,1021.7351441212664,10243.616922670784
18.96323395,72.80530548,254.40103673194588,647.0726422054258,1798.7039518338638,8980.473945849195
18.98311615,72.81685638,332.83011506431717,1886.0668843668573,550.3846188131364,6588.95809359908
18.91374016,72.82035065,1578.7667364596605,2434.922341174028,595.8627918188283,12556.980041540459
18.94512367,72.82678986,417.511746430531,846.7342021784285,739.6883737038124,9332.446764028651
18.95722961,72.81967163,750.6041241544416,1714.216848990428,1621.6895931782715,8536.779855267641
19.20880127,73.09664917,1289.3850286088734,13107.239846455097,458.00961565300173,8660.377436203738
19.20687675,73.10365295,911.2734710540514,13843.679032170949,269.0034970838013,9338.977131514464
19.21634483,73.10332489,1156.4722378177423,13836.173090119793,402.81562699155336,9550.210971524659
19.0198555,72.83912659,31.040717723266365,669.4129698692733,764.1231949383861,2748.6308169292597
19.02620506,72.84390259,356.1039941855475,1422.6979279324735,1592.8086138171013,2324.871686222322
19.1243782,72.8874054,344.54660455271613,2707.2514920514704,635.4432295601695,2380.909668470687
19.40327072,72.8368988,6715.023224563775,16058.784019091212,7465.358511795456,15538.43210237627
19.39183998,72.84121704,5487.1020911006535,14716.07326639285,6150.322653345828,14222.688840916084
19.39286804,72.86553955,5907.006708443585,14442.870911323003,6544.924065751104,13115.013023671421
19.40601349,72.82566833,7071.822444984836,16677.260766873515,8008.472487979046,16440.63082525735
19.40591812,72.82295227,7103.257969203661,16756.75326463358,8081.361766296396,16596.183879003653
19.15484428,72.88697052,2424.649041821254,4408.498363976748,732.4643352234552,1172.4160569323537
19.15353012,72.88446045,2138.8138261975673,4181.730970811503,802.4836475888748,947.2630499756885
19.03519058,73.06549072,186.3214734117221,6185.09180803009,592.5997346926987,4454.229597077222
19.03990364,73.09510803,937.748493353008,6402.437634329134,728.1310782889523,4677.612698762684
19.01371002,72.82904816,37.08605344673814,694.5237245117919,740.0909096748782,3886.246973465109
19.01757431,72.82889557,105.4264384912564,438.4671539613886,1042.0673166998406,3838.7263726828637
19.02911568,72.83842468,306.6770777055185,1286.3632486534793,1781.846299435168,2969.5581483619435
19.03679276,72.84384155,166.17044048003083,2308.6763595748644,1002.8385375873137,2732.2590543561478
18.99953842,72.81974792,260.8751475944644,2548.160307478249,941.0491901120281,5334.5792999543855
19.0122776,72.83348846,211.95986297702171,729.9845837407343,423.0261858536933,3470.229709752125
19.02673721,72.84302521,251.65619794899348,1385.3102163025967,1613.2900567658046,2429.551963963537
19.15330315,72.88580322,2216.2191701730044,4324.769421862986,684.2733523398057,966.4881839988095
19.15333366,72.88576508,2215.844726632105,4320.084841976955,689.4778205356096,968.1379889217931
19.11678123,72.88955688,250.22671500594333,2569.4366970023107,352.60620064157496,2252.679386663946
19.40339279,72.82305145,6824.754999022043,16487.766753414533,7811.36432613639,16362.591560335843
19.11436844,72.884758,429.2325306011966,3129.360475995891,397.3200226825663,2632.934231729805
19.11486053,72.89988708,576.9045291545243,1656.0151185904415,193.07859427410062,1212.20934636061
19.11570358,72.88977051,204.52984215610584,2582.600071684327,420.55561612451675,2183.1387698064254
19.11632538,72.90471649,372.6171757505643,1149.7560564902594,497.87823273010497,1018.1453661164986
19.11498833,72.90044403,549.2196064219814,1599.2706484687644,184.951304935559,1176.2252820904062
19.11950684,72.89653778,345.0942063080653,1784.38320628564,136.27065543204787,1818.6858052218931
19.12353706,72.89595795,125.99338735450749,1805.2280856472225,497.1610321192472,2193.1811017386885
19.14368057,72.828125,334.80312097430226,553.3569007980147,147.12640835572952,2846.8366483738414
19.13480949,72.82534027,691.7557417350063,693.8398132559064,581.1880632849122,2193.761934937189
19.11959457,72.90402222,8.344896611747854,1026.5004086162937,539.5321458195971,1380.420075650053
19.11437798,72.89945984,637.7183416333851,1722.9553643104205,252.58292763617118,1215.9455708499906
19.1228199,72.89530945,228.15905887895684,1872.1818445351266,460.6501820938525,2175.3920439124236
19.11722183,72.8949585,472.9867633394012,2012.0875694469496,176.49926744558988,1784.7311596310458
19.10516357,72.89817047,891.4106208839895,2520.996120581796,1277.3406893796166,1174.463685301897
19.10991287,72.89598846,823.663222660071,2311.0489967170392,738.5291930566423,1373.5723035792528
19.1313343,72.87602997,132.32223425664395,4007.7671011859097,697.3118113854936,1683.4194837109949
19.11441612,72.90343475,578.411165693396,1391.1959013961805,435.8225792774103,910.5276117717916
19.02995872,72.84355927,285.55549557480356,1673.8225985829731,1719.1963952270044,2499.560035678164
18.97781944,72.81047821,57.207746057535516,1063.795051727801,637.4933187179237,7481.115055029141
18.97038841,72.80427551,204.1608693794308,376.94411027941396,1424.0379530550417,8513.478163099822
18.96692276,72.80780029,120.10305164780078,203.2966077636698,1323.1505730235187,8504.75114103771
19.22030067,73.0973587,1920.424273649385,13247.646968502615,467.72237916464917,9094.924535435628
19.0134201,72.83069611,92.59858971447154,641.3784629267526,714.2310822243935,3723.667636444346
19.01633453,72.83518219,51.2160041657006,368.7186676028706,451.2561755920515,3199.5534572485712
19.03515244,72.84044647,206.75781834044332,1984.1963948108792,1325.9371967292045,3059.756831256712
19.22271729,73.10041809,1844.7145336175931,13596.090430255004,368.78086481283094,9490.563249192961
19.22465324,73.10405731,1679.604466120847,14001.748398732449,606.1251963469712,9924.833245807415
19.12327766,72.83136749,117.38355081463621,737.8065797578106,401.98016302393154,935.5390825527824
19.16165924,72.94767761,202.34652431352322,2507.44320033483,597.6364398892038,2724.301759476028
19.23527908,72.9668045,964.3393781590757,3036.79483674119,371.5790880260692,1050.2363902063312
18.96295166,72.81487274,658.508721818736,1014.4626084940353,1361.2295283665512,8329.599158917448
19.07513809,72.90914154,291.9966870496792,4861.670559017155,451.76067523130473,3662.3161300253214
19.09126663,72.90485382,67.57039839811475,3593.195278910545,2069.844908383763,1916.9480874775932
18.98930359,72.83166504,422.7830270612437,3283.9124957122017,921.5391730042408,4970.5802179676675
18.95127869,72.8026123,717.8632183336928,2002.2456279701416,1138.2983567257204,10152.646696482678
18.96513748,72.80402374,358.08673346727153,531.9897963699891,1753.636341788634,8927.62182911858
19.01395416,72.83174896,86.4443158726697,552.8679532295552,612.980739547319,3602.811999867217
18.98710442,72.8290863,531.2739792050102,3064.1137084280426,1221.837203434046,5335.329959632456
19.00543976,72.82811737,290.6384267775802,1568.4377694212376,432.90114070240736,4259.789381066359
18.95853043,72.81216431,247.15894018898427,1238.217089699258,1903.7025340217165,8890.624932858585
18.95463753,72.81288147,120.11974839288052,1667.8937820934395,2149.306178282287,9186.174835920463
19.11031914,72.89595795,807.6798606362197,2285.5357924698965,693.7129825549346,1384.1733043100671
19.22478485,72.97016144,752.2484873990805,1832.1409412530297,446.4358651652018,1846.9882930293038
19.00179672,72.8249588,416.8440695164874,2066.413191685829,707.5172070346206,4732.195428351286
18.96176529,72.80204773,272.42185701208643,954.8525809622406,2012.3199771058582,9338.127270630464
18.91502953,72.82029724,1454.2622826027562,2319.11551106967,734.9929865550304,12502.70943080212
18.94757462,72.79395294,1643.7389505095498,2742.168294041136,233.84449881867963,11065.021601755261
19.26084709,72.97283936,369.29640652684793,5834.713940313051,198.1961092456584,3273.5120126141555
19.25633049,72.97049713,82.31558667225435,5333.33811911014,520.3755529846165,2716.7563817730647
19.11381531,72.90026855,680.8120912656979,1689.6110266522492,310.44129512113426,1110.452152319471
18.96855736,72.81990051,44.05993378736981,1315.7246450970856,780.4574499199349,7512.3356073470895
19.27489662,72.96329498,261.49240491244205,7449.98539323232,276.10264223977265,3115.288279547987
19.25840378,72.9671402,301.4221883700641,5583.755191042242,246.75271097891567,2758.278029490316
18.96176338,72.8021698,285.09146202463586,947.5307865038933,2017.7712020282775,9329.146686146629
18.97394371,72.8092804,18.64142315921587,615.0664491696433,800.2132115617559,7857.199883222897
19.03365135,73.02457428,550.1069776673111,3148.711303053431,529.1324660970465,4382.08387231787
19.14740562,73.07733917,1697.4122129752195,12072.973764499075,202.46324687257788,3823.698976227269
19.17331696,73.07020569,1045.9856934951908,11042.882263440571,269.9165741451242,5112.083520998412
19.16758537,73.07501221,246.66606193452225,11747.778881648226,267.9215763710339,4918.923114293565
19.27720451,72.88535309,343.8993081604844,1932.5270634308208,327.0503569734101,3221.7867735234913
18.99039841,72.83148193,440.72451501258666,3163.0856079218124,809.6730480267911,4899.601232563767
18.99874878,72.82100677,342.0769153575934,2555.395003440474,896.4779612783333,5256.5330763239435
18.95890045,72.80997467,19.499902109870522,1124.0639327572353,1939.8023472493257,9005.484842548916
18.98294258,72.83204651,297.4337202632557,3037.618443514098,667.9235367722085,5465.7073354576505
18.99975586,72.82673645,164.61442572168335,2214.7480677733465,790.8868604525459,4674.82031747156
18.97760773,72.81012726,24.134249748171875,1030.4901390194682,673.831570600574,7524.550016991721
18.99952126,72.81811523,104.373486135837,2646.4688089358633,916.6917494486077,5489.863130255789
19.11480522,72.83818817,162.42482847901405,1916.5870887183794,501.8715456644204,663.7525775132109
19.12127495,72.83872223,579.6635351238951,1424.49223082377,101.8962706118021,137.38000923494027
19.13284874,72.8217926,1040.6810922014333,772.6197242576281,698.209328951101,2332.6785073429355
19.12697029,72.83763123,694.6078066352733,1041.2116152620888,199.96222778202753,746.5859889929433
19.13073921,72.81913757,1278.0993293177928,946.5987482960419,448.6067473569372,2447.3457949022295
19.03474617,73.01525879,869.7575492318758,3100.2933684450977,389.89373237186317,4794.013768498498
18.98705864,72.82733154,371.22171895310197,2925.7691137213374,1106.4190093252287,5471.834808837898
19.03227615,73.06194305,249.79227191691663,5699.835381518656,691.2254334542246,4555.478970142581
19.0481205,73.07852173,378.3759196015884,8039.231196133432,208.18512734912866,4411.840993473601
19.22002983,73.09614563,2005.10450464183,13117.922095603493,590.9956105569509,8965.04468714085
18.99095154,72.83155823,445.0541573690777,3101.282780605561,748.702331356414,4851.5596356328115
18.96175766,72.80204773,272.2965862384524,955.5387889765655,2011.5568577643337,9338.723408602773
18.99133873,72.83154297,459.89356614607624,3058.3433084073345,708.5297798240389,4823.4231852504245
18.97217369,72.81541443,54.11847908962399,927.6345664543015,358.9644573924361,7526.539622052698
19.01874352,72.86030579,93.65693177921418,2885.817255303231,1093.549271930315,566.6350032652961
19.00310326,72.85025024,390.19601668745446,2529.1889430534225,1329.771681542266,2518.6444498709807
18.91439247,72.82426453,1372.9809625228318,2171.9030912926496,853.4700192351849,12153.234013077377
18.91134071,72.82131195,1785.6093105440632,2614.016051329025,394.2362422905745,12580.178655799744
19.00346565,72.8421402,317.2864989331345,1966.2286404057213,629.8571865715271,3099.0070534046367
19.00785637,72.835289,264.43725575965277,1245.1402175651183,405.7914116727223,3461.7187084263464
19.02430153,72.86386871,458.57503938177695,3316.8897224056777,530.0279888103051,419.8383837295937
19.01344681,72.82915497,37.376810825258914,712.4519374097315,722.3099627534406,3881.279970376622
18.91036987,72.82032013,1923.2344575382358,2758.5462347520206,245.65072112896053,12721.439345165047
19.00623894,72.82845306,288.7436927523065,1472.975037246437,405.8838297920575,4192.436347189195
19.00429726,72.8303833,69.11446678022558,1635.0831142216966,613.3028765155123,4097.746563537563
19.283638,72.87389374,148.54823978159007,2267.796388366066,563.8011777002109,4319.989892870687
19.2955513,72.87969971,1532.327788645519,3635.043639787326,428.40820786574574,3905.2384946216102
18.97664452,73.02739716,934.5508533194649,3610.153785728245,630.4959538853933,9193.357847973082
19.2118454,73.09642792,1611.8912926686855,13089.467267377242,751.57896338046,8717.754280314515
19.14334679,72.82841492,310.0000929778125,507.38036625915794,126.78326639340108,2800.245046661293
19.14728546,72.79506683,3793.4607648912724,3992.554313520482,417.36546339263805,5559.195378825995
19.0361557,73.02041626,915.7548735239839,3308.8243931385446,707.0086496590895,4354.157042885214
18.95725441,72.80873871,14.113869551875748,1281.6036415809572,2053.6948650852037,9229.20137297966
19.00966644,72.83003235,304.3000693814077,1059.6683892199926,538.2514351740533,3903.0118409116026
19.00937271,72.82289124,277.06015914184957,1483.0681482995078,274.9209285910805,4630.176282604316
19.00786781,72.83568573,285.83298631975083,1253.141306387477,399.0904758283626,3423.273712343816
19.00624084,72.83010864,150.5402103147628,1427.684248477166,561.4018958188649,4032.2884605558484
18.99225426,72.82091522,42.78148377311635,2979.437702955912,344.9148351526439,5637.222855349584
18.99848175,72.82257843,481.51765429849416,2505.81653735947,945.464722695816,5125.176939518466
18.99229813,72.82115173,51.33837521307028,2995.6587245500796,370.0672160131738,5613.926483121148
18.92625999,72.81968689,425.577743740547,1538.3194779052355,1972.7572834215146,11548.973983764477
19.01214218,72.82162476,29.65323188110493,1394.3740808220039,578.9413858077377,4685.804168222662
19.01023483,72.84830475,517.5457197925805,1883.7261618686202,1151.6535617188003,2131.998294026901
19.00750542,72.83588409,318.41517559372744,1297.281118528177,356.58944552268633,3421.5161435393893
19.00608635,72.82987213,154.01247641521684,1449.6858239681446,545.5029595172393,4061.956263733758
19.00631523,72.83811188,201.2979050533732,1495.7781230255648,298.6858651797094,3274.598892333984
30.87934113,75.85012054,1316413.6907369434,1325772.9328438926,1316044.7334329397,1322193.6391832768
19.04473305,73.0712204,372.6923445788215,7268.984914775707,418.6776756865843,4024.767380522459
19.03046417,73.07067871,439.3765539419637,6428.526947742515,90.20516896462811,5192.875504528159
19.01603889,72.83480072,5.440977949689685,370.34042951847925,450.6849725590528,3244.3446299734765
19.11593819,72.85823059,400.68655147577863,3498.6349092305254,1852.1778423043725,2003.767670595271
19.0394249,73.01024628,970.299084706358,3106.2510868411578,669.2172577008176,4755.795246445215
19.0512886,73.01540375,529.0974411523545,2213.3903612944628,536.1939994317547,3498.37902415266
19.1305542,72.82857513,288.08113695723233,174.66837032588245,290.4491799087698,1619.185594692389
19.0369072,73.01032257,1195.0895904493416,3374.0778231489653,399.7438845779005,4948.385902170432
19.04759026,73.0774765,485.9707869196343,7989.981393854918,214.2399522136153,4351.007650291828
19.01063728,73.01683044,655.3114619047103,467.92568249367815,306.92630470450854,7049.707666580797
19.03203583,72.86709595,817.6016048164672,3888.106294309567,450.88537057399043,1268.5642218818
19.04956245,72.88802338,488.5349380999147,4848.126127071576,524.152789601207,2162.2086155365437
19.22106552,73.08688354,2905.331732868906,12163.30171837453,1119.6878673946649,8106.422712279591
19.21850395,73.09439087,2073.4501425029266,12918.758271887282,784.2193453714415,8733.650080062844
19.03377151,73.01145935,827.331507679962,3012.8205812696556,38.23872380152353,5128.220336683976
18.96338272,73.02172852,1248.3044312225861,4888.997560748925,354.73014442047474,8918.945206287763
18.98289299,73.02715302,1104.3372587873102,2962.9293571810445,828.4552626941736,9546.202218676044
18.98457527,73.02407837,1391.0583835670545,2661.7634371101694,990.8507604403778,9380.815868474576
19.29171181,72.86881256,477.6029678934352,3218.4959842449393,442.85962302923747,4916.58846163022
19.22800827,72.97892761,219.3115480858525,2306.1655866515257,487.5697923623241,2471.0092475065276
19.13788033,72.82634735,581.1505977147506,722.1895276772193,456.34030651920654,2387.4023190356766
19.1398983,72.84290314,104.15949118048958,1102.1748001805797,1289.94898745462,2173.040143433631
19.13508415,72.81461334,1813.3175014543338,1554.1617875672443,471.314993124263,3099.0596346914904
19.21998787,72.97707367,85.0965377273214,1403.1918386346024,439.2209631146987,2745.968135622159
19.2784996,72.87064362,533.4593648969254,1740.6334039510677,998.1075187407965,4348.436963083069
19.28087616,72.87459564,183.58194101486055,1960.2471928930183,511.17565711320043,4264.898453490713
19.29363632,72.87379456,986.7563070491766,3379.542736544499,226.8410646742504,4444.995433713871
19.28625679,72.87236023,251.14243199017199,2567.191642309463,612.3786885629031,4483.622761436127
19.28766632,72.86893463,151.60940456268696,2774.671874906067,320.74478890323894,4851.459941229243
19.13572311,72.82620239,609.5313596752964,760.9285101770266,564.5103761603341,2208.49977041945
19.22532082,73.08181,3596.042538313621,11700.971016534062,536.371961924874,7834.629369876604
19.21576118,73.07299042,3580.284773809165,10654.294708236856,1036.1902428834385,6533.70524872755
19.06203461,72.89189148,186.88503733936818,5059.400426186706,554.0381975705803,3070.9940234197566
19.21919823,72.84896851,306.06308049189636,1130.5253016159163,435.3133099651826,2701.1206347101634
19.22188187,72.83937073,121.68428158549506,1828.5533688089324,636.6864410494202,2758.34857843155
19.21895409,72.85771179,548.406917789895,907.9899605188881,1209.6302448344775,2748.3552162781957
19.20986748,72.83059692,480.3436385113768,2795.5124757624485,1091.52138709013,4378.703823248113
19.21650887,72.84284973,296.7334183578962,1798.9058627738798,582.9502856213185,3147.6398464503345
19.04792976,72.91957092,410.97652101067695,1785.2175145119234,1165.9076160266004,2010.1180563024811
19.21877861,72.84942627,246.9606921286307,1136.9334919636085,500.60210473004435,2740.7259910540793
19.14900208,72.83963776,361.86285654366964,1088.2867515683672,300.5537971895967,3160.8045631730524
19.14617538,72.84598541,317.34461267035766,1539.1400489808232,687.519026439292,2919.645927872874
19.05407715,72.90020752,177.44201805672708,3853.9367703627936,649.7957327455489,3195.6155445102922
19.0503273,72.91442871,461.1777752435716,2371.8408131782653,1072.19727527932,2270.9162244164613
19.0486145,72.90492249,69.5988870285732,3139.6257114382092,817.1181273200992,2417.351820943989
19.25594711,72.8527298,182.0355064760303,2413.3982442472015,226.8067373895774,1414.6823820966144
19.22560692,72.86468506,77.39822070296648,930.1868708145628,1540.2525115379062,2324.8332007039585
19.19948769,72.84616089,402.8220927346793,1717.9684540243184,875.1070223149964,4912.448545680843
19.21173286,72.84081268,443.5785555460706,2320.4696299289285,478.40026395878147,3719.6512875966278
19.15852737,73.23480988,10968.850807608356,22549.178557619638,11509.072624324204,15032.473695974879
19.16102791,72.84053802,571.6703380023954,567.2849347852704,1038.5646271915314,4498.635601361179
19.19954491,72.81919861,1532.8259282186996,2335.0129890352287,616.4175570152572,6000.680823339206
19.27373886,72.96228027,120.02077307318979,7335.987702471177,440.67972528187994,2955.4593916860686
19.12205124,72.83136749,113.16783980782216,859.7592760945965,467.42416000613275,901.0674728320444
18.96770859,73.02297974,1327.351880800834,4437.287715249527,164.15941810952967,9045.547711654865
19.25901031,72.9566803,1299.2286725493923,5849.717103032242,405.1904818887244,1891.390855187672
19.27250862,72.96461487,190.41327157706021,7170.501078188223,442.04686688794993,3096.485256046112
19.27087021,72.96713257,292.73300199168983,6965.697500952261,338.3612944831648,3254.9332696715487
19.2703476,72.97113037,583.1365020320833,6890.534286246437,150.8849503217932,3623.830221252292
19.20258904,72.82205963,1285.464468080495,2391.916337287549,482.88260824613224,5550.455588352186
18.97223091,73.02945709,586.9157217676701,4146.194582095225,624.5624204263174,8787.008788045716
19.14003372,72.84398651,29.075272865270918,1214.277857570135,1312.7009420963827,2207.7518299976246
19.20372581,72.83464813,39.056044216583906,2068.6457627148006,564.8448648417495,4786.121634822962
19.13975906,72.84013367,372.534142815513,815.2498124734664,1132.7703755579707,2133.2674050759774
19.14069557,72.84223175,140.87533963526425,1026.6691957160056,1242.5018638728027,2251.6434053250996
19.14157104,72.84091187,250.5430071718827,891.4500853127348,1123.8856588725819,2337.37925047815
19.24743462,73.12275696,2898.791993461722,16430.905999123217,2842.4811744417702,12786.144876264312
19.2049942,72.82299042,1200.0525636528198,2562.6447201784163,467.74164292573454,5276.51213557999
19.14605141,72.84314728,70.80234815476415,1262.746168555256,641.948934842936,2854.38798922031
19.03808594,73.06976318,287.930369447102,6735.707141659532,421.0765403565723,4455.945268967354
19.14411736,72.84809875,522.952585810812,1682.43962296035,992.9961787777194,2758.9321447092616
19.11565018,72.88330078,606.5146007919751,3236.9164676313667,385.69954388141684,2820.067789768677
19.1175251,72.88460541,585.692251389216,3056.596074779053,180.55654077015586,2761.9656040608456
19.1464901,72.84403992,110.01991655016101,1368.4413981579532,597.7219845667465,2915.6453173557857
19.14394188,72.84806824,503.2024795958777,1675.2018684291922,1008.2904097304797,2739.408447442441
19.05442619,72.88910675,136.02786538645628,4922.108933152368,564.5478704925048,2414.5225929683847
19.23723793,72.84564209,293.86921291096314,1574.3031792350234,90.05154044226565,1000.8603190665181
19.21845055,73.09366608,2138.135062010794,12842.428543869695,860.2967151064861,8660.068660247705
19.00540161,73.01470184,891.6505945904321,163.7402218135126,32.27562014493619,7673.129321378082
19.01632881,72.82910919,51.093283441623356,481.1051437666508,959.1830107935839,3831.7203347063846
19.12299156,72.91321564,219.86331083189108,10.820777831865279,692.0944531627711,1072.0864190103498
19.11101151,72.89859772,1020.0842283570581,2022.3151992497142,637.6990692388678,1132.2625392052923
19.12284279,72.91316223,236.27146444668514,11.190659945027537,709.4338095877639,1065.893265248737
19.12298775,72.91321564,220.19006168260464,10.595735579893741,692.5093299589573,1071.8144942641447
19.17469406,72.8384552,193.1383192239664,1205.2442589376133,394.3928627438304,5654.199547105641
19.13042068,72.86026764,505.3994744380373,3143.132137640748,917.087512700975,2412.7542814263143
19.25814056,73.13052368,4201.123183205823,17556.239680176277,3851.030754541711,14090.049445850555
19.19363785,73.08946228,803.3700803471763,12461.4054138849,78.18781377124988,7700.988765621389
19.20442772,73.08724213,1646.3030532761748,12127.515639574745,61.578820538286195,7594.919206271702
19.20052528,73.09375763,842.4715053191389,12833.632570063133,489.8258432944188,8206.224600015523
19.16257477,72.83396149,127.34705457673661,558.7833631076176,1017.3786478891502,4710.08809335235
19.11310196,72.87252808,267.49007833137006,4403.645860838725,1078.8640932905353,3537.429421879057
19.46978951,72.79930115,14574.326637434797,24279.30671694779,15603.045766204601,23908.03808392571
19.47090149,72.80472565,14562.53415362057,24218.570667781274,15549.92074708413,23732.029968537405
19.1245575,72.85211182,433.38199950001416,2585.080911356619,1544.7270762973453,1367.013789730227
19.20204163,72.81889343,1594.1695319406717,2555.172434704014,375.4321374432249,5797.853801751013
19.12588501,72.99964142,550.4542720325828,6656.8925913418425,239.58347236236543,3367.004306922999
19.12514305,72.83178711,121.5982665060729,593.8707672832056,339.2516657664485,983.1903940085373
19.19438171,72.83082581,327.2792697043263,1133.6686628879831,332.97907190638847,5899.2529323510735
19.01444435,72.82883453,102.8184519385688,644.0534005270864,798.391455026032,3892.6795051382514
18.9719429,73.0294342,588.932043012182,4175.0756449537785,610.1625335952294,8776.075953613034
19.11632729,72.91363525,781.6220643989352,686.0515922618886,1422.0327512684535,779.7000439309898
19.15171814,72.83115387,63.13688518619324,751.1182289518797,217.0347417781298,3579.935986701228
19.13470268,72.86564636,567.9218892164153,3552.6765734241435,465.7637260737492,2109.9083599948017
19.79289627,72.75839996,50660.89424762528,60135.310888668166,51555.31338756626,58859.05822922886
19.12154961,72.87939453,883.858174686252,3547.517627670944,498.1898278939104,2653.4284697844955
19.10863876,72.86625671,403.15730539856986,4620.048061264403,941.584118743037,3080.257506649569
19.16894722,72.84313965,340.898754649277,784.2070856569804,484.3224925612108,4888.785974863978
19.25716209,72.97453308,379.17501752864007,5431.437871594232,633.6030502224964,3035.3059855378474
19.11170769,72.87286377,149.51464377183774,4410.87195975051,991.0156877168057,3610.9611194351664
19.18157387,72.84740448,86.02379142640733,1324.2230412889528,1007.8280965236576,5457.222332581692
19.18128777,72.83981323,380.38668669925954,632.8559345905387,215.68332238185582,6001.088127798656
19.2666111,72.98417664,1694.2586329570795,6603.263492584506,418.2895921873824,4488.686479280859
19.14189911,72.84374237,40.048412925776326,1190.897195173206,1104.3017031121487,2406.8270487316076
19.06176186,72.89309692,58.85753545976069,4936.789497842269,683.2737087698974,3160.3392297004643
19.19988632,72.82074738,1371.5182175321593,2247.0757488206223,655.1268822750917,5875.47213171917
19.2008419,72.81732178,1738.1996450047034,2577.517179806678,396.5547250634277,6004.632947823391
19.20220566,72.81529236,1969.5551499201383,2837.187627639026,222.59310587131907,6023.314189072382
19.14562988,73.07802582,1906.588394604127,11974.221653286399,176.52086856823846,3825.1004031195007
19.26391983,72.96923065,207.37098025074698,6181.414201707962,242.73923870753615,3250.021683298405
19.25733566,72.98529816,1435.5331937387718,5624.098709267672,437.6553396241857,3845.686500846004
19.18694305,72.83223724,366.22276107635656,385.77534309154436,123.6152666052701,6618.868530954225
19.23060989,73.13512421,1788.2891404808531,17323.279593586212,3434.4015913934963,13214.773572785918
19.0109005,72.84886932,523.1243275882379,1899.730795606661,1191.4085790085794,2041.9620333363819
19.223032,73.13436127,1398.346742490039,17143.91239422883,2671.8122746225627,12887.549680914763
19.25786209,73.13034058,4166.534645103791,17528.266423322573,3823.1608572254895,14057.484741539407
19.21940613,73.13710785,1689.7930854091346,17398.16580785735,2548.80392373478,13065.293461252732
19.2226181,73.13422394,1378.8057485665297,17125.264218053428,2625.8407235578193,12861.357292337327
18.93385696,72.82568359,199.93218767395226,786.8911339919845,1835.2492306742915,10521.073926578176
19.1522274,72.84477997,58.22013308428193,1129.3727761325804,159.8748810918628,3558.0515441313764
19.29283333,72.87860107,1219.7791076324802,3319.382531532218,417.50001909489754,3933.5421192300355
19.29241943,72.8718338,755.6514008499886,3254.6682923255717,147.4457287687203,4618.175633177886
19.29729271,72.8694458,965.5335689870827,3820.8266808179774,682.1798106936338,4990.286413923734
19.27994156,72.88217163,493.18271426901754,2028.3455895149402,329.61515545868366,3488.079961641866
19.28697968,72.87737274,644.702261111748,2657.418929457416,527.6264988821695,3962.683305024731
19.05467415,72.90143585,282.81162107937826,3775.103875651415,507.0492281949365,3183.694902548537
19.04527092,72.89431763,934.7970040841333,4087.9734161505367,240.5020937151148,2801.1860109555655
19.05430222,72.89217377,26.232141385039398,4620.9336429099985,398.1704061646926,2713.00166894768
19.22859192,72.98720551,925.7778255685339,2767.274147460014,268.12425584826127,3285.2294781624896
19.0642128,72.89389801,101.70359978041361,5024.277996933419,727.4779724017086,3382.4225384867414
21.23236847,81.61653137,914000.8897338193,921472.4385138004,914118.0746673285,915940.4372709867
19.22709465,73.14144897,2222.6139828667574,17931.461472675393,3485.608651699227,13727.745435260373
19.11557007,72.88269806,665.1867489209603,3300.4611132858827,443.7854078974273,2877.9711865412664
19.27902222,72.95398712,137.04407709508175,8074.8519074207525,587.7224854032414,2722.608951975769
19.27476883,72.96337128,251.00096391153127,7434.918696528696,278.95585733007294,3114.050804069357
19.11779785,72.90203857,217.76064453117996,1297.8561149510892,253.77603770364743,1300.5137071361396
19.19775009,72.81954956,1486.3636634276781,2174.5648678394577,710.9186319553457,6142.348297970115
19.05068779,72.91565704,596.2064902898258,2296.8947731542976,1159.6193390618464,2300.0361565284848
19.0561676,72.91026306,185.00631483976414,3125.1290819613614,439.9169137773676,2987.523798103416
19.22516441,73.0796814,3783.077183795651,11477.605520608886,315.1386697713106,7630.229475242316
19.04817581,72.91661835,336.2962224179442,2044.0122155425295,1182.639711610467,2017.3854067461366
19.06279755,72.88594818,608.1738850578824,5636.078429961708,160.75633072040745,2635.2023188409457
19.03247643,72.88990784,293.9496988466047,4485.79853503165,609.1067659025009,2809.871349770804
19.02715302,72.87976837,221.802390040202,5018.077002175477,346.8376875530852,1683.0595799117098
19.03352737,72.86919403,959.4657664993948,4155.57001664549,604.7278692126335,1455.8872743524194
19.0547142,72.88446808,26.597629312139023,5386.361456511231,604.3832558426695,1982.6680968746969
19.03352928,72.8691864,960.2931897654126,4154.916334780706,604.8173504355561,1455.5898908321092
19.05464172,72.88442993,33.30630906254919,5387.210225458119,600.4868880627513,1975.4187239689215
19.0335331,72.8691864,960.3714921078441,4155.083578539855,605.2373410755544,1455.1675770593135
19.06871605,72.87626648,231.82127246800871,6846.773012167078,958.0933501655048,2624.612039287527
19.02706718,72.8793869,213.71709091040373,4976.904482060125,375.60619839047496,1642.7005109905779
19.03086853,72.8801651,226.03238371131215,5150.767873530087,164.39382445090567,1928.6336605767276
19.0548172,72.88461304,11.232297568909116,5376.291374464466,599.6575670854847,2001.460473406894
19.05496025,72.88444519,34.54235314759903,5398.506505647259,578.9062010508558,1993.2268035126087
19.07773018,72.88562012,554.7909621455424,5783.174625178009,813.9095482747082,3946.1009703186196
19.05415916,72.88950348,168.7546962942744,4872.179488901414,514.2987132951928,2442.9756488375483
19.0538063,72.91332245,338.13675827424595,2710.6503771885536,794.497448370134,2669.3707775442876
19.06415176,72.8937912,112.73137963846759,5029.261159315498,715.9292125443296,3369.342639866469
19.05865669,72.90431213,815.8512632454491,3780.4294307519162,360.8210057321378,3445.2128730527556
19.05188942,72.8862381,196.85282599839735,5104.780871901648,698.6892171740399,2036.9863841107472
19.06012726,72.8921051,11.26453037461088,4927.978120904327,679.4619330423208,2976.5935947233743
19.05700111,72.90486145,701.8208569650526,3621.366853288874,179.37428112982207,3253.0902399619285
19.06437302,72.89280701,117.538041544212,5127.251105790587,614.4151495427772,3300.426388571746
19.05176926,72.87854004,7.8826645195111205,5873.809898199911,332.3800934715753,1278.8345884312089
19.05069542,72.91756439,630.0373085267399,2148.929815417792,1284.5656184611005,2298.5724318637767
19.03829956,72.87802887,335.1135753997751,5219.565455017621,105.63663385740739,1420.8717631088796
19.0637989,72.89250946,188.24674618772158,5115.530557571388,580.5247689716045,3237.241613180147
19.05404472,72.89080048,98.37769684109631,4741.651382034185,421.92117657226214,2567.1190871502886
19.06228828,72.89469147,146.37825955560763,4831.318568007239,828.443044790343,3333.4649227302593
19.05808067,72.90823364,424.10279032479093,3426.06403331339,234.26597693606732,3247.812691501297
19.05853653,72.89077759,71.12705393648633,4961.398869858871,713.5234291280827,2767.826107925867
19.04257965,72.91149139,345.76108784820474,2263.1828304990104,858.1831238135485,1504.8924634693014
19.06689072,72.89263916,136.9994566805892,5310.402024897609,544.0558702688015,3462.4133008298195
19.06453133,72.89398193,66.08288625735054,5038.418330574667,739.0208750583229,3410.2553894489743
19.02313614,72.86598206,543.2527836500432,3515.4676442216073,472.7991682501984,274.9444188206465
19.20336723,72.82038879,1459.7664879717574,2566.320127762734,297.04709487972303,5585.2300049902
19.23568153,73.08771515,3361.247470362755,12540.951897099658,1539.3542989359628,8956.270576743398
19.12253952,72.86515045,910.0959566229207,3972.6388075040477,1011.3523549840638,2672.1371276647224
19.18860817,72.97050476,401.86551356274316,2039.5850268680026,808.3231493850242,3722.4611934526383
19.1969471,72.83693695,321.54178944049,1323.7302245892026,799.2597849706863,5407.406174003468
19.16693306,72.83876038,375.99242952332014,894.7580009503594,670.2116936900793,5155.751008026568
19.17572594,72.83511353,215.02281912855437,1046.5476324930517,375.93289667014,6007.789666407595
19.17896652,72.83389282,306.3922205924316,703.2341789176635,512.2093125050945,6320.891631329375
19.16032028,72.83880615,391.8597850069686,528.9089146249792,988.966341294729,4420.519973514145
19.15029144,72.8470993,329.1493882120921,1347.372742688488,431.9768269210292,3391.914402790526
19.15725327,72.84050751,528.2607007040775,613.4110788970956,672.264323052628,4078.9237832260415
19.18916321,72.83383942,236.07518730746082,476.0009216633758,177.59271638702174,6331.161070436008
19.18683434,72.8336792,214.4810402418334,259.48007922377076,122.40959770562456,6582.6460198728155
19.18606567,72.83448792,138.81890866929518,139.0708584670386,241.65783906024748,6639.078339975545
19.04430962,72.91760254,171.57350026788907,1729.4999277750778,747.1473866482173,1589.223758494572
19.05427933,72.89211273,19.825195018219492,4625.746718369184,396.85398180703845,2706.1099066340694
19.01486969,72.8625412,378.9227996584527,3151.524884139145,731.9132099122756,714.5151725906665
19.22283745,72.84616089,593.9055333774016,1123.815701272192,202.23853620425163,2370.491171971293
19.15350151,72.88562775,2219.2583517536254,4301.749068631762,712.9948749586925,980.3229166338817
19.15325737,72.88517761,2167.0261852963895,4262.088167377831,726.5033279799222,938.9131945011569
19.15326691,72.88512421,2163.959277790834,4256.387494628414,731.2980611680447,938.1575809908626
19.22784424,73.12649536,909.1036605141654,16383.737529161666,2752.1810773481625,12258.059264293755
19.20543861,72.82376862,1128.2939861038026,2565.5409786941377,547.257283944484,5188.424052148099
19.20288086,72.82137299,1357.5582458790361,2460.706810634063,407.5335433319002,5566.447738093776
19.18018532,72.83740997,137.89449564653577,590.485011704978,174.83862294725472,6112.662350904525
19.15413857,72.84342194,231.55077457849993,944.5805769798825,257.7817089403931,3751.244852460573
19.20293999,72.82146454,1347.6974582826601,2460.263093475783,410.14201988047273,5555.459009302226
19.18056679,72.83808136,198.26314972119295,582.1825644989833,130.4882331292375,6085.663324087626
19.17842865,72.83560944,218.24266377940893,746.0841054996832,432.02792806199733,6140.5426345175865
19.18008614,72.84267426,426.0266405734935,950.3858311060866,541.9725512732338,5689.089150543729
19.12937355,72.86688232,878.3757236286986,3834.803490585287,977.5612432516376,2398.790929811195
19.12825012,72.8264389,481.7739156522286,186.5581151592687,619.6382244106675,1642.7628935396785
19.145298,72.84149933,142.54406965402802,1070.5014118266429,750.2433506179538,2754.6669600322953
19.15110016,72.94132233,387.08661957145836,3684.044974005182,1029.4453324549988,2635.4222596049863
19.17477226,72.94526672,292.55615050009425,1219.7868601829355,927.9853150573733,1560.6486688181124
19.12952614,72.93273163,521.8395199984939,1142.265363554406,1621.2366441021616,1873.7028863510518
19.15857124,72.94791412,144.01151303511122,2842.7892725599813,283.0803936268306,3019.3207271432084
19.02869606,72.85298157,281.85593551293647,2384.05383751127,1602.6846699978132,1563.1168376990117
19.11687279,72.92668152,53.02237572554219,459.0950471588125,1500.3082638307455,592.8191345726157
19.12318611,72.92631531,129.99008199235956,245.67366286140768,1399.3752128191422,900.6605658445667
19.13622665,72.93026733,90.19026857230716,1734.7516620698889,1190.5212514071509,1350.5255268656708
19.16048431,72.94541931,60.288278717507545,2684.8845461657224,617.6547176130209,2699.3229599931806
19.01447678,72.84549713,47.12215139729395,1413.9014811624038,825.7027942398388,2191.505338633618
19.02820587,72.84375763,248.6927940813533,1550.490962079217,1793.155580699886,2406.7559807556386
19.15668869,72.938591,155.19356679113216,3324.0346032589737,1150.0374268754117,2722.109496707522
19.14695168,72.93522644,112.07964748298252,3022.4596428960567,552.8609679349723,1867.0118329568288
19.1576767,72.93618774,141.38290141135369,3340.326633708829,1321.6936552738052,2607.793509321064
19.14197731,72.93060303,210.65814179083884,2368.8166828085195,599.6838077828288,1270.9629991303084
19.14990044,72.93113708,652.037263798123,3247.5817826884254,309.7935103928341,1640.5561747836887
19.12855911,72.81993103,1166.2982529979897,847.3287727232653,589.7681671632824,2268.366407249579
19.11872673,72.90856171,340.65581945085125,670.5281893688491,931.6396771634218,1185.1806090655375
19.14225197,72.83982086,223.72406781709947,788.7499364844876,1026.0057619148572,2410.1809606773672
19.05151939,73.07003784,221.66335910850017,7406.5122424615265,658.7632351719636,3458.245811014205
19.13682175,72.86791229,282.08730783665715,3670.0006608500316,146.7893023983262,1782.1902507402003
18.99875069,72.81726837,11.771856983588995,2768.148167098743,800.546613234862,5607.2416394877355
19.0266037,72.87857819,172.98434076122726,4883.978439390249,467.2352496491011,1543.8588055685266
19.00477219,72.82813263,257.9094064270829,1638.5097213186614,488.6303452864129,4288.563103106205
19.04644775,72.90384674,312.4465566311838,3157.705618197419,909.8399564621051,2280.9542580598313
18.99677086,72.82146454,296.19228126217473,2728.062926003654,722.074818107357,5320.804615677921
19.09479713,72.91977692,578.1550008989061,3002.3157488344177,2211.2523030250304,1865.9188705590711
19.0045681,72.81851196,129.005187240357,2187.0608571705875,805.53482141869,5233.584002097047
19.00964546,72.82123566,126.34762344929952,1591.1064065394905,445.33247528921834,4789.904706771768
19.12240219,72.88565063,625.0619057846375,2887.5007719728674,536.1552094432819,2564.132503956424
19.19779205,72.81893921,1550.5633367826913,2226.8715759177458,652.7829989503928,6175.137548968712
19.12939644,72.82128906,1032.717594627399,703.4455206221307,655.6799964030513,2178.1003126134965
19.13377571,72.81086731,2182.2305271756472,1871.4830062212345,531.40336205963,3375.44049074354
19.13108253,72.81465149,1750.737673200677,1417.3643566266624,34.30664864310905,2888.867635806385
19.04972649,72.88731384,459.0291087134029,4924.822398850002,592.6535692723228,2091.574861970452
19.05391312,72.88909149,124.0013100681063,4901.783116717247,526.2495567843695,2392.900424597372
19.05841637,72.89078522,80.23539977004383,4954.34258078073,725.086663688979,2762.1189287121883
19.06351471,72.89162445,246.03710693202615,5173.935369175542,488.9799616023016,3143.735427165828
18.97845078,73.04993439,1231.032931066756,4856.863556397326,287.1559135277148,7269.167630679801
19.01840973,73.02439117,415.77740022255813,1628.7289245483153,262.30697269938463,5957.922871870282
19.03982735,73.07649231,99.25013740877539,7409.874592545349,166.3706009786063,4801.812088989048
19.01373863,73.02268219,581.8598538930685,1123.0550503601683,332.1176982236075,6507.519366852949
19.05171204,73.08112335,137.33947702590555,8239.44131341951,321.65210412878224,4459.522082934275
19.06760597,72.82559204,1238.060176284947,5478.738436580454,960.9764247087412,5007.150149936142
19.05756378,72.83164215,574.4530358675405,4310.54102250342,649.3719274738495,3983.0941642259145
19.03731155,72.87870789,204.4372500747774,5240.516927956019,146.19416904624208,1546.7507334850845
19.03731918,72.87869263,206.09794155268716,5239.374573069832,145.68903485022315,1544.9879176238233
19.0604744,72.89344025,104.19178765814819,4828.780756490678,775.7531540476849,3117.3296625140674
19.2570858,73.12992859,4072.6083405784157,17460.27512950391,3756.134709909831,13975.638290094761
19.24041748,72.8500824,228.63212302888917,1619.2196073432003,610.2592129824985,420.1351875488796
19.25613785,72.85214233,116.82440690416873,2464.672244300545,265.7384233828365,1437.3564186756732
18.96326828,73.12701416,369.17335403257,2775.528835064737,1412.9635536121666,3455.4983271043966
19.06736755,72.82624054,1170.6390435621147,5443.362592325357,970.9726008013968,4934.5172856719555
19.26120377,73.14176178,4925.517339153043,18783.23711734569,5078.264777114345,15277.220626125061
19.25731087,73.12992096,4096.810168233029,17467.281599152182,3762.6903271761857,13987.95341558479
19.01399231,73.10303497,236.96557502056973,3455.6384808137414,342.7670837526102,3922.20550541832
19.12928963,72.835289,421.929947975397,768.4769758340243,137.76573077416506,1078.5795165541565
19.14662933,72.82849884,284.7890205589995,765.2918483056291,475.8357142088317,3130.7934038993603
19.14104843,72.84265137,108.83703378383146,1070.8193984858078,1200.0543231877048,2295.963120071553
19.16057968,72.84077454,553.1837532782151,558.7899967186739,987.1030870057588,4449.303909321163
19.14237976,72.84151459,156.54246669961924,966.2106097201716,1056.0194863293307,2431.0639497948296
19.14382744,72.83695221,117.61124250882472,576.274273879425,847.8674011915987,2602.6282292415954
19.19059753,72.8303833,473.7783537245757,802.1715641295589,421.61834963392846,6305.961318365943
19.06766701,73.07197571,400.2268844814766,7433.949572233914,669.00030268623,3062.911942333547
19.25352097,73.13677979,3929.4736503019562,18031.32121242583,4369.501057138432,14402.487038729429
19.19673538,72.86817169,813.0183340540771,1208.6866051739535,1614.218807095041,3639.0525203396824
19.19798088,72.87248993,1139.7250181299285,1629.324952420693,2013.7464493663879,3286.079465094269
19.19578552,72.87762451,1697.665471964343,2047.089470373823,2284.1809580781805,2695.3551836864376
19.19691467,72.87820435,1663.0263149568702,2009.1434799059411,2403.03530172028,2704.8847667974264
19.19594383,72.87178802,1198.7948706770246,1484.929725985415,1803.1847505006633,3254.9605011573094
19.19611168,72.87049866,1065.479729229475,1373.8701939155058,1718.9580175485976,3386.7983981772168
19.10973358,72.89723969,955.0695768878912,2223.263767193812,760.9491584507218,1240.6060037202865
19.1315136,72.92739868,183.41005437056043,1171.4335071458354,1376.5200076715246,1422.9340731809114
19.10267448,73.00373077,862.6129703368831,4082.083389900239,627.5744558211242,4403.26837773169
19.04929352,72.8891983,535.6286682830977,4721.216027410266,416.9892061225846,2280.0841883444855
19.04826164,72.91565704,347.8914268525991,2131.684319373211,1206.1635967727661,2030.7250081306936
19.20825768,72.96101379,913.2232422713244,1135.238263332947,1100.1195479911617,2372.9231852772773
18.97498131,73.0294342,674.5371404555146,3862.809686956028,526.0753093959557,8919.378042696877
18.97347641,73.02910614,643.9826267548435,4003.917212278003,670.4401051259543,8878.32784024189
18.9801445,73.025177,1287.7610272075979,3163.4826187671433,678.9746147083322,9400.940464960362
19.19058418,72.97116852,264.2030602238532,1980.336166634346,709.75103004681,3773.83067861111
19.00897026,73.10882568,146.36418676323933,2674.834466865425,182.89349501421015,3647.2588212488167
19.18054199,72.83812714,203.22105628785354,586.9450696015399,134.29425142256855,6080.210877914293
19.14159966,72.8398056,290.66963776861064,776.1101745513726,1097.3935764845853,2337.64654500085
19.19454956,72.96652222,370.231799847432,1635.8707112547013,249.64000547000606,3289.6448065168806
19.05397606,72.89080048,98.21457383671373,4738.655700100238,415.36547777414467,2564.6493419618587
26.14064407,91.79213715,2061468.0638891323,2072856.3943722728,2062219.4430961648,2066601.5970718416
19.14125633,72.84004211,319.5422907456024,797.7637790651254,1139.0327941240037,2299.609443935398
19.16901779,73.11309052,2345.2926177184822,15467.64372314965,203.6245902334714,8241.580716737673
19.20657921,73.10357666,930.6295398676409,13836.121361395324,260.9240817753837,9325.235661194938
19.05386925,72.88916016,131.47629111777397,4893.259096234877,517.6128042575813,2398.0219287741425
19.0538311,72.88913727,129.45832400302842,4893.891095586112,516.6158864184805,2394.3205891595153
19.24324989,73.12389374,2445.5538603070745,16430.260995119606,2995.935478400735,12674.36066079931
19.01036835,73.01251984,1081.84015381719,460.1455626308405,589.9748426160468,7264.523146279902
19.22584534,73.09985352,2096.0026829642593,13582.440495896271,717.1298150367487,9567.257629383585
19.22112465,73.07662201,3662.0427167060266,11094.641917540588,359.7880516848835,7135.293800728995
19.05435944,72.90126038,243.36899122102042,3773.2216261062104,534.8684545565095,3163.1539731438365
19.46795273,72.79856873,14396.52525219182,24111.45044158091,15434.508000352454,23771.748105922146
19.03029251,72.88043976,286.29694929344083,5162.4536102219745,104.63084356632305,1916.0113582076133
19.16990089,73.11317444,2291.8726727179614,15448.57206011878,287.10442671604847,8294.964428992906
19.06258011,73.05685425,1140.229024466875,5855.284071948897,255.57667445354053,1637.1239780502303
19.05077553,72.9009552,158.5620479263917,3618.380225327389,717.7559617591965,2848.65866847898
19.26754189,72.96327972,319.2039427775821,6639.05210009328,847.390387375082,2742.8322240871175
19.2715683,72.97142029,684.8783291892131,7026.012824487314,118.65354852451773,3700.4503291196056
19.05981064,72.90102386,618.3742363752001,4131.5193267778395,688.7492005393964,3705.9470014562175
19.25920677,72.9858017,1562.6529485569658,5838.762910065002,470.75179986269603,4019.6208185026717
19.14194489,72.84437561,106.76242907286999,1257.5970784404042,1103.9053462530376,2424.148459124095
19.13720512,72.84221649,318.7406117884232,1102.2745338244476,1010.1753033277806,1866.327939751814
19.1135807,72.90979004,830.9738159866861,1070.6700638906245,1083.170990499161,619.2326473575333
19.09882164,72.8320694,662.1635545582823,3392.8742560851006,222.95066819631134,2551.8049302638738
19.05794525,72.83087158,640.423098079938,4356.064017522679,736.3652264442998,4073.23055005303
19.06919479,72.83856964,126.60771726044456,5634.080722284294,1298.5840424293647,3964.5495022310383
19.10912132,72.89803314,1051.6190656856586,2208.187053797319,840.8668864276732,1149.352455298526
19.11438179,72.89945221,637.3651859574069,1723.389653039024,252.3465832284633,1216.8448288785205
19.11624336,72.90740967,445.94350969763605,954.7720100372968,780.9088941809179,922.1389372962938
19.11006165,73.00054169,940.19834628855,4895.82324309534,262.28705528461165,4069.797137462037
19.12211418,72.90531921,255.4541270572307,825.625689856524,831.0494989501262,1606.3433122827141
19.11636162,72.89040375,265.7801772320911,2497.0608244024415,451.2763716360888,2152.2917560095925
19.06277466,72.89228821,197.32360921417293,5070.0081798241645,570.1419920451351,3151.9825696742605
19.05086327,72.91537476,575.5296343732747,2332.1337767905784,1124.1762026015115,2321.329655465446
19.0631752,72.89102936,305.98861173284575,5204.7334821639,431.6920084722645,3071.0613208380964
19.06815338,72.89574432,358.718529492601,5150.880631838818,847.9708050614906,3802.699164581335
19.01182938,73.01818848,600.1323851602258,653.7628871025883,349.2467183249365,6872.594354294422
19.00832939,73.0334549,268.1233237226933,1962.3926518675032,511.1844271454026,6825.4744405609135
19.06158829,72.82735443,1021.0536368774776,4791.169956161661,648.5358806068907,4558.568618558852
19.06161118,72.82736206,1020.5324426228274,4793.599958415694,650.0428477056912,4558.757150373584
19.06161308,72.82736206,1020.5556409746283,4793.809690592717,650.1046192280734,4558.834775201365
19.11356544,72.90399933,670.5606209049096,1416.4552708983438,539.6423801798198,799.862880749194
19.21733093,72.82610321,1209.525458932141,3310.1635832675342,763.3478761251268,4015.4048189252253
19.24974251,73.15293121,4588.650837285375,19562.90757417258,6016.194378023108,15737.918615193343
19.11756706,72.89415741,380.72837945031307,2080.7649631312056,268.99612584112174,1875.8385712303511
19.1157074,72.88977051,204.90219508424124,2582.4677610350236,420.3402959356831,2183.3038605445463
19.06877899,72.83288574,476.1120399757757,5555.7320475820425,1095.2947275790843,4416.085349397499
19.1110096,72.83457184,264.03906836605347,2126.3284540016475,150.17552291241975,1197.3018073755063
19.11050224,72.82448578,839.0768983219294,2098.9957420386427,235.73691843925988,1960.6194001877004
19.10837364,72.82898712,837.2212055622202,2305.830323972493,426.0983197452915,1769.7658560785517
19.11441994,72.83496094,151.84615256558962,1788.5001596488746,405.81950529980935,852.7945606609014
19.11533356,72.83634949,116.56785961854293,1764.3698501181966,569.6722076702365,686.5833711183706
19.11704445,72.82415009,593.3765167718828,1398.2881493957611,288.0699808277429,1690.5678887825163
19.10464859,72.82917023,804.5061741791692,2720.483535832804,519.5682456315039,2093.8983823608883
19.09912872,72.83280182,582.1912547331386,3369.7207272073206,206.08487554838095,2495.710315218445
19.1009407,72.83198547,546.1454405153773,3158.0979047716496,13.101617944977423,2332.729928798185
19.11114883,72.83428192,268.6580857820007,2101.9009183529815,118.42115645363157,1198.0103111426213
19.11730576,72.82823181,165.14118862597667,1310.4541536940385,190.18559266745095,1268.7273642454354
19.05994034,73.01783752,214.05229075825298,1869.43185127469,551.4876454394154,2819.505107685852
19.29466248,72.87657166,1256.620010760115,3500.647031398368,494.47207950138926,4190.765838662701
19.06249619,72.8923645,169.89980239770028,5046.093440126245,585.2277733874215,3140.9717520935246
19.06427383,72.89441681,87.0255029268082,4984.685240958324,782.2981058702694,3430.849156231542
19.05108452,72.89046478,349.7183463513067,4655.488710958872,252.15754381553694,2445.284132272768
19.08052254,72.88834381,484.59887186611326,5370.951648567916,800.028532840589,3749.385025712671
19.04825401,72.88893127,642.8680345285987,4716.938420714635,497.666624060044,2239.5217389320283
19.07072258,72.89862061,484.42511190956327,5132.660593238172,596.1697345601696,4217.608265954755
19.05685806,72.88703918,39.77433853779277,5229.784905372574,566.5358492951565,2333.7459210178613
19.05685425,72.88704681,38.979163516949,5228.879418852637,567.4319774934398,2334.2363067638203
19.05822182,72.90831757,422.3724254724292,3430.196737141087,220.27182442798474,3260.444970416378
19.20575714,72.82209778,1307.2801998475716,2683.5738504322053,373.8732807783412,5265.182504377515
19.05500793,72.90239716,365.7945972999069,3708.290827145476,399.8986519690703,3165.940323066123
19.05179214,72.89902496,113.80970095898317,3849.9131054353966,643.1139771603744,3060.831646133194
19.05275917,72.9009552,78.29225285112335,3715.271628890694,641.4828061477571,3029.996282847384
19.09806824,72.91983032,271.5597331060946,2649.231569286643,2482.375426291481,1562.2897352282182
19.05407524,72.90532684,534.9486040012471,3393.1974170259014,216.04720157371355,2935.3603670411544
19.10443115,72.89833069,848.1868180252563,2573.243348076427,1360.3443168932758,1183.628510265721
19.11713028,72.89370728,358.097026897489,2140.263168092191,298.1218083982275,1888.7820765147683
19.23074341,72.96775055,940.184523835514,2522.887676605179,558.53509213629,1269.41953307346
19.24113846,72.97034454,569.9177011460282,3645.553166290787,276.91158412924585,1549.0974158211204
19.22644043,72.98209381,521.0832941821839,2279.1096210404185,122.40695281646859,2843.435443851129
19.22410393,72.95948029,1866.8604130204685,2176.1718443825052,301.7704472687169,1308.4356589139943
19.05024719,72.89205933,417.74314554813935,4466.689083252882,101.19710387434212,2593.101779625032
19.1939106,72.84563446,315.95630570044915,1453.8748127735275,1081.8871008667484,5534.287078490294
19.06451797,72.89404297,64.50728276921144,5032.400179358999,745.2559849669816,3414.5840301101816
19.22167778,72.97745514,153.81775970070092,1592.1592242016031,519.8311712813662,2663.712207234807
19.282547,72.95368195,86.55294746001815,8463.740616914183,516.475446052228,2849.7887766869617
19.05873108,72.89041138,27.663852159453022,5005.545071711882,674.3760102733441,2744.774972115436
19.14851189,72.93953705,226.21887512650585,3344.579187761482,893.4291284710935,2351.8629318238636
19.11580086,72.91095734,697.2114181559368,796.0299423015352,1156.0358650200355,885.6196699961007
19.11564827,72.8924942,388.6043794029362,2314.5491542863238,429.78574986915135,1919.9797450721294
19.07992172,72.88587189,489.7114822914233,5560.866670662322,634.0205927670233,3957.539831229336
19.10857773,73.00061035,980.868661218061,4730.729460894032,107.541932297455,4169.21663568765
19.22886276,72.9825058,599.889392301927,2538.442283570482,282.0104047897458,2800.111801907671
19.14546204,72.99462128,353.1842216644794,6207.646179080296,275.33484505893136,2637.4303046118985
19.04962349,72.90715027,250.12907475215593,2976.709524406619,704.5748598402691,2405.576452431227
19.0873661,73.00589752,525.9869195412653,2421.146505438755,253.41602260205065,4385.932456196581
19.10916328,73.00343323,677.2996051048693,4800.77580058961,280.3940486891618,3903.821651670215
19.11619377,72.91274261,738.351973206253,707.1676126377922,1340.9682688167936,874.3145383017345
19.09516907,72.82808685,1143.8926476239396,3771.68615722968,491.5617736377104,3081.654216029958
19.10569191,72.8254776,1193.5713585817336,2614.8021244342044,272.7987906795615,2236.9835133630604
19.14296341,72.82502747,667.7082914085737,815.2474113053913,289.53904892628316,2933.4771506183793
19.1300869,72.82094574,1081.5457559583474,746.9734443040112,644.0365664821144,2245.4804537818454
19.10926437,72.83470154,247.1798527829414,2314.7869843611443,269.04525731768973,1367.2218703271058
19.10879707,72.82907867,810.9091965927834,2259.270255871185,441.5728536263358,1727.6413093661627
19.11480522,72.8692627,354.3762707914604,4619.082405882803,1039.6537305428565,3161.142334171363
18.97986221,73.02358246,1434.782966412107,3139.9519194270033,529.7129135020173,9230.402407775955
19.12058449,72.89415741,320.1905114334236,2010.2949464136802,406.8199482776485,2083.192133717824
19.11154556,72.90105438,919.0634836290193,1792.8408824493006,572.5129825156872,911.7675508355418
19.11899948,72.91719055,673.2595780648122,539.1153798405121,1155.4439435252184,472.4822456537628
19.11408043,72.90633392,632.963922451141,1210.2014465113832,723.131556099783,720.9379255072837
19.11891556,72.91171265,431.7118814840383,446.62284948548444,1169.6024066818377,1007.693367851623
19.12042046,72.91013336,196.40723306251834,421.26654280517516,1069.534495486968,1214.4154821213601
19.11625862,72.91133881,663.1834215712125,734.5035326313852,1193.3245250614186,945.0848288766641
19.11903191,72.8947525,402.49412207944476,1978.9351694993154,326.617728069072,1923.3274662172414
19.11554909,72.90008545,497.57381474398244,1597.8547600627494,116.6999699550248,1245.6995604277247
19.10985184,72.89914703,1136.1421686535532,2067.738446468487,754.9048108905208,1045.2708151368377
19.11634064,72.91352081,772.9106317279301,684.6757590864516,1421.415686452121,791.598732097283
19.11888885,72.90911865,321.07182344453344,616.6965913652629,992.8170487394804,1202.811813774433
19.12086487,72.8979187,141.71754346193205,1614.5689003867894,159.61894740790888,1832.4983146819989
19.11870575,72.91014862,364.1317369179582,558.6022780117146,1093.1943381230888,1163.6412946412884
19.11819839,72.90802765,338.48021722312586,751.7217983262813,863.4755548415425,1129.7088276709287
19.11624718,72.90150452,399.04345491572036,1430.1047257986418,164.1252576802177,1196.8352486923172
19.1196804,72.89414978,322.48406665865025,2026.6322678157792,387.8871579104689,2018.0650220594512
19.11923027,72.91072083,339.51507273887466,475.19731299755347,1165.2660943571725,1117.2255469818494
19.1127758,72.89860535,826.2262813827278,1898.7936195132374,448.70965374829694,1202.888297333345
19.12099457,72.91236877,371.6359837393983,213.69064082864813,928.5250734156795,1023.3300648165705
19.10995293,72.89769745,994.7748305271543,2171.0834390819246,743.483813488566,1197.0827965367257
19.12459946,72.91601562,82.99521654262193,342.20125506452007,522.175304955121,1015.0751617063918
19.11504745,72.91234589,829.3555684043465,839.394270457655,1309.89529630225,855.1248283839818
19.11705971,72.89162445,207.2142121567391,2351.9835598172444,512.8846094262681,2073.4012807473937
19.12256432,72.89339447,280.9140110952057,2073.7402959164456,581.9996730984956,2292.521696184304
19.11445427,72.90411377,571.9830498128223,1336.851513878284,494.66090858935405,870.6217075704316
19.21018028,72.82280731,1295.3638512191824,3081.703662377578,693.8015584191371,4836.4787685748615
19.08271599,72.83628082,172.30481589411616,5229.6787172262775,644.3688790211132,4226.13578827489
19.0618,72.85441589,274.23495703618215,5289.786498549093,878.3390980478932,2197.121887519646
19.07983017,72.85529327,500.0138375199228,6183.704059685475,775.8153026067913,3924.231133288592
19.07526779,72.85012054,136.2051601228051,6420.954467359321,167.52506204669314,3689.8587583534822
19.13225174,72.93518829,738.7068314884543,1538.4379619671015,1302.083616822751,2012.1489642550412
19.2016964,72.82946777,526.967820400234,1943.1658671176097,520.1821916662104,5225.4005084530745
19.15676117,72.87097168,1444.3358671857914,2720.204315102952,532.8204069035668,1750.809122333951
19.30349541,72.83396149,2505.0172510097577,6166.428707575052,768.7799959028159,6986.272199368759
19.47068214,72.80867767,14456.094963379377,24073.360674742074,15414.2475436896,23511.21009163746
26.87819672,80.95142365,1167495.4361802188,1179958.523132751,1167929.699092902,1176841.6593231552
19.25348473,73.10418701,3430.5129503280673,14774.010368567933,1126.7961565797216,11506.71974589715
19.07441521,72.86354065,178.2028437624114,6973.194717225024,610.2582825564986,3129.809470145454
19.14432335,72.9967804,418.0586830524437,6459.649005346555,520.698103045201,2521.090899361082
19.13683128,72.86800385,281.3460164982514,3675.2890499653636,142.33641298045785,1773.456696702727
19.0428257,73.07227325,189.67631683855421,7240.262235402378,368.0916534082432,4250.075557250098
19.07358932,72.86816406,63.069818441043836,7132.271587542552,967.4482755342176,3007.6737304476337
19.17734146,72.87755585,1926.2455024596554,2397.58156982291,490.48543061607995,2502.4814947321966
19.17799377,72.87650299,1825.5548690050514,2265.5083699759884,593.3967211133577,2587.3145500645583
19.13594818,72.86940002,355.09279558374396,3844.6681640263846,252.8158858621845,1708.3029958817863
19.12830925,72.8639679,858.4997718321117,3591.8522533489986,1101.869579919165,2680.5664122961716
19.04930115,73.07510376,400.59395769181856,7897.901135195854,342.39274631773844,4038.1835531311262
19.0587368,72.84471893,182.62081047605508,4610.938271908128,766.5181335398853,2769.973120441878
19.1772995,72.87310791,1461.6989757488586,2041.9319735082743,565.5500824935292,2951.550019403535
19.04742622,73.08149719,142.94797771138812,7808.346446337819,220.50546835024386,4719.252395782423
19.1027832,73.01050568,214.00218245824027,4199.8150492121285,413.73220009828333,3970.190338039256
19.07684135,72.99853516,515.149215881452,1234.9912250042084,801.0379880201112,4738.6156606508
19.03763771,73.10301971,312.7365923126423,5871.147340612175,313.2953664952008,3808.7114798468233
19.03822327,73.09173584,891.4353702188225,6388.321031812022,834.6579765911081,4968.207132824935
19.04868889,73.07923126,298.9976975394202,8052.66488004719,240.38975109659827,4442.784617504135
19.05342484,73.06720734,101.96329508715421,7071.384166505064,481.93269751780406,3093.089512060453
19.07385063,72.86419678,171.16522455439187,6950.021124524309,617.8217952460587,3058.5918199113053
19.07279396,72.86384583,81.12811929605576,6829.122364177444,520.1177343453533,2946.82931173456
19.16921997,72.83662415,145.58782856299197,1226.7734874235775,336.48296116962894,5419.169585237476
19.04360962,72.89143372,1154.846041936145,4350.689993508773,568.8490594310365,2515.748792640689
19.07053185,73.08592987,200.60168137878054,8912.192373869462,443.6024860719588,4528.367489454169
19.04445076,73.08089447,103.58452175956596,7561.127843417797,257.625055360496,4843.845177569617
19.07212448,72.86820221,179.37766705927834,6995.828586324185,923.7600305245168,2844.884896160899
19.07246017,72.86375427,45.76418313995714,6791.918460426227,493.42535838961504,2911.426060687548
19.06877136,72.87628937,226.98828623017693,6847.846649024631,959.0509299938055,2631.2142550433177
19.06987572,72.87733459,214.12835805022678,6818.138570122505,938.9690529014459,2784.914824118744
19.05111313,73.07460785,266.31560103733074,7885.359041717554,543.7636078473716,3887.343387581982
19.07627678,72.86540222,406.16639772266717,7067.404712844068,895.0552549414052,3314.928533562704
19.05305481,72.90200043,190.34593527072096,3634.0216785408775,532.2537838753304,2998.792371978316
19.06895256,73.08503723,223.51139027712713,8810.365969221493,437.3873858082064,4431.653149796141
19.07188797,73.0789566,164.3914813996096,8191.163323005477,677.9753872268866,3805.5476806912607
19.07687569,72.85752106,204.2324739654014,6583.582955175471,755.2749238933151,3538.3391410631316
23.42931938,85.32411957,1347136.7127706122,1357419.6747002157,1347703.3841539186,1351355.3535188478
19.03277397,73.06814575,95.62950177373607,6299.588609910223,295.5119773113427,4831.313636960691
19.17740822,72.95456696,726.5752672221188,778.5167528503104,564.1686685481986,2400.2775969546606
19.04962349,73.07437897,405.6921056209574,7858.562780728731,380.9873065953306,3954.7840606165187
19.07535553,72.86112213,116.27267571338177,6915.726040450559,576.0478573839744,3277.4399466515783
19.07531738,72.84923553,136.04038832773756,6382.681327058964,187.12064407195155,3742.0155050268218
19.06706429,72.85186768,541.7774370079795,5725.186739772053,742.721833183772,2824.1005221807814
19.04328537,72.90474701,483.61863010450816,2970.0584231644207,1093.0626691707625,1947.5403779127344
19.04623985,73.06303406,251.07463828066167,6694.720625188265,470.84180180896476,3306.490151529427
18.97682762,72.83912659,537.8300185369183,3099.9319091345146,290.31423529087533,5604.591714982138
19.04526329,73.06256104,188.18655733693788,6586.289147047072,576.4029671628405,3359.7043053644834
19.04904556,73.06382751,546.2739463449333,6841.845996293429,156.18485116878205,3131.612864224905
19.07038116,73.08075714,342.42740800810316,8368.502135261591,914.1754562668631,3984.5035044410815
19.04980278,73.07408142,408.7454505673821,7845.793350012133,406.00422738834595,3917.698269514342
19.06645775,73.06904602,563.3104653754351,7124.026238481351,755.8207129768755,2766.309978569948
19.05766106,72.91059113,184.9505677676581,3214.520511605326,395.89200321806777,3141.8697747271153
19.18260765,72.96127319,426.0170299804631,1011.1548063328127,358.0730812660879,2937.254614480477
19.17523766,72.87052917,1178.8060667866637,2036.7725502053931,515.4769185798767,3276.633977387743
19.12996101,72.85632324,154.50122385122182,2784.1132334756317,1165.4821118867935,2025.2938105783394
19.04444313,73.0790863,276.87627395191083,7665.066837361356,176.9997325927972,4688.772012682078
19.0345726,73.06755829,111.32769733558823,6339.448544564533,364.6925261818145,4630.675904860849
19.04390335,73.07848358,355.6996418237794,7651.226931362438,227.85752022221624,4673.181344294124
19.0737381,73.07472992,279.7450416788342,7768.385328467376,295.9706931251549,3382.402771957672
19.05443382,72.90036011,219.96904327302093,3859.3603569458046,623.1676741533412,3220.1988985347075
19.04881859,73.07318115,553.4009389811871,7704.172422417881,338.5287946366532,3900.9413379470484
19.17204857,72.87194824,1332.2184329961078,2412.747467686231,257.02219754852575,3005.1839127875855
19.05035782,73.07202911,365.4825043981458,7639.363610745403,547.9383187772648,3703.9353437676427
19.0466671,73.08078003,146.77261007999587,7775.759701757025,123.42867622557218,4698.764917607854
19.17634773,72.87322235,1463.5993746939985,2125.097826260668,460.04760247300294,2969.6964584014368
19.04128265,73.07174683,64.4642440651174,7100.288572629843,247.63569630094418,4330.696990795505
19.04788971,73.07809448,426.7972759565608,8042.086610885014,217.6723946913916,4387.486688738124
19.12765121,72.86154175,602.7559346579573,3389.4893875928633,1184.7898585256437,2415.7142056642497
19.03845215,73.09728241,737.0164258065028,6163.739727412233,493.4374357354046,4412.113967665668
19.04789543,72.91614532,302.401174559022,2066.2951833341904,1157.6796720133536,1987.476565527196
19.16893959,72.83577728,119.60937474925821,1266.6819308817617,337.19563147313215,5394.292813503539
19.16910744,72.83631897,130.04786948693248,1244.39171898156,334.8779035713438,5408.753938945749
19.16913414,72.84459686,264.2623797406471,765.0020608323824,530.5954730774699,4772.1114212610555
19.16851997,72.84217072,400.78544346305654,783.4262650491152,512.9184271527947,4949.816922496848
19.04979515,73.07844543,371.20899919260677,8200.75703267946,380.34288420287163,4309.470749813939
19.03645325,73.0897522,606.6752311901598,6316.397980307797,776.7473736641832,5128.1809921922295
19.22370911,72.84122467,218.4470519676178,1586.3917663678988,520.2676834126904,2485.153646089487
19.14399147,72.99369049,491.9341913327966,6252.023015956676,249.56957593289627,2807.8681514834266
19.14605331,72.99641418,225.21865964389042,6301.519562361826,466.49304631124585,2442.998080138301
19.14306068,72.82511139,657.3379423597005,810.0207617470262,283.479312545438,2938.020454754601
19.13191223,72.83450317,323.1241686019542,754.0695023306093,151.47001653905292,1377.8667206548937
19.07924843,72.853508,461.87055306760504,6157.0649491804825,646.8143077944817,3930.583243315432
19.02000999,73.08602905,1103.7631323808514,5087.547411750954,674.6953696869549,5479.355144878381
19.14061737,72.81022644,2235.900010233887,2262.879355304703,584.8247295716864,3823.462041368683
19.14341927,72.99730682,478.20162174212646,6568.702689239278,530.5208423537521,2539.631010172979
19.23393059,72.98840332,1261.391002819392,3331.6804830636484,253.3071738332932,3322.426155805063
19.1905899,72.86213684,363.083627612801,324.23092722578633,697.1049500592858,4060.3403788106025
19.26536179,73.13453674,5085.232764628743,18219.66455318861,4546.289567784195,14876.215373340061
19.16839409,72.84095001,514.8144593832749,841.2740758541208,533.495114827997,5052.42304680799
19.06097031,73.01056671,744.0865512654555,1128.715772715425,988.6138719305134,3512.0565143664685
19.05822372,73.0134964,600.1980249761351,1551.9460894996873,1020.285830736996,3313.9081787347195
19.4112854,72.78408813,9244.24764173074,18992.469975182314,9622.032852630586,19680.132208818166
19.25576591,73.13948059,4277.4255108105235,18373.745008014732,4693.247716109506,14770.871731834692
19.12416077,72.84096527,589.7952692817946,1470.4006209977358,498.2088748982827,416.87891276767147
19.26743126,73.12126923,5092.9245018385445,17008.034644236785,3496.26141598374,13871.858667730066
19.13689232,72.82938385,302.10461007713104,546.2311675701887,599.2315969734512,2118.7337835869366
19.03473663,73.05744171,416.54636630847585,5444.961588827295,212.43621811566402,4112.871345314458
19.02899742,73.06309509,133.03771667100685,5636.943848465392,719.5719176931564,4936.421548896537
19.04157448,73.06394196,61.060476799862656,6443.807790175133,891.3925916841611,3774.7682589698716
19.03532791,73.067276,199.2145108716037,6354.922691701038,425.5555622113128,4544.541448915558
19.19865036,73.00214386,1255.0177533970366,3362.69024598214,295.2740568966153,1654.2210498590218
19.12727356,72.82556152,564.1347569488767,324.2336647211831,566.0909315335978,1671.064830267998
19.25506401,73.14311218,4395.291768705021,18717.57317103087,5053.41837028398,15069.7062871485
19.24366951,73.12358093,2488.3193089076112,16409.421797043466,2956.732136433956,12666.199106903718
19.25399971,73.13456726,3887.8799795897103,17823.3782357537,4149.536767646607,14224.405913958015
19.24463654,73.12352753,2594.7621023978695,16429.984038040242,2938.3752306994184,12710.47376335578
19.11358261,72.84261322,8.785222657341476,2310.241087112708,439.6352287107089,831.9404497186802
19.05493736,73.01587677,367.1676227421672,1970.5648863948786,904.1386436818859,3242.640512276429
19.05559349,73.01509094,465.6647189298248,1860.490088298406,938.7845218768115,3281.187938887336
19.12986374,72.83755493,649.825418129399,1009.882768285282,136.88631908481108,1059.2880120974419
18.97127914,73.01783752,1810.2010486762651,3969.6335796132453,254.9938919445273,8521.084567769716
19.04450607,73.07069397,349.3461690570519,7209.268216194453,479.4846228477271,4001.161706956882
19.03798676,73.06668854,31.25228329741869,6454.952754569034,661.4582090283046,4267.207545184494
19.0581398,73.08119202,508.34360786005504,8446.346650957677,484.87531028498324,4206.847597441073
19.07247925,73.0797348,112.36016913171606,8278.105943505961,692.3542360565193,3892.913672258436
19.0718174,73.07794189,215.1169851534232,8084.2395557549,617.7697769005225,3698.62658551728
19.26477242,73.13123322,4936.509181654098,17871.822304350197,4207.281532958923,14551.068516385152
19.23395538,72.98749542,1167.936969296072,3285.2663216345964,178.7857942222928,3227.1032621107197
18.97544861,73.02937317,703.6161134144597,3812.5968432162726,498.4529541983376,8948.095904468113
19.09667587,72.8575058,427.36724344009747,4755.50554552641,1739.6776364401126,3243.99221880511
19.25686646,73.14007568,4414.821334743975,18468.90138325696,4780.174356263561,14884.689348042857
19.14806557,72.92578888,992.5096672940683,3010.793086855125,447.5357298310921,1079.6912383328429
18.9894104,72.82932281,609.2342571555092,3258.4533935371323,999.9686304619155,5140.388577277878
19.11856461,72.99215698,1468.67771494207,5918.54807236821,298.0334133585235,4363.176746438566
19.12237549,72.99855804,747.0369798708529,6270.911096706172,266.0611693364585,3585.480000771346
19.09690285,72.8265686,1257.4882580374097,3581.9392146399446,719.5001230821018,2977.000354184064
19.10977173,72.85826874,322.33797330195705,3839.497289866234,1627.3692522668227,2282.1559927441635
19.46860313,72.79941559,14443.648575434672,24150.65666285537,15474.204291254346,23788.387765653293
19.14067841,72.81233215,2014.7259443239075,2088.544252731493,363.92505732660663,3650.1372591901636
19.21079445,73.01342773,200.469434995869,4376.737287548117,872.1349257953792,2125.936540898654
19.15122414,72.82866669,327.7472341760623,949.0538578780759,186.45125083779513,3602.9839772988826
19.25602722,72.97692108,572.3433110218705,5324.751401034728,692.6660222048994,3101.568119035
19.06999969,72.83000183,789.1511685539556,5699.359986855888,835.4975245404839,4743.556036878575
19.27337646,72.87338257,665.82770943586,1131.05275946039,405.30721227108535,3990.8274588094405
19.06728935,72.89926147,111.38907272716605,4814.439569371359,772.3663405999185,4040.2666333678885
19.10761261,72.8992157,1141.5573458112408,2243.872476991001,1002.0049897753738,1020.4730027788767
19.00398636,73.01650238,800.1378208017577,364.2526932733595,72.14909300132294,7748.862843842376
19.10704422,72.86820221,506.6154188339077,4885.553743981464,671.4091983046387,3341.9014558089357
19.06040573,72.82672119,1066.8354101998186,4669.387057853804,557.1260204009475,4574.595651477175
19.07322884,72.83232117,584.3530807328808,6050.791599250105,685.0714698023859,4757.174725892085
19.06962967,72.82893372,895.3319031381385,5665.331887678816,842.7837310433845,4815.663457914334
19.0515728,72.83463287,230.53209349849612,3647.2830499934776,657.3887855133953,3520.354153613451
19.05765533,72.83065796,670.1842806881738,4325.0041977438195,753.1946632280602,4084.7106681095333
19.06867599,72.83633423,115.61431887058448,5556.328388607128,1336.448856368808,4113.912882378258
19.15149117,73.07994843,1449.2171235247217,12595.238227330832,436.1984403695764,4256.20267974501
19.15905571,73.115242,2888.554513451122,15823.798782864147,732.4018981970273,8007.276187841879
19.04387093,73.06230164,169.87243181806747,6465.957099467942,731.5943233542928,3466.8417167653806
19.13327599,72.93379211,565.3880350405169,1556.769595003129,1321.9107407786516,1828.557074329929
19.1168251,72.87012482,596.2822430373143,4568.941703588089,804.2342279189388,3213.0657505496156
19.15316391,72.87567139,1641.3814929752443,3303.728682490337,1023.4810076866868,1125.0176699073327
19.01791573,73.09322357,827.2851089749066,4408.505877162271,137.06699273102927,4778.384599119747
19.12870407,72.83263397,173.78713002801754,491.09218873782714,259.2509226727673,1176.2874086145073
19.13791656,72.81115723,2163.509375222055,2021.3295372477223,596.029784433583,3573.889724682121
19.15411758,72.84352112,224.97713710213668,944.1901498006163,256.09978327261274,3749.994367740008
19.11009979,73.00070953,922.0879941894636,4899.8234281629675,262.3704279151492,4053.375569754957
19.15037727,72.84749603,361.0417307898454,1342.9137149649177,467.1966411704305,3410.848298364893
19.2561245,73.13549805,4143.497629062432,17985.290886467938,4293.408498012794,14425.418747750218
19.14055443,72.83118439,151.1004385443081,138.03090187165014,418.3914492988966,2398.775144538246
19.12628365,72.8326416,188.24151560306652,580.8657614102897,310.67791958186325,984.0917489792264
19.19696999,72.8759079,1476.005438726237,1877.941153218206,2209.4364764485954,2916.678984655196
19.17316628,72.96511841,322.66503455468256,1842.1585816887962,465.787949430724,3584.508415751862
19.12485886,73.00468445,71.67988885542006,6550.499810397871,339.4819798635873,2887.4360863888505
19.14286423,72.99062347,662.5196636479316,6122.131084130236,334.0446663294351,3146.6076940413373
19.00620651,73.01461792,872.3283880936356,77.51446901680406,77.32524949293911,7594.080181533271
19.21541214,72.83696747,151.94631492743736,2369.2194083738013,902.5768637725823,3509.1024608762914
19.00232315,72.82753754,191.5199532954095,1917.1235381436727,694.832582673963,4463.93139421419
19.01035881,72.83055115,294.35170842979915,970.9774764672593,616.6462568494629,3827.333569055012
19.05360985,72.88645935,60.00310498684723,5147.056582805424,741.0726015677923,2122.365031888069
19.06233406,72.89425659,119.59185650159003,4871.675549689886,782.7066435139755,3297.3635028586687
19.0024128,72.82653809,293.7459408873224,1940.9812182595047,654.7121233211667,4553.044889636055
19.25799751,72.97820282,766.7998182132956,5557.3775924648,445.47801696600044,3354.02015754249
19.25801277,72.97825623,772.6077218451776,5559.740349734689,440.0365754294709,3359.0365405787575
19.25621605,72.98490143,1346.8736492227936,5493.138128237456,381.34498512715925,3735.7175872624643
19.25847244,72.9842453,1382.5205214903874,5720.3184205066245,362.7859354311566,3842.8299529593182
19.26366806,72.9796524,1134.90908260509,6202.111231539866,265.4852685247903,3936.333792870321
19.26374054,72.97973633,1145.7260185838768,6211.2719004004,255.66866180564924,3948.0929974490246
19.02579117,73.08976746,350.672850344955,5322.762013671767,497.7541555107702,5028.368969907193
19.02604675,73.09063721,290.13658645684666,5292.042613465269,428.06609607409484,4936.086351730747
19.01439095,73.09449005,956.438388275267,4023.8863128687,277.4545552417505,4752.271773740631
19.02183342,73.08637238,913.4878927090172,5209.9744416302565,632.9672140163592,5417.022482350798
19.12586975,72.84249115,465.9626926847927,1566.2311267580396,564.3974762897794,652.90081405097
19.12509918,72.93358612,202.55866249672732,858.1264253235258,1413.9428620434007,1608.9626189490157
19.26945305,72.88064575,80.48780145959563,953.1295055766406,379.7746220288766,3567.426595886761
19.11796951,72.99695587,999.8653653218671,5792.245427379608,249.7290780969333,3925.6663119098685
19.11912727,73.00679016,29.28088816037346,5931.813331398426,435.3472528585347,2952.261909101313
19.10673523,73.01082611,16.663782222117682,4635.640745311817,345.09684989309596,3587.572535120204
19.11301613,73.00727081,180.18247384492994,5261.798284725624,688.2778263585304,3317.3838707857553
19.11886406,73.00686646,12.470887814532738,5903.48174333071,460.7572473738477,2960.7222192931063
19.08991432,72.90174866,258.33835454033937,3832.316460474097,1930.4090389306527,2155.065195942009
19.15221214,72.88626099,2166.504967607992,4308.374295295214,563.9595946797011,876.810514694924
19.20919228,73.09050751,1692.6831385984478,12462.56626552141,243.45250436757922,8042.437050609272
19.21289635,73.09632111,1663.6244976212813,13082.176631178241,802.6161935122653,8737.456254345794
19.23759651,72.97093201,509.37074641230134,3249.744810410205,183.3966670819267,1499.5409227311854
19.20772552,73.11164093,220.39250308821101,14681.587667255357,422.4961803013838,10181.283055379125
19.22686768,72.97250366,479.6502706853908,2056.640034628029,151.7593516758759,1912.6294049744524
19.13873291,72.84063721,367.4705119089933,890.7830480692845,1053.5860880402906,2020.7888021732383
19.10470772,72.89698029,769.2714490540177,2641.102434835633,1316.6161558853023,1308.7197739962915
19.0399704,73.07698059,75.7407880948294,7391.001277308393,145.0549028550958,4829.03421478094
19.03955269,73.06789398,233.5991393813725,6655.716018070428,578.1580992554885,4205.512106948731
19.07026482,73.06941223,198.39342158397108,7177.684443489291,330.90277826717943,2792.7380978521655
19.03665733,73.05966949,223.11689691362776,5759.2097638067,253.37292259911297,4012.8523028963627
19.05057526,73.06804657,211.53431070400697,7226.681396961102,438.86453368320025,3350.933903450416
19.04971313,73.06507874,417.3623246862691,6948.558499627483,150.86245144831372,3174.690675317496
19.04318047,73.0664978,281.950277404177,6765.920914663476,822.1465325223451,3801.4567178682987
19.05057907,73.0680542,211.22087026591763,7227.359436298542,439.67975110568597,3351.307316910388
19.05057716,73.06804657,211.32485609324928,7226.631096179186,438.87131384162785,3350.804278430617
19.0435276,73.06318665,100.29590977729345,6514.036225358089,772.5191495325631,3552.8800922210366
19.11634254,72.83181763,35.46546563105048,1473.6003714381109,471.8063057492371,961.8552974837087
19.15038681,72.84749603,360.56890686708084,1341.8627848587719,466.83285779670973,3411.8788791909365
19.14983749,72.84687805,336.26249808692813,1395.428992150767,434.0774462447615,3337.509341894514
19.14983749,72.84683228,331.9416303746982,1395.031422745373,429.9444560920347,3336.4415783229956
19.14964294,72.84712982,369.5775154273297,1419.4288414451769,467.87816763735077,3322.4525956028992
19.1503849,72.8474884,359.9458165724039,1341.9643258861618,466.15256010120174,3411.4827156930182
19.15022278,72.84762573,381.01953674624673,1361.8316247033931,486.03244080082555,3397.43254549776
19.15022278,72.8476181,380.3116785579491,1361.7163221078042,485.28665659000774,3397.2387051306555
19.15019798,72.84761047,380.9088886371445,1364.330831686026,485.5600908177811,3394.369113886046
19.14984894,72.84686279,334.2652903748001,1394.0258550568885,432.04991343128364,3338.3939421017
19.15412903,72.84346771,228.46834712895978,944.3696663076165,256.96804781302404,3750.680258298774
19.26140785,73.12130737,4447.687027087511,16764.88191532806,3113.889231004215,13480.059198803521
19.14524841,73.04563904,152.77900536555566,9965.923538047611,126.12259675743799,1170.4468933575542
19.15661049,73.0639801,808.4593165688337,11261.022611727878,100.57353204885425,3236.5407880672137
19.14521408,73.04563141,149.90965681298502,9962.175006807576,126.77269810889754,1166.5464142606543
19.47031784,72.7999649,14613.907109787282,24312.43417394763,15636.803648551242,23923.44966977076
19.48460579,72.78666687,16524.874053241205,26277.351802417194,17466.683892502042,26001.771207145524
19.17808533,72.96029663,707.3015896368865,1105.8074307702877,236.36607538279978,2984.652044813466
19.13874435,72.81476593,1780.5753577299206,1754.6925017694882,275.33423685016567,3316.349958303251
19.13927841,72.81475067,1779.9749206015526,1792.8856719603966,222.4994887873912,3354.109231497518
19.14082718,72.81272888,1972.0871832898067,2066.3177301701203,320.9409411356536,3627.5218832457394
19.1433239,73.04677582,31.660396898387006,9834.843534103544,350.90471247660105,997.417226280935
19.00629807,73.10330963,252.62118690188802,2737.2407945398595,233.44737502725667,4294.835816777706
19.47192574,72.80041504,14775.852079317394,24466.796273732696,15792.127309174319,24054.313660750668
19.14520454,73.04562378,148.64522776003338,9960.862432288519,126.44071110112824,1165.3472801179792
19.00634956,73.10275269,195.36826664103867,2779.191942276294,192.81939626999468,4340.977804459956
19.15051651,72.84674835,284.6582733762237,1319.0645887796004,388.3258264795239,3408.2133487827737
19.14982986,72.84686279,335.19251786398394,1396.1400849247784,433.13129629004334,3336.325431771516
19.15058517,72.84673309,279.4284560186903,1311.3275894967053,384.0391595053714,3415.329084922461
19.15036964,72.8474884,360.7056409300011,1343.645522012256,466.7371013768459,3409.834141512414
19.11885071,73.00692749,18.96520854263632,5902.648165073016,466.4936463206994,2956.0576932693116
19.03713226,73.00855255,1206.99511608257,3304.243967883029,519.4438302588794,5061.177109980953
19.21320915,73.08672333,2290.156611966795,12076.668185177563,335.88039174413876,7781.662846719653
18.97218895,73.0164032,1959.2205554686338,3859.4883153749433,414.972758757576,8377.780734965136
18.96730042,73.01540375,1580.2941346142068,4400.006146398611,395.8923655347487,8248.300756700926
18.97512245,73.05290222,1011.702800279013,5335.216141521483,587.1068731754483,6799.406102814932
19.05956078,72.82952881,765.1709955412003,4544.17935835899,821.0712703379565,4265.128002108959
18.97351646,73.01733398,1868.6486525901303,3717.595633134485,436.3775819429628,8487.913456668557
18.97139168,73.01264954,2075.2915515051213,3951.496119194263,679.0834963713037,7977.6068020439725
18.98565674,73.02648926,1113.6387775156168,2656.9249389183915,1096.0873128665146,9432.92300292564
18.97071648,73.01301575,1993.867534416585,4024.416144454895,617.8533214988311,8011.139454737832
18.97175789,73.01626587,1973.7958659151886,3906.8021235776087,385.68337231979274,8359.810894186445
18.97277069,72.81299591,158.61916489005839,742.6372133521012,490.83062509160317,7659.33809100825
19.16876793,72.83560181,135.46780948512813,1246.1056015439258,353.1416442298867,5376.7447832464595
19.10214233,72.91384125,498.72863094433325,2263.448988073422,2168.3056559782276,838.3084987104813
19.19087029,72.86130524,271.05008680846197,248.85278968938846,691.0846791900713,4151.769213208802
19.05125999,73.07674408,152.90372701439605,8101.654253693276,423.9637402234033,4073.6676350958705
19.22662354,72.97582245,130.30558409344627,2071.2442768477526,405.4203308640199,2231.92235092221
19.10175705,72.91075134,784.6418894831727,2326.0307311485008,2000.3203331514737,728.3414678129042
19.16797638,72.95916748,596.4177406295383,1932.8602147755885,533.5102706043696,3204.591200262888
19.0743084,72.86810303,100.79234467350007,7183.506121067269,993.9758182360116,3087.527166806381
19.12496376,72.9168396,31.322576237971187,434.0991631211797,517.7204567005077,1009.1460091990676
19.11456108,72.89637756,722.0375518569621,1991.2855039045558,220.13899221441332,1501.946873274919
19.07842636,72.85665894,379.40925845741583,6388.808751505809,875.665472193394,3730.2468908189953
19.12283516,72.91300201,247.64403876654464,17.631687709178692,713.9093668430726,1078.4870278665048
19.12494469,72.91692352,40.01427923660971,439.65224942655595,523.7387558985829,1003.408379346277
19.07556152,72.85774994,65.69102454005674,6723.962531478599,608.5083878715693,3391.84483098578
19.17123795,72.94036865,293.4822744733083,1844.5676145844177,1110.5912227206313,1411.9359853887895
19.10622025,72.89893341,1031.6351588517014,2379.5373108176705,1158.843971025181,1068.9001891703672
19.1227951,72.91296387,253.63469815021455,23.586341880662815,719.1652777800842,1078.8701474582613
19.12325668,72.91281128,230.042486349697,48.662378543298786,673.512112379621,1123.5932744930087
19.12279129,72.9129715,253.42961351923566,23.297739817613177,719.3922061370594,1077.978077158537
18.9363308,73.18986511,5449.11402155015,9290.459993339142,8571.605502589957,8870.334230145781
18.91738319,73.19842529,7445.6749224512305,11344.738085274445,10458.137397877603,10073.655402353295
19.69177055,72.77097321,39351.870100046384,48867.03142220313,40263.66780027324,47731.24632704804
18.97014046,73.01754761,1850.674914875283,4093.6426210838263,161.9573080569094,8483.462264068177
18.91041183,72.82020569,1923.3222416336544,2760.276115928658,243.2050508159921,12730.16802550184
18.91054344,72.82027435,1907.053378241416,2743.975394682618,259.4806835256276,12717.220504258496
18.91048622,72.82016754,1917.1404572802358,2754.9996541501473,248.39845042220972,12730.111108474306
18.91077805,72.82048798,1874.5335727549343,2710.26878430943,293.4127978523128,12685.543678328027
18.93436432,72.82583618,201.18448406317913,787.3733305323703,1777.039132166226,10462.912287955618
18.91053963,72.82024384,1908.6371812844125,2745.9046838476816,257.50647917650355,12720.287088966767
18.91078949,72.82073975,1863.8487705230636,2696.4554348020465,309.13367093182586,12661.213885429454
18.91612053,72.82676697,1143.8326110667101,1893.5944805808026,1172.5441107277127,11833.320440845147
18.91041946,72.82019043,1923.1304402253177,2760.313475926988,243.124480615471,12731.232413737249
18.91856384,72.82546234,892.9637996595467,1699.940824315778,1304.991666033299,11846.911479220527
18.91079903,72.82047272,1872.9481375216628,2709.0028165808167,294.57202196189013,12685.956758825572
18.9187355,72.83003998,770.3122345943488,1519.0310619831937,1620.9468377399576,11399.071591949218
19.28962708,72.87622833,785.6670958313281,2939.5785859141356,408.7335034178966,4112.358244848764
19.29994774,72.87439728,1514.7666209228257,4080.780785784611,671.4649315793089,4595.855641274065
19.07680702,72.83995056,239.19735712943074,5948.005838421398,1102.5349351351892,4453.067360816152
19.19815063,72.87384033,1229.3431199694617,1664.0374517427067,2128.088796026851,3170.2212329464105
19.19954109,72.87702179,1394.0443427594955,1699.1962719380783,2479.9247730563957,2968.3802667907203
19.19454956,72.87233734,1279.365002017494,1477.3256423270577,1748.0442616565522,3142.5897486303857
19.12702942,72.83228302,164.0780742421087,507.00412842262654,394.0257764411188,1067.0739520846819
18.91166878,72.8228302,1703.46788004665,2510.1439160724835,529.3556055077678,12420.742415169028
19.05729103,72.90239716,590.35979204845,3849.2439277130825,418.49347211422736,3390.8028218833315
19.06189346,72.89530945,180.4286022898061,4752.938482270652,901.6632294151516,3366.4433123796803
19.05508041,72.83100891,674.6737438642873,4037.182684026069,731.1835980836343,3971.613534703794
19.14554596,72.85346985,354.93151048591324,2035.8037360662995,1184.44696684722,3033.1706909259283
18.97022629,73.01915741,1681.4300577100878,4099.342209272461,134.8288920482387,8653.006790075482
18.97488022,73.05581665,704.4089626367817,5585.797740283238,734.2703174417504,6535.838713967768
19.11925888,73.00700378,51.205989576798224,5948.612641852399,443.66806326281716,2925.483574707056
19.12447357,73.00479889,112.2154656515696,6508.3984101017,331.73507653661113,2889.595955349194
19.12031364,72.99881744,746.3159487489573,6040.668180161187,319.9167047014842,3641.4841921210464
19.12514305,73.00463104,44.80750029406024,6581.748482421086,351.425750918204,2883.173275423399
19.11910248,73.00672913,26.257547947629163,5928.445090144676,432.3036759646625,2959.174135343932
19.12783623,72.81794739,1365.1712791270525,1062.8366175183148,465.90675770631844,2433.672990035492
19.18902206,72.96759033,204.8689869211267,1760.045720151603,805.8923536563495,3413.1830870198496
19.17752266,72.96000671,761.3827083512554,1119.6261367183024,265.4137410713721,2962.477902659141
19.46089935,72.81815338,13225.514601605511,22755.57735309415,14122.91838072289,22085.070144430232
19.40488052,72.83856964,6903.15568422709,16190.808542351737,7621.203513405825,15599.872390706008
19.14726257,72.93522644,133.5569051792892,3055.4799503780782,551.2521827832295,1879.1566857533226
19.29249954,72.87176514,759.192579504897,3264.1443212735508,158.28788464529228,4626.941086814246
19.05563354,72.82538605,1079.3561760718876,4168.611832556366,206.84083000390862,4560.89732173699
19.07835579,72.83985901,321.3691236667413,5777.714097180705,1037.7970340256977,4590.712111950366
19.08450127,72.83721161,91.84408861848353,5051.922592596045,710.2833540719031,4020.620806061621
19.06676865,72.83115387,662.8979853607664,5335.187182286511,1214.4494367552627,4451.044392305926
19.08839989,72.83769226,151.93130369204485,4638.084914717829,642.5635421193505,3584.751889850658
19.0450058,72.82017517,446.96072782050567,3202.7710149552995,1128.5633888154455,4998.279386819153
19.05952263,72.83078766,632.8081160160077,4531.681817012748,796.5632768186018,4139.433003311479
19.06830025,72.82364655,1443.5626571798757,5586.968518052861,961.9532481036539,5224.049932965423
18.92134094,73.19820404,7139.849797851768,11030.366376888525,10186.22031295576,9951.494350067518
19.1144886,72.8962326,736.9329630941338,2008.5165987665025,229.37773343447353,1511.5031738457137
18.97066498,73.01450348,1962.6179557612695,4025.671039789403,468.06788523461654,8166.96549457049
19.21473885,72.98933411,495.1974437407745,1969.728771015697,209.29668886207685,3795.980468207145
19.17394066,72.94203949,33.60294206383509,1503.1446689010459,1098.347499434834,1323.8530087137076
19.1433239,73.04497528,128.8361152592256,9744.253685964082,262.81386471380614,947.1944302276293
19.14524651,73.04523468,120.86212407996616,9945.929158224426,87.74546380476204,1162.5160379502042
19.06116676,72.82977295,763.5583631082545,4720.4165075565215,886.2622014734675,4305.200392629065
19.07229614,72.83082581,710.9906968709645,5950.642329249182,650.2821784321532,4818.667679837288
19.05788231,72.8249588,1254.2578869883343,4422.646983431518,388.98382954792737,4665.934070692929
18.95201683,72.8363266,370.9910349360252,397.6239832273572,522.9072542211454,8226.949728408483
19.10146523,72.82805634,932.2291863713516,3071.5787638097636,421.8733826913473,2457.3821619144455
19.07073975,72.83628082,147.27094057978687,5784.977733516968,1183.968735888785,4259.497572573805
19.05868912,72.8225708,1497.1320221856363,4563.654788100193,170.59675552344805,4931.850678669151
19.25235367,72.85125732,457.74804096319724,2712.8507207601892,539.0998096117105,1027.3083035228115
19.01250458,73.09145355,938.1151866917371,4095.928403219327,450.5846212884142,5121.075626116703
19.01634407,73.09550476,828.7733537310208,4121.8646979932955,209.92269821788727,4588.148675222872
19.07730484,73.07568359,573.8745929751298,7920.901304039744,150.97812547967126,3276.9558877373797
19.07547379,72.83792114,89.82067717645963,6052.550333589047,1096.7360804108635,4488.177791673354
19.19767189,72.81980133,1459.719718504727,2148.778216515842,733.0104818312813,6134.557593703002
19.16864586,72.84247589,378.88684001297133,781.0681571747367,502.3359028231362,4929.891308900236
19.16920471,72.84524536,252.65495804785078,764.9750552609776,564.794047319029,4720.094362027047
19.16932297,72.84515381,267.2163462851319,778.8158522085726,548.5328307140734,4735.455854462982
19.05433083,73.07266998,229.0057197811705,7617.064730922467,318.763130921736,3534.634363559015
19.09981346,73.00895691,579.3186770705339,3841.7802861813316,292.16517099406224,4200.356023391347
19.03626633,73.09143066,689.8553840797279,6211.623365420175,724.2041935972278,4951.145074296225
19.03972244,73.0954895,898.8758655449031,6367.794226700898,691.8244432502362,4633.33338305302
19.03602791,73.09107208,649.2594001791717,6206.689569219704,701.6397891452266,4982.868317589593
19.03564453,73.09230804,680.7937368027924,6106.8205584313255,654.2920497954517,4847.179257821041
19.03598404,73.09338379,780.7130698898466,6087.550717658306,565.6748059281896,4743.730754172103
19.11759949,72.90907288,464.0667383813701,725.6014060436646,961.190322377141,1059.3812748717723
19.19519424,72.96289825,117.90845383306014,1719.2541884047375,555.5173185384651,2917.105400531179
19.18892288,72.96302795,66.95793865858234,1311.3770363768258,624.27735175647,2938.79053906611
19.19579315,72.96469879,262.9490183524005,1587.3433572213928,357.47414334555685,3112.5983991143617
19.20230675,72.82356262,1125.337023236234,2276.8436112476315,628.3363713990697,5486.323101997804
19.21675301,72.99372864,770.4415018483772,2481.1668116452015,722.1871806477159,3635.0150562584618
19.19001007,72.96786499,144.44242017237556,1825.4576605107832,694.7967894252996,3431.7209338231705
19.19521523,72.96303558,121.87790682301757,1730.7744022547429,540.929828663864,2931.6944719134935
19.19083977,72.97228241,330.9111806754773,1951.311250147245,747.3798901521544,3889.304246847999
19.19024658,72.96781921,118.39111000570614,1831.0032488589295,668.6810842784666,3425.0160218508468
19.36510086,72.86039734,3687.7848544409294,11420.141259462924,3464.498567108428,10633.540568111968
19.28126717,72.95166016,162.11641896037895,8355.311105179868,513.5310570524196,2659.749438615254
19.26326942,72.87560272,155.53060900500122,128.28553170020692,490.23092176147594,3273.7513039165215
19.2934227,72.87831879,1255.1655758663965,3380.592293017361,468.73378403527204,3978.063882619257
19.28299713,72.88573456,777.2865541569546,2498.4884905421927,247.89955871164108,3080.936979607473
19.27640724,72.88571167,259.50144003695215,1885.6007184407338,369.2150756359564,3209.3293581780654
19.26652908,72.87171173,444.46849663789567,459.96679573482874,288.799788864093,3266.8807462990912
19.28744507,72.87618256,613.0405532536631,2697.18513204717,579.7092251459939,4091.0397789305925
19.29012489,72.87606812,819.3691641229531,2993.772348300941,365.06696332036006,4136.918497284464
19.29012489,72.87599182,814.7095801131208,2993.309264889213,358.09919543553184,4144.8367364502155
19.2820816,72.8765564,297.704124629819,2106.570227290567,275.5559842033298,4048.7453095808523
19.26466942,72.8784256,289.6539278369971,453.027745914083,251.93386186467555,3413.508364943219
19.26166916,72.87430573,127.40942784272035,175.78019408756901,714.0006136591472,3053.1199564056233
19.27368927,72.86976624,969.4835390708075,1257.9634292211751,642.8374389216826,3829.0666854215156
19.28604317,72.87023163,94.10871408883585,2571.8049360826294,525.5333077127697,4705.956715282465
19.28123665,72.87892914,424.78077468851336,2056.387449097691,146.1770825210875,3808.3185435775263
19.27972221,72.88388824,630.2843572476226,2085.998869323381,350.4306397240483,3313.8617655764897
19.28332329,72.88627625,783.4035256518533,2557.6922982559718,224.42345562703196,3022.29902654972
19.28781509,72.86935425,196.08791105418678,2782.174206218788,357.59147791890285,4808.74394315957
19.28136444,72.88446045,716.5405161858408,2275.3486626055346,443.43335871884454,3229.412338678595
19.27293587,72.88097382,194.880323807226,1280.3440585535714,468.90275872129416,3802.411539188261
19.2818985,72.88632965,640.2712729154997,2423.5575137961473,378.36315023742594,3028.103694097805
19.12278938,72.91297913,253.06730773927467,22.88770359759468,719.4145669309148,1077.2165931454733
19.12277412,72.91293335,257.5009177975744,27.529795126795868,722.1821917181915,1079.9574912301457
19.1203022,72.89926147,74.59791258228199,1486.1493690982675,178.63690027418795,1696.4328999925883
19.18938255,72.96760559,190.00748961289148,1774.9744913431646,765.7861321478647,3410.6421206846358
19.22325134,72.96419525,1401.4534481516057,1837.1245179342238,301.4231766941308,1576.7911361046288
19.06566429,72.82707977,1083.161154503362,5244.636150573176,872.2926596895531,4769.437161119061
19.01296425,73.02244568,501.8461275737768,1047.269954919455,243.66203259193423,6597.029662257184
19.58354378,73.3866806,47813.37878742139,60278.47443882844,48183.61592411135,58373.06361183928
19.18997192,73.0427475,2435.2781715471124,7723.919368924099,361.78277823296634,2800.517281952912
19.22291374,72.98842621,321.0669254738887,2376.840574031707,418.80036771693904,3606.9177529068875
19.21265221,72.98867035,260.8486817976386,1831.4801447754528,167.22684342170484,3698.6186865068985
19.1959095,72.9646225,249.34326148574948,1579.7643247367007,363.80880531009973,3106.2614633782164
19.19586372,72.96472931,261.58660076530265,1578.9122849522516,353.2491676594419,3116.748493084983
19.22629738,72.96929932,815.8598425963871,2009.553532418092,385.71188085488603,1670.209576454749
19.14526939,72.8306427,89.46354955879863,526.8725227220872,441.58903893253245,2909.3850329729967
19.19696426,72.84853363,99.06956298289317,1351.0325641608886,1248.4948815773996,5163.030587021468
19.26498795,72.9720459,479.75421202375117,6294.226259646452,274.95156640237855,3561.3608083576264
19.26770592,72.97130585,485.05229574641004,6596.63229543254,429.9045468160458,3552.5508268139542
19.17686081,72.85383606,516.5845447271142,1566.3932505137523,1062.0083846314064,4617.46337295568
19.17262268,72.87081146,1207.4883434362646,2293.9467058059977,375.30702553846555,3140.464063993917
19.16975403,72.83875275,342.8778861368209,1104.7235354497798,446.358277472767,5328.057479582951
19.29854774,72.86050415,391.64428279650946,4186.617434716705,276.02361527954844,5931.229974051984
19.15102959,72.89043427,2433.2787357597163,3929.4770398585906,255.6351176468216,1065.5794891255578
19.15105629,72.88568115,2035.547687774873,4253.176332082808,537.8232030570172,734.7643002381873
19.12613869,72.82546234,567.6008692417307,421.1688728194503,472.66965321846396,1628.4170918786292
19.14338493,72.82459259,707.3175035109235,873.0644469712055,345.9848744480874,2997.4530711419375
19.1078949,72.82891083,848.591852916166,2358.661709814081,417.51490461398447,1815.9441856172443
19.15210342,72.83035278,154.92897446678737,761.1893004343044,123.23525560694105,3643.4112336471503
19.20962715,72.98136139,182.76109520433508,1010.9442272468633,263.4349735624037,3871.1310250044935
19.1396637,72.86990356,136.42391771325916,3576.657069313648,236.31220319138842,1446.8329190923992
19.02149963,72.8375473,76.81680991886844,576.5991359717785,934.0011902921269,2913.9520995037583
19.11654472,72.87200165,625.5070746162004,4379.01046270813,730.5639056912815,3371.634489689581
19.12444687,72.86378479,765.2880131546777,3762.606213149291,1173.5438042366552,2556.203356792038
19.12395096,72.86105347,474.0504258025322,3521.5382292209492,1449.9334877424274,2264.0766607396563
19.12842369,72.81876373,1288.2992389586698,970.7317102010315,490.249067586826,2376.135879540721
19.16191292,73.0453949,1481.5260599487603,9294.976944882994,371.20372811705266,3007.14277472232
19.15540886,72.88598633,2401.619518490416,4295.3149055379645,789.0915859980123,1192.7476160740584
19.1172924,72.8841095,610.692290822004,3112.810831000205,235.2114477483278,2800.6465944220395
19.15793419,72.99347687,786.8621707789075,5247.807641123659,693.1480496272546,2364.947359785891
19.16000748,72.99343872,684.9261516161018,5121.233024034856,646.1403048999418,2380.3591517147315
19.15964699,72.99078369,963.2032916476697,4906.80702122355,373.732946707358,2654.825995081067
19.18841743,73.08371735,837.6943666644772,11957.881086364898,760.5691862875982,7105.489261828532
19.20936394,73.09390259,1483.9141058454534,12819.196555577326,542.8709233237439,8393.391990067052
19.36641502,72.82137299,2939.9957320269955,12749.059437031823,4124.4845486143095,13395.36500773134
19.21278954,72.95993805,1366.353327854428,1340.82872046429,1042.675243769522,2209.343259796645
19.23326492,72.97569275,67.22766854564392,2796.3986834940365,84.54980582051476,1999.691118055223
19.36323929,72.85987091,3510.3095646903967,11222.25428233402,3253.488248808447,10490.211385800654
19.36274338,72.85929871,3428.881277606359,11175.969422824692,3178.176208513449,10477.674491424736
19.35957909,72.85820007,3120.6639312466345,10845.230887547441,2810.639295653792,10254.301834347854
19.20537186,72.9597168,832.3454101122683,1314.7041882319547,1022.8087076018409,2328.313470297305
19.22191429,72.96641541,1207.9176053031038,1608.229840465458,145.42544086094685,1825.5266328450718
19.2227726,72.97317505,555.994343916635,1606.3240696658606,324.9223318298343,2233.1267888531424
19.18913078,72.96363068,58.754087176233675,1378.4945762029206,685.8586986646176,2998.6972368319352
19.16619682,73.04575348,1796.9699041063384,9070.968133500446,384.5320490038509,3258.825657772279
19.13915443,72.82833862,354.17093022708565,472.32861900890106,368.1428694406772,2391.099738905059
19.26537704,72.97238922,535.4254344402792,6337.725611172392,309.041910002946,3604.725420785246
19.25333786,72.97263336,47.09971956887076,4999.474024901142,207.21139237451996,2579.1706596587615
19.25627136,72.97373962,261.46109364145883,5328.738206395881,550.2607831766311,2905.9978698405293
19.25942039,72.96585846,378.86954487896924,5709.557962262581,129.92791296522782,2814.3182344277307
19.26477814,72.96714783,221.93066774462466,6290.043785708358,440.4511112577965,3052.0923309426184
19.37060547,72.80923462,4044.3525796838717,13756.374148246365,4575.972422312359,14655.735211440393
19.25854492,72.85076141,218.5041987266121,2533.9112051444185,167.37859403901456,1716.4271525143968
19.11367607,72.89700317,778.8894691525838,1982.7308663332449,323.11251723463045,1398.103325350068
19.25876808,72.98666382,1629.6349529064232,5815.155359926509,496.7974237166789,4057.4373764662937
19.11481285,72.90932465,692.0928361961588,967.1300009947087,1000.9299590727657,750.6221992025755
18.99811935,72.81504822,193.8519009355649,2966.519272644689,664.9129634724333,5848.0193559668905
19.36698532,72.86917877,3334.9209869727583,11547.928570956336,4107.459648628001,10351.380862046997
19.21240234,73.09454346,1745.673190352794,12893.65573723149,608.1221276501814,8542.907956339362
19.20391846,73.09927368,681.7624162737077,13392.145343516308,180.89216040354074,8831.050380590796
19.21178436,73.09603882,1620.0300761682347,13048.432100120624,749.5301746624673,8676.517931270508
19.21087646,73.10479736,746.7472907774423,13965.417318371257,490.1415857692985,9545.748963436361
19.11781311,72.99448395,1252.053351320232,5801.036924508394,154.77004516221578,4169.442327735721
18.53321648,73.83097076,86483.63091714874,90305.08708062845,89420.38649538626,88055.83085802392
19.20085716,72.86756897,532.2162292445274,1219.0384884805646,1973.3249597429244,3892.447242538247
19.20157623,72.87600708,1159.133186768132,1454.7658087830662,2557.8680564653605,3187.5617311591977
19.19815254,72.87229919,1112.562353120007,1604.7622879715907,2013.6216063684033,3312.681552146279
19.19026947,72.96784973,115.66777300746236,1834.9434274558944,666.0200239562041,3428.039352244555
19.18922234,72.96940613,280.9047361512504,1948.059196138633,794.5965993907334,3600.565070438203
19.19527245,72.96307373,128.86643728959882,1723.2556052760083,535.6822924963459,2936.3705718171027
19.17359161,72.86934662,1050.9095543624198,2121.7614430040226,545.5662504556528,3326.048188117641
19.19338989,72.85915375,28.59981000507561,372.5816887695242,931.4709672512365,4429.816472383212
19.17182732,72.87014008,1147.1504402313415,2333.2751682128437,448.5149796881943,3167.2053638370494
19.16916656,72.87172699,1337.2829642207287,2672.847848798202,450.60103978542287,2883.793157301659
18.98202515,73.03182983,638.9089537511204,3288.8244319088576,458.65704637729783,9074.119307146964
18.9796524,73.0342865,343.668897123007,3651.361189342638,206.9750859363739,8716.918741814778
18.98084068,73.03084564,720.862575836068,3347.038654716264,391.47221133502154,9095.835755379103
18.97663498,73.03266907,422.8356574394319,3848.3412439099957,172.53920385398783,8700.413907558077
19.28188324,72.88626099,642.4913274967638,2418.381855180405,378.5189780450057,3035.4418381393107
19.27980042,72.88249969,514.0159453231897,2028.2194707913914,314.9517091475084,3456.399749391004
19.29121017,72.86071777,142.69366372972237,3423.995903565947,460.351715250612,5400.720860368752
19.28417206,72.88123322,807.7367995597392,2435.243062324867,285.4317522981042,3548.700063491825
19.28910446,72.86850739,268.0197743803275,2940.413732369822,260.2774233530154,4910.02174540321
19.29339027,72.86540222,379.26982720710333,3481.590916550426,529.3439266265092,5301.454690378701
19.2830143,72.87870026,527.4512551117319,2244.1434534454306,70.18413048093419,3818.189484118495
19.28289413,72.87917328,574.9366069926217,2241.675099439649,39.946539229822164,3769.2308330374485
19.28219795,72.88488007,754.6707151237421,2377.884271204001,343.0772992377116,3176.6154048228004
19.29725838,72.86573792,698.183372277494,3889.016170076997,295.1306556354301,5363.58735982565
19.28695679,72.86962891,186.42730210371377,2683.020098980789,419.3619802596365,4773.744778035789
19.28972054,72.86604309,133.9708720763659,3070.9037871191244,116.66038916721696,5174.489991295193
19.11178398,72.89842987,938.0374073039928,1980.7707431003746,559.3291364326894,1176.4622665596335
18.98712158,72.8290329,527.0836126893873,3061.2109569746717,1226.8500393444574,5337.995404038101
19.12995338,72.83454895,333.9648224212981,697.0700201014788,140.68694229587197,1179.6370260199956
18.99590683,72.82880402,239.51509875270608,2582.633913486169,550.0059456365259,4724.778996500551
19.23558235,72.84405518,216.27583115017336,1574.492525184826,262.0763438582106,1247.9982659593288
19.15340042,72.88674164,2293.79281110053,4376.89447553419,631.2201476144421,1017.3289726157337
19.15294075,72.8865509,2243.9854979840443,4350.294929321535,602.4785847920753,962.7071329002812
19.01372337,73.02217865,590.4536125508852,1083.6614517801265,312.66407704809944,6526.568318818308
19.01610565,73.01616669,1091.3104531986335,1036.509509549601,601.5303436636106,6523.331939290037
19.01244736,73.01242065,1160.6567983809298,671.1167391909687,797.9847321982849,7062.268563780127
19.01483536,73.02342224,552.4092837924483,1263.567636596321,414.2207992019584,6366.957599102515
19.01258278,73.02320862,447.9062628684667,1084.2234515668779,258.6167250810854,6611.6521116924705
19.0147934,73.0233078,565.1710723874661,1251.7288263835594,422.02730500114893,6375.2457991908595
19.01479912,73.02328491,567.3782003821183,1250.4697104818506,424.41961518549965,6375.420157522586
19.09591103,72.99804688,1608.231853797186,3338.8891672443347,826.5037757683608,5245.1701169361695
19.19563866,72.86850739,863.3846103228336,1167.2967067559189,1539.8209578397953,3561.465649843456
19.44324493,72.80575562,11547.72285530623,21270.21831822312,12593.120359131864,21041.935934684698
19.01293373,73.15991211,1181.247011888502,5085.439042104973,1604.1173540480243,2842.1205916945883
19.2564106,72.99015045,1831.723035663232,5676.451491872983,116.55134269986517,4196.354395380176
19.34781075,72.87174988,2106.1949393857794,9406.956879510215,2904.6900878537385,8372.28477305864
19.35971642,72.85686493,3018.4549450150726,10883.098424181286,2767.278840168833,10348.74497419749
19.36453438,72.86127472,3715.729043307795,11346.149088664693,3447.263123567597,10530.945569835902
19.16778564,72.84686279,160.51147277325683,616.3420270434955,795.2214938356473,4490.938809920208
19.46629333,72.8008194,14158.139378218753,23859.945939939116,15183.86336691007,23492.405378478303
19.11548805,72.88269806,662.9917803046617,3302.7377685057113,448.5431461545493,2875.3434637066753
19.00203514,72.84919739,503.4168696744126,2536.4002732108033,1388.0384414135754,2680.5875997433927
19.39898872,72.840065,6262.899449164675,15517.159672703327,6953.167536504529,14958.778927960044
19.40688133,72.84757233,7246.74169288729,16217.05770538187,7796.867066596274,15332.755971347335
19.40829849,72.84578705,7368.369268046237,16405.490552907726,7954.3882983580925,15559.277341487903
19.12130547,72.82369995,687.1208322831457,975.134633324119,198.94410967618936,1693.519748370818
19.12641144,72.82249451,878.4750154678352,648.3531327577955,326.31549370811655,1930.4838874441004
19.12084579,72.82424164,629.5378604620355,997.0293395274115,197.2410442784778,1634.9458727497313
19.12229729,72.82559204,508.5985075970973,795.6336045295801,324.5901204306609,1505.0021817438856
19.12837791,72.82110596,1042.1922500393387,726.1610139929628,545.7528879365987,2147.09606163807
19.12791443,72.8188858,1268.3884332870405,963.9714169058991,533.6622557104268,2343.9071760054435
19.12750053,72.81898499,1252.84706729459,961.0316148763175,538.0466182048572,2318.4567087954006
19.13641548,72.81147766,2147.267092630386,1915.2389242316135,683.4549315750381,3457.6752205899393
19.12891579,72.83842468,752.9866118960041,1097.7394992673715,44.80496428802993,938.4703692736944
19.22576714,72.99422455,176.86317779385695,3044.4236886195195,293.8302101269507,4077.732953492001
19.40968132,72.8368988,7427.298202158956,16750.795185046103,8172.0297171636485,16148.256716437565
19.41152573,72.84896851,7781.844136170024,16701.88595483049,8316.239477481853,15727.503500716026
19.12368774,72.82952881,,,,
21.17456245,79.04459381,655123.8457862481,664755.7203586474,655558.2840782439,658778.8628829821
21.10795593,79.07183075,655526.0831307286,664866.4518223965,655914.9044363259,658944.8491346749
21.16840172,79.01312256,651810.80367973,661458.777195052,652247.4712495011,655478.5452798756
21.10347176,79.07408905,655598.6716148475,664918.8555000921,655984.3442931604,659001.1059187322
21.22462845,78.98709106,651254.8091651645,661153.0407229029,651730.7604577336,655125.8718724143
21.15748024,79.06723785,656761.0026184445,666298.652791702,657180.8124341049,660339.7450171291
21.11568451,79.06869507,655476.8347327467,664851.0560343083,655870.9449540412,658923.0052697493
21.10386276,79.05102539,653331.3548694408,662681.342859743,653721.4826561476,656757.6778097444
19.11858177,72.82878113,190.3223956777435,1171.3447700365825,342.80651627173125,1178.818849559671
19.17831421,72.87186432,1353.1988714395713,1869.6145988497956,713.0282142311628,3051.19059751587
19.19519234,72.96315002,122.05719938165593,1726.5582367083814,529.7587255968988,2943.369318557365
19.12821579,72.86928558,716.2739325275436,4115.906090520933,852.6917796872328,2338.5813021175377
19.19529152,72.87622833,1632.1574187799572,1890.6638468184312,2130.7469996319696,2800.8699377398266
19.17361641,72.94251251,83.8547128032115,1497.2284231446206,1036.9820647881768,1385.2087852771172
19.15002823,72.93054199,711.2472251959847,3253.225523484881,304.9145006141707,1599.2293112345421
19.24913406,72.84872437,199.3603446365424,2580.8121770080384,815.1763545292828,781.9016799292688
19.35858154,72.85855865,3087.183660956961,10729.804012959472,2727.9670131496173,10142.255436108326
18.99154091,72.84139252,540.6724883948193,3162.800604185485,1025.1927634073015,4104.964637127307
19.26244545,73.13493347,4786.837196812995,18148.888621521084,4451.2278423205225,14735.853893261838
19.26094437,73.13653564,4683.306016841076,18253.63421799883,4549.0391215825675,14791.15057590024
19.25645828,73.13584137,4191.221221253925,18030.68514443799,4337.060027186258,14475.114712179618
19.26071167,73.14162445,4870.040612563049,18752.51735422579,5048.11150971766,15237.221531160149
19.36036682,72.85797119,3154.4199844256523,10935.506612591065,2879.9555893754455,10339.56056028212
19.36037445,72.85797119,3154.9414142788128,10936.3444395373,2880.728643666706,10340.252117156679
19.36036873,72.85797119,3154.5504994142257,10935.716343691964,2880.149102261692,10339.733673900178
19.17343903,72.94037628,142.62957344368408,1665.0149754275262,1212.7228016818954,1229.2158633741058
19.23566628,72.86286163,44.60017615646144,1211.6942990715095,1642.202315313054,1353.0707900302893
19.21152687,72.83187866,418.40761475108866,2957.5265793484687,1029.0041646720795,4150.907948057119
19.0596962,72.8265686,1076.6472494689515,4593.539266489199,538.7647104181203,4563.817372256414
19.12950706,72.85144043,451.1839773949164,2359.5440458298003,1409.5031667046014,1575.2258142691242
18.97465897,73.11180878,513.3855078781985,1640.2392436653524,618.4204089363457,3942.0061621669374
18.97457123,73.10448456,209.47825011790482,2148.177089807884,1211.4299677969777,3879.6182587903427
19.26090813,72.97863007,932.3129992316317,5884.072499850178,307.6991679536605,3629.035738513546
19.21141052,72.98690033,234.0005878786171,1618.4358295479185,168.8429538769074,3763.979929494396
19.24021149,72.99583435,1443.9362492452917,4345.196771009134,450.56352621668293,4129.346166539736
19.14150429,72.83450317,309.4367810379576,226.53820196749652,719.5207090049892,2392.672056514214
19.05903435,72.8302536,688.7792880434009,4480.525529503206,829.8606322240148,4173.714318930614
19.06438255,72.98899078,491.1163917794738,1302.6029222938143,101.07385260885475,5686.146874117965
19.27209091,72.88573456,212.87876944642596,1545.0147222896912,105.3842089037906,3374.3678711831158
19.2720871,72.88573456,213.3009921705014,1544.7451563870022,105.50304604159038,3374.5420724270602
19.16145515,72.99312592,683.6993997137273,5011.13460867989,617.1102993303438,2433.8642684063966
19.12223244,72.86806488,1107.383980228044,4275.265088855549,706.1518433710032,2966.515680125314
19.36343765,72.86302948,3590.066311647564,11204.037282498677,3426.936814789651,10329.731517601615
19.36005211,72.85678864,3035.4347933199865,10921.241136112474,2798.687103770008,10383.61610415005
18.97302818,73.10897064,177.4235597414718,1956.287458790384,949.4610565562084,3723.1485589068543
18.97214127,73.11000824,208.43624219183806,1977.821179693902,841.7661674573123,3637.273136337084
18.97499657,73.10592651,367.46444985281306,2003.963368567093,1144.2675056140583,3925.2812668209385
19.17184639,72.84577942,49.32542392374381,1056.8315234675656,439.2535342691444,4847.2880053768295
19.12399673,72.9980545,734.1286834324085,6453.55075656874,327.36655571424194,3581.6163922477836
19.05143738,73.07290649,316.9516516409243,7702.9564488931255,586.0484319461133,3715.887265135763
19.03163338,73.06708527,125.92668574433338,6142.776634917035,447.33650777583694,4878.674125119895
19.04786301,73.06852722,517.2488373079769,7253.5909263558015,567.4488161301324,3581.866736143155
19.03282738,73.07387543,417.1393461051135,6843.301476581034,327.8084166542096,5182.2994323217
19.01551437,73.01852417,899.4075166042004,1036.0850618821987,584.7368346073298,6480.972211484164
19.04534531,72.91001892,57.11563194620534,2505.86177476862,1182.732310831738,1848.2362471260017
19.05800629,72.9004364,594.4801092265585,4063.740253901045,639.3666502145379,3557.408205095598
19.05535316,72.88937378,218.56068070979714,4937.28590315376,625.8817261176575,2479.570036591752
19.04785728,72.9151535,317.9985448501676,2150.3574106203337,1172.998577537588,1989.931278111805
19.04891014,73.06781006,394.88091772551115,7249.002970173595,447.79146078279456,3448.6903327758864
19.21784973,72.98886871,304.2750044138207,2076.3095894013113,461.1969224481372,3902.073001525622
19.21739388,72.98554993,228.01487946770658,1755.2859186348794,309.58987348581906,3633.771346171905
19.21688843,72.99127197,550.8813313327287,2250.4203084595288,513.2351131336985,3818.1724039601736
19.10612106,72.82601929,1140.8246043313877,2562.132797372588,246.6928671476258,2163.411507832645
19.06879044,72.82737732,1054.9401825569314,5586.746910308573,916.1226353782952,4907.1437519223655
19.25968933,73.13945007,4669.86216950608,18500.317878983486,4796.6545831783205,14982.763689624675
19.26518631,73.13746643,5160.236349027069,18501.6933442423,4816.036139630671,15123.630715039295
19.22686195,72.86437988,86.84435215357736,886.1860949045163,1499.236739380194,2190.5140136681152
18.97758865,73.10082245,410.84960465217165,2273.9879365536576,1006.6608688229101,4243.2364822853015
19.10585594,72.91746521,446.88139831189426,1893.6227783596705,2190.5153260237203,903.3943548879583
19.08087349,72.83625031,259.14855425271054,5431.27847387765,651.7133899034025,4430.531525166875
19.01490974,73.04190826,464.73936176717456,2981.584387723351,690.5094058546312,6022.513835021632
19.02348518,73.0384903,136.34600131289002,3096.6585531502,185.72799878442194,5088.972601507589
19.18646049,72.83118439,474.46068626572946,463.8431279589874,242.36432082204308,6706.162598741897
18.96750069,73.01538849,1602.6147141123736,4377.718149218427,386.43382287175103,8247.005976345838
19.06088638,72.84735107,78.05934910448173,4920.015073990197,1103.6756493761955,2667.954548326242
19.22044373,72.86213684,349.8405255873532,972.7249602567207,1465.5772832448833,2717.652732381888
19.11989021,73.00995636,355.77816261767,6057.433622626982,692.6580760475605,2625.7228620336805
19.11891937,72.99397278,1273.8761888998167,5929.833439643296,103.27145019877764,4171.304445221422
19.09443855,73.00896454,500.7116237958424,3260.141053281753,599.214363599384,4086.5925934857205
19.23609924,72.83381653,801.1160497605438,2535.907562305461,427.80044991150544,2140.8912788489806
19.23134422,72.84638977,575.629576015229,1115.5632942810423,518.1182797934862,1480.73276687866
19.24896431,72.85482025,,,,
19.06555176,72.89429474,38.13916493562357,5081.586018657468,758.9914969970222,3504.176919802029
19.42544556,72.81661224,9359.721884700217,19026.66842394834,10352.010798828205,18762.490789670395
19.41975594,72.81576538,8759.687158376832,18457.51996465779,9780.385305985368,18288.151570327504
19.06009293,72.83030701,688.3932837746436,4597.690083415592,868.8419403023796,4209.091166828215
19.09774208,72.85029602,273.7225295293683,4200.937957861734,1344.5680303685579,2768.1975949942475
19.16825485,72.8529892,629.6864865048402,1004.6505430339743,1291.7812515094374,4006.2980874717814
19.10050774,72.84749603,670.2535653979379,3782.253455392743,926.066290672499,2373.5098793610387
18.95427322,72.80132294,699.9434045793007,1727.3473703113987,1264.648859527056,9992.26713490403
18.97393608,72.80551147,203.09068082267225,613.8269082885073,1190.9817454368724,8158.771034794137
18.95891762,72.81240082,265.5733104986591,1209.6158270706403,1855.599803948213,8841.501345251214
19.11607552,73.00608826,172.96615118990962,5587.026628497898,577.1076985644243,3201.1598986561958
19.13016319,72.99938202,532.2478695048403,7133.161691564157,297.44685944683226,3316.7859224501603
19.11493874,73.00551605,294.39604189154824,5455.900294157926,527.5675987074055,3324.472936199677
19.10331154,73.00547791,668.974156785579,4168.284156588298,670.6354196335232,4231.613190207023
19.04992294,72.90982056,122.57993717960487,2747.6153586053056,769.814254830079,2332.090636439194
19.21996117,72.86444092,181.97660189737033,956.7897091343394,1703.0375773545359,2862.712335521797
19.21984673,72.86177063,409.4802557949523,999.0231882218121,1468.0755130329287,2766.2510752346
19.22908783,72.86087036,244.56965947207416,569.7887630188454,1151.4020785327677,1787.6824541819974
19.01380157,73.10284424,224.71228586236023,3447.796633476976,313.699492476031,3948.808075646251
18.98332977,73.10197449,95.82637604853971,1931.3886051895995,542.3849528718006,4866.718057201666
19.2360878,72.86049652,245.06369288377766,1123.4081322397274,1478.0055901475305,1135.4594796639815
19.21999931,72.86000061,579.046863923761,882.3485721469698,1306.6334058492687,2692.0616876987715
19.20780563,72.82957458,550.272150129381,2593.3769393200837,1140.1415338531008,4630.069877827017
19.18119812,72.86160278,323.6365576596814,1017.5129630359754,498.7936655999819,4070.170868817774
19.17658234,72.86328125,431.83081452597,1559.323254897163,1035.0125681334807,3972.932239065312
19.20769882,73.11167145,223.13717703332156,14684.80864418026,425.426783028726,10183.926038022651
19.20571518,73.09552765,1054.4423796326278,12992.901610222794,263.0551378666735,8476.463587157245
19.20543861,73.09545135,1035.3820445222495,12985.64167503076,261.08012140829817,8463.047072403151
19.21064949,73.09201813,1714.4112854904981,12623.323007091587,320.49113787894345,8236.121039043723
19.20868111,73.09803772,1224.0112421464055,13253.007443574163,388.09124938821935,8799.901920617094
19.22420692,73.1000061,1972.7092945993313,13573.546801670527,538.8848643983237,9511.618782737258
19.19506645,73.09049988,931.475351470179,12549.637329880354,270.8138019753141,7815.540087678605
19.12964439,72.99658203,823.5483859101248,7089.807490976235,288.4915710304754,3615.110112596596
19.2303257,73.11384583,1253.7455455262068,15110.199133202126,1737.4441829537147,11114.35243456361
19.22255325,72.85861969,506.2223586057469,563.750518949564,1028.4606076134403,2379.4243452104565
19.22075844,72.85770416,478.1267230721607,712.5893963968692,1066.631019087134,2551.4598652432624
19.22208595,72.86083984,426.26441002589416,746.1854772637478,1258.7492380597544,2498.861261768757
19.22131157,72.85739899,430.29594326759894,645.0426925400866,1002.1562564534405,2484.7948757942827
19.18950081,72.94877625,680.9864559245738,698.1680893975661,800.3544549609414,1452.4475175477346
19.0124855,73.03336334,194.5120013847978,2043.8154333475359,198.99995931139176,6370.0710299141065
19.14496231,72.94623566,527.9057930408813,3365.367530384085,306.5595367612695,2940.168929977671
19.20386887,72.82038879,1460.7715479436267,2610.608393306406,257.0890838264202,5541.068938721578
19.18503952,72.81951141,1708.6163675509724,1665.7133129223512,1346.2989394830577,7351.749007465255
19.23329735,72.86278534,49.786326860950844,1007.5800163971738,1498.1169560150443,1525.1394192404894
19.10760689,72.8992157,1141.2169440263117,2244.341675016816,1002.6389470157354,1020.5051531295007
19.14850998,72.94291687,573.6990783086146,3503.032178334055,743.1555668116976,2687.6828915807546
19.13909912,72.93654633,504.16607633902106,2264.353997868,732.2578263698437,1906.4825399058823
19.15027237,72.94711304,621.6053908736013,3768.505806858649,505.34219813283016,3167.5542638331244
19.07289696,73.07741547,193.32136952389294,8039.565717103653,488.0055815225273,3655.530001248151
19.05172348,73.07276917,284.8522622099902,7682.188327416651,561.3639228149488,3686.894802370449
19.00215721,72.84157562,342.58933205569554,2066.764548575359,612.3182032932949,3236.7664057715156
19.12863541,72.842659,478.76355266406574,1543.232302810253,484.3856821842152,945.053671212969
19.14883804,72.82988739,171.48240994933118,928.104207002457,438.0845248918495,3310.5909951522367
19.15035629,72.83569336,50.773428531052524,811.976030813094,153.11740302848457,3339.336820201378
19.06731033,72.82647705,1146.0708969346285,5433.929509940204,978.7380672902461,4909.585224310048
18.96696472,73.01980591,1567.1368998261316,4467.4097527999575,234.51664427861954,8710.823429224383
19.11169052,72.92162323,409.46795804932736,1162.9522588114628,1917.2539049927616,190.9456878009043
19.22451973,72.86052704,378.64457667419606,552.0683386191371,1132.0672878532453,2233.986378306515
19.2126503,72.9861145,252.6127847911379,1573.753616091442,107.90419412585956,3911.5169703341007
19.09826851,72.82744598,1103.366501868598,3427.4808074507428,557.8996693382171,2799.6891513812607
19.12306786,73.00344849,306.7470031674549,6345.6291686354125,156.88838782294616,3076.1358629502115
19.10780334,72.82821655,922.1797249007706,2366.9354998419535,345.4894050098774,1870.4847523359622
19.12616158,72.99758911,767.9653311013365,6696.5938780492115,186.1219860336668,3570.538589568568
19.09006119,72.91701508,112.17031254592742,3586.688285629719,2055.98675528362,2176.1660865791023
19.11924934,73.02577209,743.7317847877472,6453.135357490395,390.3557478462797,1606.7523089962494
19.16810036,73.07397461,353.2510134812099,11625.141361342037,263.51451655248667,4889.104033674155
19.05451012,72.89835358,169.9567101176815,4048.051926018826,712.6447952819298,3341.273147236872
19.10988808,73.00279999,718.7599798398666,4878.6212395508555,288.06159004784547,3899.787086676727
19.11912918,73.00015259,640.9429992906282,5904.651816466295,362.2550757397285,3566.873365394117
19.03771019,72.84046936,208.0472849839744,2248.3529538533194,1062.3075396507406,3026.196448556014
19.06182289,72.83197784,546.3351994649571,4783.135942616236,832.5710371434816,4121.089480237746
19.12163925,72.88522339,640.6897055051385,2935.3345047484177,461.3181603045099,2642.696035586994
19.11824036,72.99440002,1247.312606275715,5849.268878765818,114.39898826141497,4158.676640815881
19.12528038,72.9990387,612.344398566529,6591.622495758815,274.8772615395245,3444.5364293333937
19.11730194,72.88404083,617.18234656689,3119.664051722834,242.18220651991817,2807.749462356024
19.07708931,72.95559692,2033.6347689376476,4953.744866884791,370.6912818251423,5121.155877866734
19.20246506,72.82470703,1011.45964540689,2228.881294319277,723.7156909380129,5405.327008029646
19.11830139,72.99414825,1271.1673293744993,5859.3191700113775,124.12205472979828,4180.388078263786
19.19611931,72.83595276,226.58403165922894,1222.9651989327215,703.0420265169425,5527.196417338171
19.12911034,72.99610901,892.6181408746128,7034.218382576652,285.8327255019059,3670.885381787716
19.13183212,72.83072662,192.29459351615216,420.1252450571655,34.713332975547935,1573.2758274234866
19.12961578,72.93227386,517.1095124314387,1124.6207843773016,1669.97997528609,1850.1970547121311
19.1656971,72.83633423,144.3322777396607,917.4945432563692,702.3877245785509,5030.358874158353
19.02456284,73.08798981,568.3635978955807,5329.031929337647,575.5649198590656,5221.423099077946
19.28341484,72.88877869,724.0346910008143,2704.1165387273054,394.44408811529496,2759.4615088105647
19.28027725,72.88612366,507.7129992536514,2259.351961471169,547.8967441334496,3072.4067222186377
19.43014336,72.81072998,10006.326216929028,19722.83068108193,11045.744096342942,19539.507887297972
19.05621338,72.90248108,484.75034522545957,3773.919958107481,380.9539180685075,3280.0637129629854
19.04411888,72.89853668,849.554848887124,3627.388720588485,492.0328207341933,2482.6315071224076
19.16656113,73.23669434,11012.727329433474,23411.49115634525,11477.655714627057,15890.389107110364
19.10852814,72.83081818,644.4775305505111,2305.610772902832,384.9080674975758,1638.782582980994
19.13266945,72.85889435,394.6087923347275,2922.2449713014744,762.1805454586955,2414.8819964072395
19.10225296,72.82697296,1036.7923836131217,2985.8402707538703,552.9302933925986,2442.945783532169
19.40540504,72.75317383,10981.346146303249,20287.90344584652,10498.753572841923,20842.47536045766
19.17848206,72.83987427,350.42056506009743,877.930264433331,419.5370461669145,5792.503277651006
19.25287247,72.8502655,408.8685017980378,2781.9735419290396,443.8483172640845,1104.3206263888708
19.25052834,72.8484726,162.63663553973572,2736.8523306292714,679.3950447330901,928.5769909417337
19.16249847,72.83969879,504.46592107266787,636.5229765122701,1150.2029154364166,4661.5005051241515
18.97902489,73.02609253,1156.3333801167091,3313.793204342385,701.93761240127,9435.957677529575
19.04832649,72.91680908,355.9300238946776,2037.9564438392174,1197.543353480347,2033.9843533563267
19.17317009,72.86012268,85.31309783989965,1878.8357802739238,966.2991034333518,3884.093566489962
18.99174881,72.84083557,477.7340806751865,3124.409055899695,965.3090882489763,4122.895440535459
19.0669899,72.8945694,199.1434891505293,5159.821384852691,738.5365641487153,3625.3181405923865
19.15792465,73.07858276,771.21791824308,12537.360214636252,475.1528216719168,4492.239580873879
19.0532341,73.0072403,290.5709797018084,1556.2237729101478,800.2036583298363,4137.551279082819
19.12234116,72.86753845,1114.7350896351165,4221.055420072566,760.8876997463726,2920.690791743871
19.12844658,72.93025208,374.0020725343453,909.611068426639,1651.1207627499161,1616.593966518172
19.06106186,72.8347168,246.7084284001489,4701.701595502357,580.8047566482761,3824.165389252919
19.22584152,72.99420166,183.6945013747577,3047.828154091671,298.2270909372863,4073.2064553329888
19.14501762,72.82588196,568.1877704073888,831.8034505254975,348.1264069897313,3086.10616946608
19.17693901,73.07203674,1189.8785423816657,11089.386553986657,513.3851513737808,5554.519559046941
19.01124573,73.01848602,535.6088008264757,618.8017108885081,290.1999757581636,6921.095320109266
19.21303558,72.86557007,255.63720121224515,233.94126522518476,2256.314653747885,3616.2325292116516
19.03855705,73.00894928,1049.7727598799354,3160.7509195043895,627.4658763573493,4921.017031925549
19.03273392,72.89628601,179.67988474540292,3817.060496348228,676.3123471793841,2183.7091712842466
19.24791908,73.15251923,4419.575150230976,19474.19990131392,5967.257956268515,15616.48076566104
19.11814308,72.88335419,730.9461073291303,3173.3082602853574,317.0246841282861,2909.710838622251
19.06744576,72.831604,607.1958534290062,5409.080139497804,1162.086420781452,4449.139188051003
19.17053223,72.86499023,617.2233111250545,2215.9126573825806,450.19032719565337,3350.496581124614
19.05596924,72.90213776,444.4376902059177,3788.965007704451,415.3474526873122,3272.9059031048446
19.20948792,73.01093292,397.487172719598,4108.405157646765,716.7038510887461,2036.4843677042331
19.29329872,72.86969757,648.8375638541568,3377.4049905705224,391.16267706310157,4857.107679348377
19.25219917,72.87197876,359.0490825097953,1254.2257475546357,441.20324841509137,2250.776306069599
19.21658516,72.86559296,143.33288495701382,562.4909241020924,2004.4923271805544,3254.1472567837945
19.06072998,72.89917755,406.57729292358607,4347.96061670898,904.6656229749327,3665.075827791765
19.16207123,72.99158478,842.9398356865263,4836.686089370379,466.01801255355,2605.015537909212
19.2362709,72.87168121,876.0240629974935,1950.9791304856028,1669.46050163496,2131.5067716762396
19.26158905,72.95728302,1134.4845064273925,6110.040733456358,476.6580773302597,1971.4219047442864
19.12396812,72.91261292,212.29186002957513,126.6913667124342,604.4475089459895,1191.1094765676198
19.22274971,73.08178711,3435.456919311525,11656.077012073338,552.7677557147066,7700.822042545203
19.2383709,72.99481201,1341.8107486581512,4116.349975530755,290.1764895396193,4001.938517711168
19.23377609,72.98891449,1215.9367823952887,3345.5225688481883,294.4099626734835,3376.9985667293527
19.18535995,72.97104645,630.618830986998,2034.241671450241,644.5246089327661,3835.7872584207794
19.22405052,72.96396637,1404.0241658125058,1927.6506948159465,227.16615361997125,1487.775896914252
19.08032036,72.88509369,397.2253143461816,5566.799419020127,546.2409672805913,3973.56837863186
18.95734787,72.80865479,22.82612188846171,1270.3210975024813,2053.5590099883143,9226.939879555273
17.46821976,78.42687225,580940.0385887233,585360.845356643,583408.5481747513,583534.1060211085
19.15120697,72.84749603,330.28919235544436,1251.5758964360675,404.616514814302,3500.546077500676
19.02001381,72.83184052,208.83800157521569,170.67783186882104,990.0599270265174,3513.7081091479085
19.1426239,72.83071136,113.05500996469505,269.27610750527907,314.9339954874313,2630.9433146180986
19.12706566,73.00237274,259.2899462609455,6787.005107623697,204.23478524812973,3058.0867151673624
18.89486885,73.19171143,8515.744945216062,12756.62859718739,11618.51408620971,10008.996734015274
18.90357018,73.17067719,6224.372482941699,10734.82531991944,9474.56634447337,7637.704161099359
19.26701164,73.0819931,1056.8061716759103,13276.898631797478,1936.5342846817612,10845.867558607977
19.06225777,72.82492828,1283.3944847932175,4901.925216275889,449.9359272625544,4823.144483910218
18.98327065,72.82579803,156.21111010275976,2523.599297496144,1131.4481822701432,5881.102056369548
19.16183662,72.83708191,219.9377434625339,534.9022227360558,1032.2536229674731,4596.776653754049
19.12691879,72.83322906,255.14632498869884,602.1902849718889,320.509033585144,986.9259917449699
19.13508606,72.81461334,1813.3364376812967,1554.2528973150797,471.52703047023687,3099.170178388751
19.12880707,72.83333588,246.58944326040083,563.8364075741348,228.71821897136346,1139.681650941779
19.13883018,72.80986786,2294.4306164759955,2189.188009015104,667.1208772316738,3742.7617693481075
19.12917519,72.83668518,568.0658900179848,914.8782290749067,151.8003406262566,1010.5916516011537
19.13529968,72.81290436,1994.2846677303573,1727.505180295926,535.8563568419682,3265.6463978705697
19.13798523,72.81282806,1987.864751719603,1873.8567873626348,458.7898552805513,3431.7059229230827
19.13797188,72.82723999,487.928846581098,635.0617886130215,496.47010184872516,2341.5120575267633
19.14033508,72.83763123,471.9106088331153,546.2909881630445,1066.3251100154325,2208.82459744491
19.12988663,72.83614349,501.61984226523305,862.4964354976491,68.73208609376577,1104.228854461729
19.13695145,72.81660461,1605.7787773737484,1480.4611379486892,461.6708033024761,3042.000411273757
19.13881683,72.8126297,2004.7434805632574,1941.5436205594153,412.0530121373755,3501.6628556158803
18.88085556,73.16190338,7760.487394993326,12634.648809805978,9387.373440478586,7690.579206710875
18.88459206,73.16992188,7821.116875623646,12575.454337519479,10139.943573550288,8234.06074525951
18.88423347,73.16943359,7826.437726891143,12590.321570917578,10095.553252221487,8205.328634883574
18.89098167,73.19636536,9168.417752632338,13395.590259281886,12267.382846604047,10593.364963082073
18.89548683,73.19187927,8486.162698436136,12711.835746597495,11579.259815411353,10009.644087871417
18.91119385,72.82083893,1818.104778000155,2651.9713915258526,352.2057848696515,12632.053254735616
18.99641609,72.82364655,287.996481416017,2672.1734970514776,839.1099497672014,5144.262638920301
19.08460617,72.8438797,197.1310631794401,5220.804946138241,536.0390769754293,4022.6340175894047
19.08492088,72.84379578,191.74167892272402,5184.829698230244,558.4977563760954,3986.9027651911083
19.17366028,72.87387085,1526.1303574295478,2392.04555888696,154.35649499053704,2912.0275767739145
19.2040863,72.85447693,494.6561724328902,1605.3669494042374,1497.0976448921754,4355.707581523287
19.20689011,72.8681488,196.63346015943188,553.8527100623616,2611.4508179026557,4125.035699103123
19.20030022,72.86284637,169.40761298353962,1206.6966038426058,1744.6802654073654,4309.737130699421
19.20139313,72.85879517,273.6890988262094,1262.8849715989425,1821.6656986534083,4694.395393931154
19.42853355,72.81442261,9742.982882858922,19425.613282151415,10749.603785027322,19175.55004485394
19.12387466,72.99108124,1458.9086271243384,6519.522417709688,584.5704461069049,4293.646336122046
19.16319275,72.84197235,412.71452015183456,408.58333770062853,1104.074656062939,4686.456778005669
19.05817223,72.82762909,971.7782139589646,4410.6474349683895,569.9637097994582,4405.7192745991715
19.11484909,73.00028992,794.2387716167859,5428.537851370793,121.13060233543193,3783.240575284584
19.07043266,72.82911682,888.9617062284993,5753.041045696632,760.7816924651627,4847.7278994648705
19.07204819,72.82513428,1303.717885976731,5974.612622481594,594.2681999475517,5296.867330168857
19.20169067,72.83439636,188.27469293196663,1843.8003992844758,670.6340388860865,5004.726248550659
19.05612183,72.83197021,553.9684640526345,4149.360572057831,611.0617816618477,3903.558841718786
19.01517296,72.82372284,232.4493721642587,1041.916051152334,613.6350698848598,4410.141883538431
18.95075417,72.80206299,799.555360899331,2073.609246722748,1057.7776095899549,10234.51028234705
19.26938438,72.97092438,517.5662699468063,6783.701914985274,239.26474722536153,3568.30918607185
19.27858353,72.96922302,965.9269500228515,7810.718255484466,346.67078762439576,3860.3934268795747
19.01231384,72.82936859,148.77045628333954,810.4923326654039,639.3101097513522,3887.835776728183
19.07809639,72.85581207,317.9096856199367,6379.908348034396,782.5332110083942,3724.3042172394707
19.15181923,72.84397125,40.75639397957887,1168.431343861155,68.45054118194297,3501.524153725389
19.26602936,72.97202301,554.2225380860779,6410.016719583694,387.48794203610447,3581.4992466928297
19.23064041,72.97132874,595.7496437687963,2475.457977395217,289.31938781815967,1621.2100236950128
19.26864624,72.96790314,195.2303089930343,6713.599625853327,400.63572409184974,3241.5526956800327
19.25904083,72.97184753,198.2695344668476,5632.894218804043,369.26080981322445,3047.7480965354057
19.2271328,72.99668121,278.70983303830053,3340.4365228832185,587.5905630191572,4290.90984448947
19.21686745,72.9930954,706.7040825281526,2424.581454803689,669.3381493533533,3688.0288682090263
19.28519821,72.94740295,590.6933693695515,8043.807608620676,532.2495134997292,2173.3776824872057
19.22886848,72.97798157,229.45077631484833,2367.8486458452,595.2152080408245,2345.654469976523
19.21806526,72.9667511,1104.696816567443,1201.194724982224,362.78175197267495,2211.4342920106114
19.26171494,72.97971344,1074.1006595523334,5987.802281493426,234.26096534403675,3770.5384606635953
19.26420021,72.96038818,709.9508174597047,6321.653530266881,749.2466174721471,2345.432128370511
19.26286888,72.97666168,808.7900142934728,6079.802132200819,402.78654919987315,3679.74374420185
19.22483444,72.96968079,799.6044679069719,1843.1100323956096,456.81679743490224,1805.3173585896411
19.2728653,72.97156525,793.3298890049006,7170.156195308669,205.91312585455339,3770.0753261049595
19.17131424,72.86444855,551.5267935177446,2156.458297019205,550.5141663509896,3454.4088778357373
19.1738739,72.87392426,1532.3964376128863,2377.6769395306687,175.2698930627894,2919.4244078071747
19.0833168,72.8532486,652.8319103457375,5740.580991719061,494.80170124045105,4361.922452545087
19.09975624,73.0,1334.8063734498296,3751.671134168924,901.6742774406202,4905.05402646261
19.05879021,72.8293457,785.5025161950091,4460.305050519638,750.6399431570909,4255.055655995676
19.06436729,72.89434814,75.87814494298148,4996.7061495693315,775.7806452680115,3430.9366803242833
19.07351112,72.86617279,99.14903050759347,7018.100404358172,772.8685254971267,3002.8836332105852
19.07299232,72.86676025,97.12212771037623,6999.405637090488,805.8669808062798,2942.558667015465
19.07362938,72.8649292,149.336273119727,6965.302500713941,665.9174001943721,3025.7915814886687
19.10100174,73.00590515,716.0862392510799,3918.335592146447,636.7906167851396,4407.377601130024
19.10526657,72.99950409,1203.0074372085608,4365.956100045143,331.8776938628996,4501.116857206382
19.10782623,73.00067902,996.8531834905226,4647.074810445353,54.70302039688908,4218.463394863337
19.08519363,72.84516144,54.04628172357189,5204.136371612951,451.520339672805,3974.527970376686
19.09980965,72.99932098,1398.9709948203106,3760.7985860511585,908.5684202549129,4948.025369819656
19.0483017,72.82282257,569.6995916017304,3444.167341251852,703.9731478788468,4721.088220653353
18.95226288,73.14863586,1152.9947112553214,4932.657562731544,3942.2216018436084,4736.6687773772555
19.36672783,72.81552124,3295.8009342928435,13059.330757695661,4105.042306389981,13875.047940168699
19.09799004,73.00910187,583.3678019004636,3647.230756980559,302.7079024743365,4137.86149248832
19.3706665,72.80860138,4092.887047976156,13795.3905984787,4591.937039422346,14710.54727740636
19.10786247,72.85948181,522.1241714009243,4065.2651631972553,1502.956404252898,2504.8591055476263
19.06076813,73.08040619,398.8006126932427,8338.525068755158,747.1188793736874,4051.4527727198933
19.09716034,72.91742706,305.0113161563756,2823.0989164016846,2571.8050507870457,1507.404745145748
19.1582737,72.94545746,161.1819148061819,2922.7870984023507,476.20053163151204,2914.1256601261207
19.46743011,72.80207825,14248.795059326469,23937.411437118968,15262.847693360165,23534.43761185129
19.00379562,72.82748413,275.91681555711995,1762.9433345568746,542.6128341906833,4396.19820257632
18.98789024,72.82803345,485.51938570073247,3043.1848141617056,1139.8639701184945,5354.752589610674
19.24074745,72.8707962,705.2337654065675,2188.087853706135,1234.0576162132663,1913.3104572018362
19.22372818,72.85921478,511.3082615280376,496.2856706163879,1028.4342032310203,2271.3198122021126
19.18913269,72.83620453,157.17900254505926,453.08100360240314,222.42849661279848,6260.935619807406
19.17700195,72.83917236,232.01197878637237,988.4659100311626,513.427645823719,5746.927043096085
19.22639465,72.86008453,357.5352320003115,439.4631787220884,1051.0993635030445,2023.1948051631703
19.26848221,72.97049713,433.60724682636726,6684.179623777345,330.9962648941073,3495.0681418648965
19.1743145,72.83811951,144.74120488608875,1237.2558851215442,408.3763223814946,5658.776781977219
19.05565643,72.82774353,939.6796674640815,4131.646877032746,434.5454169394042,4320.220762938522
19.41449928,72.85800171,8338.666663508922,16905.901704021908,8724.849355313892,15638.334254314213
19.06421089,72.82302094,1490.0979520889084,5152.521020294254,506.804408039972,5090.299700945389
19.04832458,72.82084656,660.8498007435213,3515.706273563519,759.368262669673,4928.711122659835
19.03825188,72.87870026,294.1131933086276,5281.684092075645,48.788769429964695,1478.7902369310339
19.25522041,73.1413269,4315.095135980362,18542.430725847968,4871.971767836353,14912.361860779534
18.94564629,72.82355499,129.5928481000998,1139.798221728264,1010.1792341792312,9433.31879265917
19.01613617,72.83091736,123.78438997417857,360.84548646625404,778.576635746973,3646.2582597841633
19.25404167,72.86548615,320.92787107754776,1385.578860171357,594.0623589264187,1797.5701530089184
19.11630249,73.00468445,308.25071363013456,5600.7549746155855,431.62503714974684,3307.854107179799
19.15069008,72.93463135,317.386855631473,3405.6531468452245,614.5922917407927,1993.972492687331
19.15924072,72.93253326,553.7312223129251,3402.3137896106664,1198.5195008966741,2445.606915903782
19.1655407,72.83707428,222.73073728979685,918.6066326654038,736.6874282403109,5007.966636788345
19.26881409,72.9703598,438.90222018585405,6721.3893636846105,293.49750169998157,3492.326727089726
19.11577797,72.87003326,484.47496013726754,4597.198191098996,904.752708998004,3220.769603183475
19.11804008,72.88634491,468.9885769002082,2866.2114467821084,46.53455720929988,2617.607277130901
19.11660004,72.88657379,366.2443488459692,2877.595611796053,116.72316440900205,2531.633012973752
19.07013702,72.82408142,1408.3438795765462,5780.760055038251,832.8602504385734,5281.9694634536645
19.06122017,72.83004761,735.3222963353106,4724.450654301084,915.7058741969151,4280.744604581295
19.26965141,72.9697876,422.3743108070241,6816.091023561356,207.3163011500155,3465.053581045635
19.26135635,73.13598633,4706.942148726941,18213.751857663876,4510.37516869535,14765.811142306278
19.24520874,73.12499237,2676.8981079154855,16594.681836512587,3085.9474564521042,12876.269894108435
19.25932312,73.12896729,4294.894822313582,17443.43773133841,3741.124362447582,14020.93095881738
19.25698471,73.1344223,4193.899057815413,17906.005162718553,4206.986323242892,14375.342431101668
19.07017326,72.89566803,568.9949064287687,5309.013664298684,865.6851942892179,3942.4629972201574
19.06838036,72.89819336,276.66402253508164,4979.447416073325,766.9056272063317,4020.691537343517
19.15526581,72.85148621,578.2312504004492,990.6053551859854,376.9605986080249,3427.2914460231536
19.17432022,72.86387634,487.3556126855097,1818.3159115945248,887.3111292532185,3769.8341796354557
19.25414085,72.85073853,261.2189787427572,2680.455694796292,341.2572188203016,1232.2621062059764
19.10728836,72.86682892,508.81494925266907,4747.376076777147,797.2984684900548,3201.1045170278667
19.25187492,72.84875488,278.14147157631686,2872.705841063673,528.6631257109398,1049.798565507678
19.11247253,72.86307526,110.6022610763718,4124.41073632657,1479.7229737671357,2606.026662680976
19.0157299,73.01365662,1243.6167411779222,993.4823567721259,495.733885397274,6678.194283112272
19.17672729,72.84113312,438.4801035737574,1113.557839598684,407.46432250834664,5566.6123692956335
19.11846924,72.99710846,967.1591042389778,5846.426195362099,240.98229905793866,3887.8946772651893
19.17101669,73.11563873,2004.9036561835217,15663.986595252363,420.88585813482433,8581.758061717888
19.07111931,72.83309937,465.190517060683,5816.019697476847,904.1088744231198,4548.881894044459
19.06620789,72.83200073,590.6581071841667,5270.6020174070345,1218.1171957122592,4342.745113219907
19.11641121,72.87969208,853.1104679472796,3587.1430977252317,709.3401387571015,3207.3431211110196
19.09498024,72.88595581,255.4218662161981,4220.913049614931,623.3443575600959,2817.7404936420103
19.11621284,72.88354492,603.5724101577732,3196.872910194008,331.08936134056034,2815.08177989344
19.12174416,72.88658142,507.4029300729496,2792.262455388063,459.1575469101398,2651.303864601234
19.11958313,72.88167572,957.9442812629469,3325.5095828005255,534.5256117354246,2854.809183997394
19.2664547,73.13716125,5283.209453120265,18520.22029928784,4847.144472078874,15173.263175705219
19.26565742,73.13835144,5240.955757325284,18606.893539239805,4922.282454293289,15230.116404189683
19.26392174,73.12128448,4727.209581165385,16862.873407647567,3261.619034238996,13640.355532819218
19.17612267,72.84026337,358.22677665789683,1126.0753169285024,371.70624558538395,5596.455943834461
19.222826,72.85998535,483.7892805671344,624.7788730958254,1142.2866816535588,2391.6720140757425
19.19548035,73.18966675,6249.633901586998,22920.28262626453,6330.888082534347,16771.436213532717
19.14115715,72.81265259,1978.241430182569,2080.9719042467345,328.4783604622022,3656.6562017166584
19.14121819,72.82975006,195.23422782652457,287.5330993807066,251.1379997683905,2526.456091817509
19.14131355,72.81232452,2012.04909101342,2115.778833425076,364.009603732825,3694.4288861269397
19.14380646,72.82681274,,,,
19.12923622,72.82000732,1164.10513207333,837.426282156447,568.9320136642489,2291.5926470646764
19.14465523,72.82555389,609.1894870377084,839.6513238595056,337.61871339459645,3067.349569732449
19.13983917,72.83750153,527.5132581647016,541.4879812834661,1061.8422658379184,2155.46838036509
19.13946533,72.83043671,137.90298610052838,262.6299202308927,434.5283169815167,2319.2946536043382
19.1290226,72.83203125,142.68926738714572,425.9720039888158,261.6650312869488,1244.3018829109
19.14442635,72.8217926,1000.4247157103379,1188.9123929228417,402.94897499228875,3257.59548920183
19.12146759,72.82640076,405.9470566212509,863.4368907615587,257.6779799500548,1411.3124406163238
19.13033485,72.83637238,525.2432618115447,892.7852824760367,59.00907641949652,1143.2818928483596
19.12999153,72.83300781,172.2367068953679,537.9543491898429,113.94474957021622,1267.0015466247712
19.14074326,72.82852936,333.9143648785438,413.06352969522317,204.18801475631608,2535.8648705571386
19.14878845,72.82951355,210.63619532617332,935.0834176377568,440.76404803795214,3317.940455997058
19.1895504,72.80776215,2799.8029328872,2940.820879624852,878.8710521738889,7612.1557050398915
19.41750526,72.81793976,8466.791850028478,18146.035122747886,9469.614303644823,17952.618201812395
19.24099922,72.86535645,196.0513091301818,1849.064164275947,1548.6754204580877,1345.2514692994803
19.05914307,72.8520813,187.3531680338335,4918.630079974495,726.0506960873621,2158.1861213517705
19.07109642,72.83961487,222.26545152342393,5856.681734902149,1124.9067168699028,4020.794040851406
19.07615089,72.83560181,225.88504727924,5940.66153939269,872.2048362116623,4713.703961530832
19.05423546,72.83387756,412.4208021698891,3940.031864205505,490.6829444949203,3656.4469169026474
19.07457161,72.83242798,589.9166501477526,6080.01424761982,614.5872008892485,4843.0978010450535
19.19903946,73.19889069,7291.967617046103,23866.29523352708,7346.5864535708115,17636.716827279968
19.14023209,72.81293488,1955.6018536149231,2008.096518239548,311.39048558583966,3569.6909235980265
19.14069939,72.83135986,132.4948386211582,116.80171668704402,427.07924559858924,2406.8571865046847
19.12936211,72.82793427,353.8088588605186,30.75496673043187,419.73001384423,1583.8428230875493
19.14953613,72.82519531,656.3124383998334,1230.6687875292782,568.1138233188517,3567.005716115906
19.1291275,72.8197937,1185.178669400491,859.7182431802563,551.7702845518729,2306.96891463289
19.23378944,72.84632111,526.6512347108024,1264.4414997092176,463.73749494362784,1248.1247674425663
19.22652435,72.84638214,580.9136097523726,1004.5936596488345,396.29686193278826,1974.0566743547233
19.22635841,72.84619904,559.0834982028572,1024.8097231278828,418.61326028438987,1997.9707713376263
19.22226334,72.8455658,520.8346853179214,1207.304956070783,122.82616139749122,2450.149420074216
19.23563385,72.84248352,131.0841593921827,1711.4530045630281,354.45076006867924,1369.9055262898087
19.23506355,72.84313202,206.89479771335166,1619.518259033005,358.47593307690585,1358.4664444721666
19.14771461,72.82930756,229.5108373103761,831.7322963493795,560.09516846753,3212.6443414126948
19.12693405,72.83662415,591.5966071591557,939.4794187479997,249.11503310097652,781.7333878967996
19.06764793,72.8378067,47.86389762491228,5454.853917571874,1217.6901605819032,3921.5233403700845
19.07092857,72.83623505,143.19095587505797,5805.6365571159,1167.773288363614,4276.50755739153
19.22455025,72.86902618,470.32813845282124,1399.5729621516514,2007.2816978595667,2688.46857182524
19.2203064,72.86916351,336.2932790027785,962.0099404987795,2139.958890318266,3075.6861878081477
19.17284775,72.87393188,1533.4010467835185,2465.579109984574,71.72436779802192,2861.3564297597104
19.16963196,73.07382202,502.7363159295307,11545.675250881144,288.82835901674173,5008.570970471246
19.12545776,72.86256409,638.4209301892483,3596.1229726539673,1322.656746540696,2452.281046655323
19.20726585,72.87004089,272.7242200716822,577.8672826974563,2727.9286880302316,3925.978265628288
19.19738007,72.8664093,614.695957437912,1120.1001552364046,1574.6449160292475,3837.4832339607187
19.06623077,72.89774323,168.08159089541942,4851.822491606915,965.672293224385,3842.0699912257032
19.13865662,72.82530975,674.711023392824,789.8089033961049,330.1434244841235,2521.76764364008
19.15156555,72.83294678,125.95699785936091,694.7326222822925,215.32860148368258,3520.229409291563
19.14069557,72.81018066,2240.168143361122,2271.7724938743427,589.0078258746879,3832.439839162492
19.12360191,72.82544708,539.9600917774289,665.4668895533449,371.60465792788693,1545.0785299026154
19.13784599,72.81187439,2088.869253184413,1951.886886097503,541.5764136298735,3506.3856988178513
19.13678741,72.81346893,1934.358620608367,1748.0894872385695,530.2960051131378,3301.7763704600225
19.1387825,72.8247757,729.6835457769059,839.3919574600725,272.6009435507374,2567.052320118287
19.14875603,72.82733917,435.16330386905946,1030.3308627987972,494.17544488852366,3395.882460851022
19.13275337,72.82987976,215.73144803744316,453.89555013478014,166.38677536674675,1708.6966196897483
19.12260628,72.83061981,14.64306203717202,772.411570416756,503.45901036802826,990.6230823543814
19.23482323,72.86389923,61.244143128459804,1210.5415205640709,1682.6250298261386,1496.681879699545
19.23532677,72.86383057,52.195820033053494,1246.846611178288,1705.6998392085036,1456.6293610772711
19.22108459,72.86225891,323.05247105739045,930.0849052874509,1442.115119288315,2656.140831375533
19.22362328,72.86126709,328.4583371388155,670.3712321046822,1235.0446237340668,2355.4232197577903
19.2265892,72.86247253,118.12992866267254,687.0292595620422,1300.0536311530498,2112.1550213338815
19.22719193,72.85888672,340.33949168896925,310.5945071677538,922.2465901916777,1895.203716330496
19.22656059,72.86119843,242.199363391771,553.7735920830432,1166.6038644434595,2053.802333614495
19.20701027,73.18536377,6334.897335270077,22423.219073006956,6188.2710149289705,16926.06986487826
19.14412308,73.01037598,919.5108347210794,7581.124521903828,844.8548548972859,1642.9410389660518
19.12205887,73.00367737,251.0741581327746,6234.442777971092,43.628922232678725,3095.572555888462
19.07801628,72.8368988,214.22375258387464,5755.820165305693,838.6889146037909,4742.317410693987
19.20821953,72.87799072,1039.543523353293,1183.1069987138023,3137.4311910661286,3092.4699559856062
19.21897888,73.08285522,3038.986157684333,11717.755733148766,872.3737823855566,7626.0572246543925
19.21887779,73.08082581,3173.6343006921975,11504.623146001613,741.1312201339143,7426.261433559661
19.21815491,73.08911896,2560.2465586376843,12363.941139999522,792.5829716280311,8201.149501559992
19.22630692,73.08757782,3142.7966295396723,12316.308092789039,1151.7304206158533,8421.813611435777
19.21930122,73.08474731,2942.0703335146477,11919.023147258262,1005.653646965566,7822.838576587204
19.01823807,73.08615112,1254.4534745667827,4939.378929104057,477.28584535248507,5499.491653863531
19.46762085,72.79753113,14389.63695665221,24112.791589529996,15432.585849246148,23796.303110667555
19.46809959,72.79780579,14433.278450862945,24153.366305066258,15476.249127881134,23826.961657522428
19.46812439,72.80107117,14349.058200247035,24044.223118595408,15368.88288466429,23654.373015282985
19.45465279,72.80261993,12858.093298381145,22575.419294287658,13898.27071729239,22288.491821946038
19.47033882,72.79947662,14628.85127690858,24331.137017761543,15655.131191696906,23951.34563207422
19.47019005,72.79875946,14631.78581728933,24339.898467851195,15663.400385533949,23975.267458148635
19.47076988,72.79985809,14665.381446816116,24363.632013643386,15688.04648675509,23972.496401125078
19.48043442,72.78175354,16250.595128013732,26031.39144125956,17107.33845670103,25880.929294809663
19.46188164,72.77765656,14497.376653819167,24306.292175848415,15198.586339540721,24422.149535141158
19.46626663,72.79608154,14286.46306837393,24022.508947662092,15302.048503226126,23747.20293358339
19.46914673,72.79850006,14526.622416223958,24239.181779905302,15562.376012646107,23889.397279697296
19.47035027,72.80420685,14514.365314526996,24176.66051091942,15506.677969994542,23705.18834191889
19.46950531,72.8014679,14488.138844926516,24176.54870645413,15502.10901164712,23766.08193332076
19.46906281,72.80033875,14469.000968370012,24167.689065115894,15491.998891384743,23783.228536353436
19.46962166,72.80021667,14532.381601880856,24230.6464516535,15555.019872279445,23843.307785897818
19.46957207,72.79759216,14597.109780103283,24315.24210823929,15638.192731796289,23978.82670046578
19.45682907,72.80256653,13093.454209678055,22805.535147351424,14128.557171044187,22497.09379519124
19.45512581,72.79853058,13025.741709847569,22771.350754267336,14040.7212674546,22562.597102323805
19.19328308,72.9876709,28.03093397391811,2363.935011549635,749.3503682845507,2995.3960005745216
19.46689034,72.7970047,14326.346297469285,24054.83723141622,15358.621197319042,23755.60838293422
19.47238922,72.80033112,14827.993341954538,24518.462295465808,15843.875901594854,24103.34823823812
19.46200371,72.80164337,13674.667412873318,23380.78700850059,14704.240830795101,23038.740199346048
19.2113533,73.08587646,2210.7191665727028,11980.43632738591,323.4328031918837,7635.911781198644
19.45510674,72.7986145,13021.181626125504,22766.28890399062,14037.536682817037,22556.047194067065
19.28334618,72.95620728,268.80739831893,8495.227332581808,264.8221091758775,3105.609583058493
19.27178764,72.9677887,392.8700078388385,7062.992823698492,265.847476661706,3359.2505676686455
19.25832748,72.96630859,386.91403680959627,5583.682636735381,240.86499882202762,2717.231592988474
19.25980186,72.97011566,97.94113619607248,5720.329800703663,228.6530897090827,3032.4937024963324
19.27389145,72.96154022,167.14960001452633,7363.785737701828,490.75191171736935,2900.0928990204243
19.26484108,72.96659088,212.9855674220503,6301.849645681567,484.1189957502644,2996.2825872649737
19.4446125,72.80041504,11850.212334530144,21608.1827569864,12856.371612672056,21478.159179176102
19.46921349,72.79705811,14573.542255933038,24296.27422689677,15614.340817756885,23973.50702304606
19.46715736,72.79639435,14372.465784933136,24104.44278066942,15396.069508907298,23814.34477768584
19.11929512,72.99339294,1326.539545962938,5979.386840296964,162.13821611353973,4212.725114930175
19.20784187,73.01161957,572.0118876594233,4179.122874447059,893.8755367435797,1840.9086727441693
19.4709034,72.8026123,14611.477314435893,24286.580546362427,15614.26022242685,23841.0920042728
19.46715355,72.8006897,14254.18207480028,23954.857862705176,15278.906892980945,23581.63356970183
19.46718788,72.8056488,14138.46476809642,23795.707906788324,15126.495924002558,23324.650675357654
19.47138214,72.79937744,14743.80227019794,24444.300159074817,15768.500508286146,24056.69863137831
19.21966934,73.08443451,2994.532224763412,11890.58751208602,955.6687230318136,7808.724412028537
19.0232563,73.08821869,676.1049447955779,5201.442925722956,480.4914230928493,5208.053116760209
19.46747208,72.80194092,14256.74572693571,23946.405433445474,15271.707319945832,23545.724295071144
19.46005249,72.80393219,13405.748705202628,23097.88076817548,14422.553686916413,22729.194662488422
19.45218658,72.79871368,12707.436469169237,22458.646322636472,13714.031845797308,22278.111900124182
19.45285606,72.80165863,12691.964865415383,22421.295368308347,13744.30771447264,22173.179557794898
19.47374344,72.80554199,14853.87221982206,24494.638220628505,15829.731361842458,23967.21934121774
19.36215973,72.85749054,3242.620384261119,11140.338023947234,3043.5227327643147,10531.53488426794
19.24693871,72.84758759,341.4848086122851,2389.7150335775414,584.4344810625145,682.3055179631386
19.20657158,72.96121979,768.7077172555997,1131.5979013627386,959.7693075685893,2437.94913973118
19.14663887,72.83405304,268.699477189033,664.7719081891985,595.7266145167534,2960.221582933667
19.16541481,72.86873627,1086.2204327525285,2437.6741110851203,299.2700467456804,2659.0738323086252
19.17181015,72.87014771,1148.2322977864815,2335.330278592209,447.97519902431947,3165.6996853584433
19.07962799,72.90830231,697.9290493648924,4799.669583319226,900.8643196079908,3163.6423354673175
19.20181656,72.86830902,549.5366858630406,1116.4090770819216,2103.683575733041,3876.676707030291
19.19499969,72.875,1546.809122643099,1757.980169927322,2004.9106667831995,2903.9957355523256
19.15810013,72.99727631,497.9249821950034,5575.939355389316,1075.312762260336,1965.974723963485
19.05118561,72.91221619,324.68513119918515,2615.039837073092,829.0054995834677,2402.0763173512346
19.13770866,72.82993317,218.8865208849697,438.96645502533124,572.4190529584362,2168.7899309872328
19.12341118,72.82142639,955.4309323066841,933.8849130887213,52.55346037398988,1955.9886442363859
19.13844872,72.82474518,735.9659841473368,853.3660357342835,276.9810279742773,2539.882532451559
19.03579903,73.07224274,86.08803194091297,6837.145664551559,293.00367377242384,4818.024393912553
19.20758247,72.82060242,1489.4584923227671,2938.715923858777,323.8176423001016,5206.496386424989
19.23472595,72.83889008,260.33772980978534,1988.1131725778537,597.4083023770319,1736.000423329918
19.23666,72.85134888,230.2405409444651,1182.7541236000923,678.5850356258364,744.8547763417041
19.23833466,72.84928131,72.60016084069099,1446.448372619788,454.66900711791817,655.0643302058926
19.25900841,72.85482025,128.9426613210927,2106.7188565019087,198.21382855753498,1768.341361093898
19.27116776,72.96845245,435.1660196089907,6990.315664420287,196.13898804817387,3395.329933471982
19.27189636,72.96781921,401.16492673685804,7074.869109519746,264.6605916684448,3367.1886635626433
19.26793861,72.97115326,475.98786540928313,6622.656403887534,400.9857393262024,3544.0552365113595
19.26010513,72.97001648,73.65531973621982,5754.369428981306,194.5176668762508,3057.7261203989756
19.2674427,72.97096252,443.9388459239397,6567.7622067396815,451.360701932074,3510.1127301093843
19.12836075,72.82793427,325.73572525473315,81.04710480227548,497.34026082221624,1517.701853789698
19.12356186,72.82545471,538.3019826003977,669.2341702855678,372.3359147697586,1543.3324059432089
19.10844421,72.82679749,906.2358724714672,2298.883293020016,198.7730908838624,1920.0283643104844
19.14286613,72.82094574,1094.2073958307603,1230.0564454272185,231.61716103740633,3172.7627390454477
19.12915421,72.8214035,1017.3358957829348,690.6283197819535,627.750142198439,2155.3194041039133
19.13684273,72.93132019,146.10421690168909,1828.105436774109,1175.5028142993456,1427.5581038565622
19.13986778,72.81033325,2231.545528872924,2207.2975106680583,586.2093545802911,3766.2678691197284
19.13312721,72.83476257,308.8403463062223,842.505833563334,281.1654220271151,1492.5640857487767
19.1346817,72.82645416,574.2267036121801,642.1841333232584,582.6546518320823,2103.7964920096556
19.12373734,72.82178497,922.0480586588349,881.6086225768046,26.663087711031455,1925.106054781171
19.14975739,72.82554626,620.9280763405824,1227.9066892265553,524.1103260212751,3573.6264250872714
19.12605858,72.82550812,562.155155533301,425.1918463237932,471.1035663979466,1620.597763950412
19.13851357,72.81504059,1752.6051140888349,1716.1716980534754,290.1924338831194,3277.837775569515
19.13518333,72.81463623,1811.9397071986214,1556.7588393357294,482.19787156599466,3102.7646103842594
19.14692116,72.8230896,852.162222021828,1193.3688585868285,602.8443563456195,3415.1466457655984
19.13364792,72.8118515,2077.989909097821,1768.2889655473684,443.97486326002524,3276.3109758502715
19.12760353,72.82015228,1132.095671962222,838.4602050648067,489.2755101066204,2207.186383282205
19.12873268,72.82064056,1092.9271103964268,771.7561869995582,593.8010870399489,2207.818183914993
19.13035774,72.81746674,1446.1500122305767,1113.1452491463476,278.3909952699383,2586.187891838717
19.13755989,72.82753754,465.3733677771527,633.6038434217535,540.0430470501431,2286.0530980921703
19.12981987,72.82790375,358.0284987650478,81.68889095892462,392.42635150490395,1618.208407662751
19.12680817,72.82117462,1018.0089043678547,758.2896517305431,372.7283986359024,2075.913869473591
19.13294411,72.81173706,2076.821472408639,1759.1211071999787,402.9285812320658,3253.2489133613963
19.1355381,72.80938721,2364.6423934452387,2080.4404919541903,776.5955030159048,3602.3050913131374
19.12188911,72.82594299,461.48971767752073,828.567571133902,285.63017365113734,1463.2184820841107
19.12177086,72.82602692,450.17148751773476,839.0819412562355,275.1222907809176,1453.1851290804507
19.12128448,72.82345581,712.6281384326892,989.2628848804222,173.93132247034384,1719.031879897422
19.12828255,72.81748962,1419.3085215049168,1105.4040448990143,396.80007700042006,2495.692041955311
19.11876488,72.82875824,,,,
19.12854767,72.81816864,1351.2394863792422,1032.18320652601,431.08879492449495,2439.369700480574
19.12939453,72.81907654,1263.2450445814766,935.6668125859723,470.8089347122582,2387.85479489462
19.12297821,72.83952332,701.9377390909091,1390.3327970289843,302.962357705603,268.6245383442498
19.14317894,72.82242584,936.0558634444685,1085.3026336544633,284.05365716088073,3106.1601568002675
19.1354084,72.81220245,2068.8323754772355,1800.0202406223323,578.8948136761858,3335.6156787914065
19.13174629,72.81732941,1476.7905015471565,1156.9662383642894,276.92761107895143,2667.568955200902
19.14588928,72.82395172,757.6385057188431,1054.6942195389274,553.3504918733436,3270.22723109469
19.14209175,72.82617188,556.882031492771,674.7373450535123,166.67790843000114,2788.086273067883
19.1350174,72.81748199,1512.624920522479,1284.6138158669255,538.3655836335989,2841.864855818965
19.13617134,72.83621216,444.2383075472419,652.9774604529609,640.5115685234434,1774.5594303241248
19.13719559,72.82214355,1028.5158607891071,1090.0469577636668,213.61453513838723,2618.380608218759
19.14638519,72.82272339,886.591933960649,1193.5106183230496,548.2470102981343,3384.4027493573176
19.1397171,72.83566284,419.76084030722643,359.39831533427866,886.4516743355292,2172.26104439639
19.20748329,72.87451935,696.094705106707,890.6144521131727,2977.1189536743987,3455.6906726161146
19.11712646,73.00035858,688.4277975022385,5681.602111564253,138.82822414987265,3648.9379073191576
19.13103867,72.83850861,747.0987243163501,1127.4324279830598,261.78904593092096,1171.2145527486325
19.13945389,72.83829498,568.2564504341586,632.4083816521999,1037.330920071099,2105.0019452068104
19.1355629,72.81622314,1651.0273319785265,1429.3313592035943,542.7578150129996,2985.351662155426
19.12973785,72.82915497,229.73690351414274,143.26652873711907,297.6647068391735,1512.8173411174403
19.13960838,73.00018311,249.78418425254256,7079.83362014169,441.2129669323111,2626.878596296846
19.0660305,72.86507416,117.26741044627006,6247.618619717375,750.5960999264934,2184.2971117526495
19.11757469,72.99636841,1070.4221973912727,5753.665407719236,230.71148293376325,4000.181627860888
19.26341629,72.96022034,765.661757209806,6239.51126280113,720.7414359555554,2309.3262831710113
18.97815323,73.10289764,434.6612858736372,2052.697159140586,886.2116071889374,4285.586029790163
19.26239014,72.97595215,722.107425796533,6020.9367139227015,328.50734073974735,3593.8198672546946
19.26841354,72.97348022,725.4909314788546,6677.354963296297,321.9885654732898,3793.4950258960484
19.26111603,72.956604,1222.7135251986579,6077.479850849721,392.6095283187226,1894.3542379797782
19.10694122,73.00715637,388.7477209793521,4590.260903964525,629.0094179621908,3808.74564628424
19.26335335,72.95998383,790.6861215357393,6237.548568218144,739.9499304846951,2283.603101782784
18.97410583,73.10845184,273.8550221647724,1894.4951619204394,960.945137041489,3837.805646872728
19.01543427,72.8396225,139.91892942618708,804.6935117468354,323.711894263517,2759.013744619487
19.13805389,72.8253479,679.6441914755317,809.335588682642,350.6581781503522,2466.201520974577
19.16852379,72.87818909,2019.408813900228,3121.0412243569717,505.0285859281576,2245.500783494544
19.08888435,72.83405304,448.2501616115434,4515.848129944449,282.16889575078545,3575.405152380845
19.07980347,72.84977722,149.99274222616472,5939.673829876284,349.31583732495943,4150.377562175584
19.0793705,72.85626221,467.1406924306329,6276.5848137240055,889.6826343906223,3842.997567101826
19.08043671,72.83149719,715.789113497293,5422.46063112497,230.1544287418079,4547.843605919879
19.0793457,72.85140228,322.76295757003885,6054.056613235114,479.4826580404791,4029.57337336267
19.07277298,72.86320496,38.14039724447836,6795.190110965535,462.42163295544253,2954.5404070758027
19.08174324,72.85057831,325.8745408467666,5775.358641886745,237.10504806395326,4307.828967085409
19.29697227,72.87494659,1334.6352713433444,3750.393434138962,616.8405056844667,4428.466769271321
19.0758667,72.84881592,164.4777693494616,6310.062998908301,261.1621931742192,3817.1149445075494
19.07871056,72.87129974,405.7608898391033,6595.054990819331,503.3253848355761,3596.676427175625
19.0765934,72.85385132,174.3204023043261,6439.240925158724,517.3032487729129,3644.603049053093
19.0767765,72.85953522,277.4469450674129,6695.554760353124,711.7120053484169,3469.498081200582
19.07958031,72.85543823,473.51908382658075,6215.383707207249,801.454461372203,3892.9679511329637
19.07854652,72.8524704,435.34672268963664,6181.23202389432,593.9540027295665,3901.941612171038
19.0831337,72.85222626,557.9059199232936,5709.906766135614,385.6778850671345,4363.365674380464
19.07990265,72.85475922,507.7709875386529,6150.692299334966,721.6104511971567,3950.803176165524
19.0726223,72.86604309,14.70676296719128,6925.755590541775,720.8164307863366,2904.983484302533
19.28800583,72.87633514,664.3841802862926,2760.5326096530766,539.8276947035378,4080.4417099688562
19.0825882,72.85115051,435.21811308633096,5715.195087896992,270.5564690674789,4369.079704834615
19.07865715,72.85053253,256.6878602723927,6087.934724466211,497.6066658108586,4000.792593762537
19.08365059,72.8526001,626.0598147788062,5676.3212251602745,434.5108287700746,4320.621468032704
19.07553101,72.84187317,441.13140930956007,6131.697072145375,869.8393226829605,4213.938405893477
19.08075333,72.850914,293.358083757237,5890.216373822661,329.62326106667314,4193.107879424
19.06723595,72.83774567,71.60234300711338,5408.641186780747,1171.8668598274787,3899.4637679536854
19.08069229,72.85571289,599.6147893841631,6119.822840223246,783.1470036945313,4000.6655007543673
19.08467484,72.83592224,224.59330953099803,5008.630821956125,573.4355344093523,4012.8538019168363
19.15562439,72.88517761,2365.561597668707,4207.453651136365,856.1353673393074,1191.4565921917076
19.15395355,72.88471222,2191.6796146453853,4196.724124596018,815.6292000927742,999.3467524799712
19.1560955,72.88613892,2470.157267897393,4298.077190423671,742.7973683935314,1270.2385125839223
19.16577721,72.99156952,529.2988495173043,4642.291188937122,272.65294115885916,2710.1789260616442
19.14600563,72.99151611,306.71376701888505,5932.16188505752,70.33619276069875,2891.89794300048
19.30442429,72.85031128,1069.6181517661025,5229.248603861498,208.8810777281816,6809.951488781888
19.29881859,72.8687439,1029.9038669404692,3999.2296302614327,621.0685776849185,5110.992189213644
19.29784584,72.87086487,1099.0928993374882,3864.7185491688365,717.3560378827856,4865.955707241375
19.2965107,72.87081146,979.1470143214409,3717.5240316355585,580.7018597886008,4828.381973445436
19.14357758,73.00984955,844.3201776857641,7572.024315684857,789.2939609607174,1719.6674947154597
19.29465675,72.87438202,1113.951363536885,3492.4491766244496,355.2012957108886,4412.440338962404
19.2180481,73.13169098,1167.721880088625,16820.596467222567,2058.6083303450755,12476.993325766654
19.08502007,72.88198853,186.15980570225327,5331.401311677617,112.23153811830248,3817.939781271248
19.08627701,72.88880157,155.2995441750952,4798.957454891391,785.7484660131321,3215.7479278223927
19.083004,72.8820343,79.04730619002963,5505.512924036705,120.94410605688131,3968.518612930075
19.12096786,72.89785767,143.20130036272212,1619.3253509557383,170.83382918478998,1845.4311205867334
19.25876045,72.87361145,169.97287044289627,505.529690758475,922.3991507373562,2788.4018311060718
19.12029648,72.9910965,1554.554885341972,6127.108594318064,422.5189916845318,4402.077996648022
19.12185478,72.99793243,832.3481402969176,6216.422600235699,189.7764553035816,3666.64692508009
19.24119949,73.12905884,2351.8703386034977,16907.1624990634,3569.226201139189,13063.3569955077
19.2482357,73.14151764,3669.9728598815277,18359.241313112812,4813.035425724635,14579.793075728337
19.25474739,73.13502502,3982.805549784253,17893.195816610973,4212.354133358964,14306.866976580246
19.25468063,73.13434601,3950.344982337703,17822.79946947398,4141.0106554407275,14241.075133066908
19.26552963,73.13800812,5215.280719371238,18568.169558451962,4883.5969779322695,15192.100823587698
19.25401878,73.14002991,4132.1949243848885,18374.495425235033,4715.144494475791,14729.348674360925
19.25750923,73.13879395,4420.7282980310565,18361.340301860586,4665.946107343201,14802.299430010617
19.25409889,73.14461517,4390.82287145991,18840.045590425438,5192.267879451594,15160.209542063358
19.20737076,72.97259521,107.68022323189523,138.64208486304284,344.7764428181123,3549.5041302746345
19.24438858,73.12254333,2559.3585564119317,16323.0553234495,2838.619428209872,12606.10963325035
19.24053764,73.13014984,2327.2400816189643,17003.434618857726,3696.019069229561,13136.924393863797
19.19616508,72.84049225,699.0706456152581,1339.216954891403,951.913928332917,5389.01047188702
19.15414238,72.99334717,603.9208687460676,5480.0850793412,590.2459709953945,2415.266693854967
19.0219593,73.08789825,819.4969661962505,5113.486901352846,474.3926137515514,5256.065875890188
19.23180389,72.97255707,424.20309171149256,2605.420401765949,258.0543562753873,1706.5472908918439
18.97259903,73.02490234,1067.3361361060868,3954.2293814974673,352.1638311467678,9241.75668614139
19.17030144,72.84703827,249.15883109930263,895.2157131793513,631.3242499177534,4638.0568303436785
19.20091438,73.00455475,1054.3380059299022,3535.834233229511,177.214329983066,1581.0376467514948
19.20221519,73.00561523,954.172469000074,3613.9393002647316,175.2007249725887,1597.9003673733957
19.12579918,72.84484863,218.9598097781335,1809.8012748989315,784.906589066795,786.4119677159794
19.12462044,72.8527298,368.279950341877,2647.466189363,1608.3984717689564,1430.7788140895545
19.06751823,73.10680389,1362.627163744453,9025.41525538092,1781.8815866139562,5331.875469973248
19.36766815,72.82011414,3124.8966724497695,12932.195017094828,4243.320650462624,13586.935884203136
19.17507362,72.872612,1398.0705830279571,2186.676232069876,354.34056004757855,3075.2305694077127
19.12973404,72.81665802,1519.9982841329274,1191.2886007004988,225.3606552016514,2635.956915479331
28.46425247,77.03192139,1097251.5307128401,1106733.8647914056,1095996.2175279565,1102428.7604886796
19.17108536,73.25007629,12360.796711794446,24594.96821968545,12769.709666326486,17090.733934326403
19.05584908,72.92816162,293.7448667122573,2109.7854145849005,336.99484720243777,2632.841475660733
19.16946411,72.96743774,49.58163168940407,2299.5189326612594,248.96672969486946,3937.8701767816774
19.05191612,72.82830048,567.2499544331447,3711.6648589630367,559.9046420366925,4184.088327147085
19.11375618,72.90040588,684.8469459196871,1682.0783429106966,318.6610030025111,1094.8704777663006
19.25787544,72.98234558,1173.1683041110543,5613.071960816104,302.89372220128195,3650.3300749608215
19.07642365,72.88147736,252.75220413497516,6137.18184395671,846.1306579171044,3624.2128088005925
19.28388023,72.87950897,631.1012820872983,2356.45452513583,154.42690239152432,3730.1819157798896
26.8856163,75.74514771,887610.5920985541,896894.1171487541,886469.8784214556,892823.2584748544
19.20727158,73.08815765,1736.3854967019709,12216.192565615915,322.12351036276607,7753.126701621722
19.46796227,72.80297852,14284.315635772724,23963.852017700236,15290.629645472229,23538.269026941918
19.16775131,72.96636963,55.656030384873624,2361.6485757386545,299.19735038973295,3901.393285052947
18.9705677,72.80607605,128.857884679749,248.5525543055272,1243.3687301410432,8358.51078424011
19.1231308,73.00248718,361.4051091633991,6349.770594288042,69.63823426946986,3168.347691779595
19.04285431,72.87123108,648.8969187352217,4839.273563663037,658.4108076242976,553.17975803379
19.08798409,73.00245667,775.8776259065635,2443.560457948711,228.83407161480235,4739.324082836843
19.09326744,72.91314697,176.12744987326138,3250.597511869906,2487.3752654380824,1705.3165332681956
18.9611454,73.02095032,988.299096248132,5124.294874106649,325.5593302674952,8850.014316381008
19.12204361,72.99951935,674.0797217742065,6230.261165021875,287.01222638016316,3502.69893808084
18.97031593,72.80643463,169.7511598450534,204.93353900366813,1222.2613241205786,8349.269705561977
19.20379448,72.82067871,1430.059640376027,2585.7302670406093,285.6977994516475,5529.006713784622
19.229002,73.12407684,898.3162088663022,16149.773979245156,2563.4136782469827,12061.756855517206
19.15184021,72.84003448,389.81624390800533,852.0564267202589,196.87794837211734,3476.430225298565
19.16641045,73.07491302,148.45570784812722,11789.312968007138,252.2196326171911,4816.143132907861
19.30096245,72.87307739,1516.0282069511256,4195.841789953965,827.3837966808865,4766.704805656843
19.12217331,73.00213623,407.95785658548596,6242.672652850446,134.7790877048179,3240.635578050217
19.10458374,72.99993896,1180.4134936416576,4288.37458710088,379.8297511102269,4520.365335536047
19.12551308,72.98970032,1593.0071175772782,6641.427626728731,799.4278388866256,4397.227027760815
19.07069588,73.07765198,304.48823081553047,8044.905094821899,709.8171543003104,3659.9786613940405
19.19700813,72.82634735,773.1065015866141,1625.2196822633641,312.8171805153736,5839.627866389246
19.21238518,72.99079895,284.68501974439715,2041.4947324140096,379.7261456948473,3507.576840317674
19.23848724,73.1268692,1991.5318811567483,16619.526335579685,3366.897580877805,12729.34755966567
18.97328758,73.10987854,260.437555071665,1878.0073061274284,855.8495108361304,3762.0784405400223
19.11739731,72.90912628,483.1082296606967,739.0132578003044,964.4230600653814,1037.0070835850338
19.06893158,72.89499664,419.287910509071,5267.145961865971,772.6248201134889,3798.2590582688335
19.11966324,72.9401474,339.7181649335975,1424.3059935889926,737.1172317824427,1966.084271515233
19.44832611,72.78582001,12772.787636452638,22579.751384682873,13528.696723883124,22701.134437260862
19.14508629,73.24726868,12617.601726235716,22071.416708362536,13174.146172891795,14632.223816358994
19.30034447,72.86470795,841.5917411234755,4247.9955722813775,351.38524220834694,5566.361199659403
19.13863754,72.81012726,,,,
19.25776482,72.96995544,103.0501155827192,5494.512289657503,454.7135770098938,2825.1291094758203
19.38999557,72.82585144,5306.8365528961285,14985.342686220256,6308.398989533884,15000.318319351492
19.15073013,73.23242188,10942.328459655522,21684.260904689378,11553.875893717823,14173.262402580933
19.17090607,73.11322021,2239.577168685491,15422.57144943836,392.0825821405671,8352.140401543193
19.07444,73.12260437,3191.492299823252,9694.44739484265,946.4799593096765,4748.50590707784
19.0707531,72.87813568,278.1076779025752,6799.86970136082,945.5156128705071,2906.7252378556727
19.07118607,73.07369232,117.41679371030682,7633.563483857423,489.65300462233597,3247.9248307696926
19.10404968,72.84106445,140.17847267906146,3105.209684501613,353.9039213998404,1842.5088757407095
19.13739777,72.83024597,205.93120928970717,449.1067121556747,617.556809200936,2122.7543341368228
18.93000221,73.12888336,1482.5607374252152,6440.913757751662,4882.387889346958,2675.4568071243866
19.16604233,72.83409119,107.61311985222163,941.2813816314372,663.1436648629789,5091.00291124641
19.01679802,72.83128357,103.50583928293189,278.53531186585565,783.3592885208705,3598.3908221804295
19.35946465,72.85695648,3008.8258415855807,10853.88374381543,2745.250379000402,10320.47874039898
19.11130142,72.93241882,207.14682554681877,1236.4734557349518,784.2717013849632,944.3367762234543
19.57501793,72.80705261,25963.781511482266,35378.90266672347,26815.708985920617,34224.576243735915
19.00345802,73.1131897,598.9199861930629,1929.2247642850484,157.4999183888108,3690.368256899362
19.57699394,72.82630157,26039.767584817033,35249.373624568456,26797.084976826925,33821.90240486759
19.01652145,73.04334259,667.7748378456175,3181.6576387233254,458.59446680715513,5842.666291597626
19.18254852,72.83827209,219.4484205783469,418.8620303655783,104.9738595328503,6215.181649728393
19.1742363,72.94650269,434.5121841927698,1205.2004372033682,807.7329640923867,1703.3352173531916
19.06855965,73.08152008,357.20656015671636,8439.440570172092,792.6803570866284,4062.3991216914274
19.21536255,73.09783936,1595.2577233936204,13254.609009870472,630.0891934503709,8967.185714059067
19.24933052,72.85006714,325.31648430477446,2564.2060734834367,821.7638533804167,735.4947300042732
19.13495827,72.86820984,490.56558522577376,3812.2924372938187,343.4856006435008,1874.4934563314007
19.25203323,72.85495758,638.9775214969883,2390.053156674586,586.4645232489598,1006.2508382667436
19.22319794,72.84586334,574.386002142787,1137.1296519509986,230.78452986046128,2341.6585656728544
19.24912071,72.85344696,678.8923794625138,2479.500246757075,912.1679292962616,659.5593941543154
19.25639153,72.85221863,119.24539668301973,2448.154603913737,246.13752954202235,1465.2029098509415
19.25128555,72.84901428,253.719749673751,2802.33465357818,594.4291730378494,978.8441363921398
19.24906921,72.85404968,742.3547327047523,2467.913486947086,913.3730802473211,663.8205910198885
19.1367321,72.86825562,294.823669254267,3700.641288324541,146.77131126573423,1756.9689057685393
19.1222744,72.85087585,464.1608728955587,2522.1794450053726,1364.8208743962964,1178.7372286858752
19.12713242,72.86473083,896.3321445894064,3717.6122901276776,1171.0684908005233,2718.6402310504745
19.12548637,72.86579132,976.8817338313843,3896.220162303895,998.1954527265855,2784.555205621257
19.13697433,72.86552429,361.89055902068714,3500.0586422103856,279.8388472481444,1992.0262536032951
19.14635468,72.86658478,775.082470731722,2818.9682417056492,945.308223461396,1659.890870681271
19.13409996,72.86669159,597.6507733379323,3673.602555383477,475.4847532841817,2059.1969100996425
19.14775467,72.99542999,121.11745030332791,6098.675609140018,434.2396970978416,2437.397097752298
19.11413956,73.00130463,719.6699335398293,5348.684768046566,209.20385863755132,3736.730548487076
19.10147285,73.00657654,628.7271950464906,3979.6063350971467,590.3028605791508,4323.410736894169
19.12343407,73.00328064,281.87497458044254,6385.712803644013,148.44533405508503,3078.481244657352
19.29786491,72.8760376,1485.7470554249562,3853.106327349071,519.2848565059171,4352.514417176889
19.27747536,72.87630463,196.97141659482293,1594.801956618421,626.0973390983864,4141.521891044276
19.27889061,72.8793335,193.557646389842,1815.3610470387137,372.42533695075804,3800.6209664339244
19.24070168,73.14421082,3234.4630069141463,18452.895185603873,4882.847177643916,14501.710902587332
18.97980118,72.82622528,380.1650559426552,2333.263389470351,987.7420198470778,6130.444730699365
18.99291992,72.84759521,223.7724819043952,3269.964927747868,1530.2837670189847,3609.8511865777027
19.14195061,72.93058014,212.79803705919753,2365.4741352671945,602.3783007584105,1268.362473129527
19.11569977,72.91299438,798.8803378747049,758.8370608143955,1370.2975267209658,854.0825409451783
19.13013268,72.93141937,529.1881906855346,1131.565528781102,1743.531833725342,1828.6264005599405
19.13116074,72.94013977,231.4587100596134,1811.1368210869314,1016.9014867668088,2528.8994515240174
19.11077309,72.90171051,994.7063317943066,1808.0763743562084,672.1740753700662,814.3977968861607
19.18170357,72.99532318,157.85853466613779,3858.7956859739247,327.505753435293,2461.4063594321183
19.0697422,73.07112122,157.5800254437471,7353.43988525321,421.4452536040847,2970.1087150771796
19.0528698,73.06694031,86.96038306554065,7056.438190616457,419.9383414019697,3105.301607118203
19.02833939,73.05752563,361.9188054754847,5081.796462397485,173.24298038481552,4783.231742941529
19.10423851,73.00769043,423.96832590073274,4301.13295714694,696.4402746477704,4006.903150801911
19.14222717,73.043396,255.75191521392512,9558.904194769366,398.0315085950378,811.0112441197135
19.12585068,72.99929047,586.9290471354083,6654.121839926127,224.4333390862296,3403.7602152299914
18.99361229,72.85025787,124.46345497972942,3346.823607901727,1778.1557779527975,3405.7511241668076
19.00691986,72.84114838,35.39834613322289,1584.2174129428,593.9482946321981,2965.0572590881848
19.42834854,72.8152771,9704.107716520395,19377.277038024222,10702.170506495448,19109.13621660802
19.08098412,73.11239624,2625.6983981473622,10447.307574235383,1788.4911455209271,5995.698742271441
19.06043625,72.91445923,74.83570514562253,3184.1406400208766,571.7704639415182,3389.948036177466
19.20280075,72.82180786,1312.341152461906,2426.482536881526,447.49254568181686,5546.754184951021
19.1383934,73.25221252,13348.047681359387,21812.3343338648,13786.065823127255,14437.50589834035
19.11781311,72.87030792,705.4137239156966,4534.794128754443,707.173128917126,3219.795336634887
19.12073898,72.9921875,1432.311168613499,6156.773473071938,338.3249072238083,4277.770276782155
19.11590195,72.83117676,94.10867857018339,1504.3167818433078,400.82069036446353,1044.5959334669026
19.21043777,72.84133148,498.6932881389,2392.173720283074,341.3532987761009,3838.1513402760215
19.16555786,72.99092102,596.0792385180538,4591.785740061511,218.2515010173713,2767.149344011678
19.01486015,73.02294159,601.2793152388899,1230.0427001217658,457.85320236378453,6380.752105412058
19.24455643,72.86598969,153.2860377237614,2224.2930180456087,1246.8205831519363,1396.6351548802006
19.07254028,73.07128906,155.84241616735642,7394.904271446763,196.64511647162595,3011.675199035076
19.06728363,72.88253784,540.202183085063,6201.92472560985,358.12318003661426,2783.8411937203387
19.07254219,73.00183105,146.54247792603516,725.7440211475302,890.2068077930269,4330.028457257431
19.04843712,72.88838196,615.5078622792489,4777.978122331933,536.147366760381,2183.866502417136
19.16002846,73.24035645,11506.901199499936,23005.88759531307,12023.361837171567,15497.77066515403
19.19246864,72.8194046,1535.0372996789688,1864.6473205414072,738.5817759088368,6642.22940618409
18.99886894,72.84266663,521.6950831883956,2446.0643435130546,909.0745637664779,3400.7769605681665
19.27427101,73.12537384,5644.645545160607,17706.944210579582,4325.099642284899,14679.332397574422
18.96871948,73.12556458,247.10259536616707,2150.8290631611035,910.193189487798,3849.9119023864896
19.15210915,72.84357452,86.78185193868457,1115.9056806555745,41.6458296063979,3528.585989106715
18.95305443,72.82118225,537.19453715926,1379.6846513262824,1265.3552311264023,8840.517863324707
19.22422791,73.07946777,3715.2260140017443,11439.004174854621,279.9681299040312,7560.503375317661
19.1108036,72.87134552,22.17370242027681,4592.616306585026,902.4333798972704,3487.7993136076047
19.23176956,72.96821594,865.7883790359211,2627.920850402993,586.5520161108253,1271.1972682855007
19.01469612,73.03904724,174.119812016905,2688.379528009997,749.1122077749505,6058.750138110789
19.17576218,73.23732758,10995.254185730631,24322.07161768544,11372.116298160594,16798.25651898958
19.18059731,72.84043121,444.84200805176806,732.6911056420078,301.9690946382122,5901.527077076299
19.18027878,72.86412048,587.7016215544323,1206.4062054517062,744.7431232493511,3817.3670142339065
19.27990913,73.08123016,2096.648825692092,13970.498520413894,2338.501585281497,11939.719168139052
19.06905174,73.08538818,234.28257341859407,8847.632140167843,405.8211222901745,4468.517179117594
19.0713501,73.07579803,104.89976350030857,7855.600751286634,574.8680028704921,3469.958379616799
19.22246552,72.98777771,251.81506758965375,2293.0428324511163,498.2053541346264,3564.480193284104
19.00496101,72.8400116,59.04322252722253,1714.4317366935036,405.39716807584807,3182.698567288749
19.20824814,72.98790741,248.9467274218396,1688.866348876407,193.16460929018626,3481.829630974988
19.14526939,72.99676514,313.0086056892444,6387.286785505028,501.3924785660247,2460.7913550156163
19.16418076,72.9905777,729.5008443414192,4629.965263178395,298.72881482799914,2758.8956638773107
19.16210938,72.99080658,901.6224089265758,4763.988514951303,387.95159139766304,2686.228729735508
19.14788246,72.99542999,117.7151714633462,6089.324257834122,442.341680896408,2430.8438595904686
19.16828537,72.99168396,380.252781509093,4539.412069976815,340.62164176205465,2801.6054905457654
19.14437485,72.99450684,463.2394906782209,6282.86204967465,294.76659105587737,2712.847394985473
19.14338875,72.9906311,608.6850507373232,6079.340224698321,282.2161793126647,3115.2938615789085
19.16423035,72.99762726,324.0016614133729,5291.57183224347,931.7133582449595,2052.8898159962014
19.14291,72.99671936,561.9362746034595,6563.068143563064,577.0973124255004,2623.26382041605
19.1606369,72.99333191,676.5412548967071,5075.642309378715,635.087586718595,2399.3469914789816
19.15826607,72.99282837,824.3528944159625,5170.6257334094635,618.3708995816876,2433.376753340101
19.20796013,72.83493805,38.66412342766222,2538.4923824356924,604.4305945128008,4344.86214368067
19.07082176,73.08248138,163.31028625905313,8552.309477255663,764.2896660335967,4167.596247012572
19.05468369,73.06788635,226.0093591968192,7115.15144950513,553.8778412588427,3077.350096428685
19.03384018,73.07701874,397.9663639606775,6860.823408670593,125.00396606702458,5312.607597855189
19.0487709,73.07372284,522.8981799194497,7746.376557963282,307.4703403762634,3950.5998565581144
19.07061577,73.07376862,128.5186894795518,7637.083706994219,528.8846703113604,3251.9469501400918
19.15802002,72.93614197,151.4599243940818,3309.455547681257,1352.7217247005472,2616.0039062551696
19.1209507,73.00354004,245.338765625036,6110.741683096824,80.45042072014158,3158.651311374088
19.24607849,73.12249756,2746.7327133006684,16365.434476226103,2818.521923067248,12690.00560034862
19.12025452,73.00336456,281.0413799859826,6032.6864765556875,159.8027913585036,3208.52657066725
19.27896118,72.94429016,976.9078785207577,7543.129102625197,130.3438482375002,1979.762242354754
19.06826973,72.89733124,337.90172662121444,5036.609015674161,846.7633458490427,3941.2980264874195
19.17168999,72.87002563,1136.672602963056,2340.628054103867,462.6318979134987,3172.066371335821
19.21998405,72.87126923,534.0799850625383,995.2031940676012,2359.8389956314704,3233.28497698736
19.05502129,72.82582092,997.9552507135513,4093.268409841363,221.1073747379411,4501.600132921011
19.26527023,72.97159576,467.9852448403956,6325.616871810975,321.06998324769916,3520.6936689702516
19.18365097,72.84864807,312.6637995551015,1307.8912864481435,1108.518501913832,5416.574109549402
19.01506615,73.03377533,351.8020716616406,2188.25261006693,239.32896015460315,6079.874536077398
19.12851143,72.83378601,284.1102096520029,613.6205905294676,260.58444055433966,1085.256759543868
19.07127571,73.07574463,98.50939556823363,7849.388298990561,581.7753902747108,3463.7651643614713
19.16966629,72.86525726,658.1754879222815,2204.1515980327044,349.90178447050357,3254.5752845815864
19.01724052,73.09398651,841.7653794263538,4299.594829167615,73.8091218376899,4717.46720549068
19.16792107,72.84716797,195.50379814839613,637.8164113169162,806.0462465533549,4472.8427493753425
21.1857605,72.80945587,204770.38386285293,213880.8840662096,205635.24014781712,211666.3187137693
19.0788784,72.85002899,198.37683347438394,6044.8037829112245,454.97443811105705,4046.7784884643515
19.07228661,73.07062531,133.12195264937841,7322.761434770937,153.25198363074693,2938.94066903732
19.0733223,73.07743073,185.0755110246297,8045.775798045899,452.23081265565617,3648.397433240423
19.05834389,73.07910156,629.0392736803157,8225.470594296308,471.48713433720684,3990.1682687499956
19.0716095,73.07697296,231.44149595500997,7980.915047734287,587.2669776555601,3595.2672563524916
19.0724678,73.07278442,233.61236661026004,7550.552960778418,348.5472043513789,3166.6172805738584
19.033638,73.0694046,77.24175885949143,6461.246309218179,151.8846612568056,4826.586846980977
19.11069107,72.85361481,221.79241396555759,3382.2987866244484,1171.2434253608428,1820.6222053231832
22.60107994,88.45159149,1635215.3137401184,1642686.749874953,1635351.9887553223,1637179.3620044026
18.95242119,73.12985229,750.4211235141096,4017.612880567312,2575.3920432861987,2916.5740089907495
19.00576019,72.82849884,264.54892642239554,1522.1517984418913,440.0286898576356,4208.812569763411
19.0403595,72.84889221,794.8390971424561,2929.3520702378137,490.73728463337466,2093.187535162419
19.0709362,73.07646179,176.61650977034148,7921.874143960503,637.5485028985454,3536.527633756814
19.04225349,73.06384277,127.73156637337901,6481.011972867146,911.3603431836488,3707.6826461171704
19.0344677,73.07588196,398.6827496074492,6992.047668020166,260.9775533812465,5180.598229048303
19.07297516,73.07847595,85.96391094603132,8151.335216899445,556.3088020027251,3762.6172696481503
19.03727913,73.07691193,89.5367877702355,7160.743514878672,193.4559471039063,5029.299510120164
19.15771484,73.11577606,2971.4990826980325,15769.55303215094,626.985995010167,8011.8029555007515
19.10247231,73.01037598,249.86450643192697,4163.034095405239,385.423813502632,4006.671972140244
19.05828285,72.84348297,311.6594707411451,4528.576778865769,627.576361194075,2860.5751733512348
19.11974716,72.83940125,397.0131858840743,1587.2599014313162,179.50223245318386,101.35171096168881
19.15992928,72.94499207,135.752038825579,2755.9241374420385,611.5089675590716,2729.673670426452
19.15910149,72.93578339,243.64523622876652,3224.9278871043407,1443.134943401506,2491.274485710194
19.05696678,72.84830475,202.6328839792432,4542.49834617522,656.6912486903508,2345.0321203333815
19.19078445,73.20041656,7226.81576157292,24084.131219232357,7414.563665592353,16794.742095107136
19.15392494,72.85612488,100.4149651784408,1435.9657019740143,866.7398542555711,2918.094089378211
19.17146492,72.87011719,1146.2526970782542,2367.159639934613,457.8980738170258,3153.3081968019205
19.17149162,72.86368561,470.7711101548904,2117.7941811820046,599.910451771482,3515.01428678493
19.14529037,72.92858887,572.8289725772325,2708.3537826049633,270.5095638213455,1150.6074976851278
18.97987556,73.02629089,1166.885210533312,3233.2961746344554,751.7089157735758,9461.75366878275
19.07134628,73.07009888,101.7936183562761,7258.458785256684,217.48280202274452,2872.927917295387
19.03459358,73.06764221,108.97801108581976,6348.292574296131,357.1226495589749,4633.6945000057285
19.17262459,72.86993408,1115.5696549266252,2245.726540879356,467.23797757448284,3223.705398848938
19.0729847,72.83636475,217.4916465188011,6034.673402892686,1063.9361912883276,4414.805760738984
19.19580078,73.19409943,6706.305737531016,23382.675902194263,6797.199537787274,17164.5154801012
19.05743217,72.85077667,192.06923696066326,4689.080228596086,595.0250302052833,2151.739089944234
19.23436356,72.84619141,477.1391640273191,1314.428510057085,398.80719392747454,1202.7195280645185
19.07167053,73.07639313,173.754530199091,7920.696392508759,557.8644328750363,3535.0732570139758
19.05176163,73.07390594,296.2800945505509,7798.243710388099,524.4054090936233,3787.0851287534842
19.21573067,72.97798157,29.19314286710947,1041.8849957936595,455.83387068722874,3134.0958800904664
19.08148003,72.84369659,293.36805335854575,5545.491811274668,531.8378167340471,4366.578444966264
19.10888863,72.83103943,621.9050362831537,2269.0484453477548,339.29807475334474,1592.6301439292629
19.10368156,72.92684937,484.97081778628973,1925.9872968601255,1633.2133382720451,960.6283545999473
19.18354225,72.85486603,377.1606801669749,848.5968786838307,474.2095241277926,4763.824008755135
19.20572662,73.09552765,1055.4471129397637,12992.87217750058,263.52665659714165,8476.694771023953
19.0528965,72.89450073,122.49922253169427,4334.00706708378,293.11988072843565,2903.998224317638
19.0592308,72.89805603,489.026964041962,4347.1161007767705,922.7860356856613,3488.370366752101
19.05746269,72.9059906,634.306247685545,3559.784709949565,176.29873579649885,3256.9439931905217
19.03613091,73.01737213,1061.7467059078624,3264.733375541597,654.5073076376068,4537.761323779181
19.08155441,72.85072327,323.19223990800197,5800.764090805031,260.60620711850385,4282.39112324502
19.07296562,73.07965088,64.44073269815804,8274.167469683873,652.4864408649449,3870.1782141649414
19.04845047,73.07750702,474.5170155122179,8047.187711349175,298.6509631410265,4301.965757941239
19.03221321,73.06774139,164.56192901795376,6233.384367041476,357.036730517872,4860.525772004773
19.03489304,73.07614899,360.2699058105937,7009.158266905717,259.33997577850585,5164.540116258485
19.04418373,73.07123566,311.7632381329233,7235.097419563572,445.1069944631457,4067.2573274262927
19.10133553,72.91609192,252.11044984172412,2367.15446238891,2396.31770085878,1062.9319698903475
19.15301895,72.94235992,524.359872754391,3570.250329838379,830.044932995932,2827.5286003525707
19.27484322,72.95363617,518.501489343346,7632.737208333844,376.50705291125826,2338.7727934370246
19.26966667,72.96385193,87.4431006599153,6865.64148229937,705.0092179932972,2885.7732353887654
19.27259254,72.95902252,316.992210812519,7265.168662058958,779.495597520507,2600.4502964211047
19.27075386,72.97117615,610.9222560666102,6935.657009033683,120.69421089839456,3643.9345559099224
19.08481216,72.83287811,540.761334120648,4950.161016707649,255.46952457003897,4042.8123175976384
19.19122124,72.96129608,184.26614059404127,1293.6224656572895,483.18921867328265,2734.828403188576
18.99762344,72.8493042,333.48775173985655,2922.90595931978,1564.2051043350798,3071.0529334525104
19.12566376,72.84403229,305.78864429876285,1729.1508916154714,714.7968185093395,719.4280401385735
18.98121643,73.02389526,1445.7776811472943,3006.505405488807,663.201793555662,9288.430750363095
19.16049004,72.83770752,293.25908764238125,452.5517309564771,934.9019695697434,4443.6060880652985
19.43025589,72.81349945,9950.897400530419,19638.18476208029,10961.897391592522,19388.733800957878
19.22338867,72.98991394,446.6666465793171,2528.2050973252467,254.6124738965745,3731.6399797506897
18.94354057,72.82717896,412.71675536270124,909.9023168872327,827.9711381029103,9474.0412870344
19.13087273,72.93810272,434.75555622862197,1627.5036214448016,1180.9406223224307,2354.172319212182
19.07906723,72.8497467,162.4468155696472,6014.072124934062,425.7776339833335,4079.0834184153614
19.04391289,73.06561279,170.35195862893133,6740.949535138793,749.4830863449064,3679.067366905469
19.25764084,72.84858704,276.9827107491561,2778.471546743577,56.76321618512539,1661.8225413695502
19.18727493,72.83114624,471.7040439437267,503.58150154420963,206.01073980002622,6622.36599144009
19.17062187,72.8449173,141.19360200578532,924.880040174261,427.76643396008774,4838.721504085384
19.04342079,73.078125,365.34835076790336,7628.764033067136,225.40754211860255,4675.581893955509
18.6058197,73.91240692,1699.1533813102926,5792.808268172279,620.5334094053411,10499.846669217719
18.47437668,73.82054901,177.2112716638078,3605.0987175833316,641.3096542144615,5717.829758381256
18.58033562,73.9805069,203.82770774552185,5693.659223002703,335.5288268806019,3090.245043949221
18.54178619,73.88245392,174.2956383774467,1731.0712420370583,1328.4830497712883,7302.017894550843
18.5601635,73.92492676,266.8515547839566,1764.7522793805035,1678.5483510728136,9316.919525790137
18.64037323,73.73686218,170.81512229216878,4487.869517243381,1007.5055809016047,3970.091228216998
18.57936478,73.73588562,744.1595133170209,1694.3875499555775,410.92406272965167,4588.607913295145
18.57242584,73.9076767,777.0999156383641,2251.703120801968,1527.1621969430146,10815.1626222157
18.44660759,73.90554047,268.4243142760258,2589.029493457748,1948.349417080679,8180.48357231036
18.56818581,73.79068756,916.1119353555489,2295.2347074465833,233.18912200962762,2144.2659077148433
18.55333519,73.94477844,959.4789703375504,889.1664469891185,1149.5341201717538,7654.190751331991
18.62474632,73.73732758,713.5139387872225,2798.456776775184,2025.3205838831102,4529.6377738230085
18.60659409,73.90982056,1927.924212938002,5791.425782598416,345.82461610827363,10784.806912479256
18.47053337,73.91357422,2226.9291226191217,1424.816206851149,2796.7586795953393,10671.700912823455
18.4641552,73.90855408,1602.607055951201,1058.182526491923,2474.0597153765752,9789.179891184174
18.51470566,73.77187347,245.2379446851484,6602.003310139386,992.8851545479683,2726.9232161896525
18.57761574,73.77683258,1244.7538886680297,1399.076839835305,1088.6468360749775,3291.9517658235227
18.5135746,73.76791382,181.23272006494315,6994.036200762404,1425.7369914593323,2703.909905457924
18.55271912,73.92081451,936.5800446430632,1779.5694105944501,751.6806480698652,9995.15469610342
18.57625198,73.78787231,1168.9722157044566,1351.0839418930784,547.8239627598099,2997.690235117128
18.65039825,73.79167938,530.0116841979675,2135.6624722156052,1108.8866459895464,4179.763179063293
18.51910019,73.9276123,520.5532313861808,3045.6737662152404,228.0227559752743,11291.60624614817
18.48172569,73.86858368,524.5854518343972,3601.305758402904,1673.3897339577636,7434.933880049428
18.49023247,73.819664,473.6117443511844,2146.8783614470713,855.9396179949666,3954.6711273036835
18.56738091,73.78688049,608.8785471586143,2301.977473355703,438.1031083205638,2007.9998098702429
18.51603508,73.90481567,1103.765704392577,1161.7902812665811,1513.4757822907407,9493.15377264403
18.45897293,73.78629303,1060.3876549916758,1977.3866675850606,1812.84321037664,8012.827829581779
18.54000092,73.90000153,1183.0738931085848,838.8830726897252,556.3988786099662,9068.949069181564
18.55271912,73.94644165,1103.4710074043671,1021.0006232866746,1034.033902815539,7530.39802606556
18.66391754,73.70794678,1351.3214393884734,7094.507638280788,203.7572475979122,3130.84785321483
18.60011864,73.72468567,502.2773873354032,2242.551440004228,1471.288113669085,2565.394632856078
18.63496017,73.7894516,223.51570178227178,1187.6133023181708,1382.3294331109557,5127.859550563056
18.56578255,73.8832016,499.3487736697419,1551.8072498865065,1051.44481885395,8436.935311530904
18.58267593,73.97707367,105.36529824903567,5577.349235596253,169.42352393097255,3422.3709960321016
18.63115883,73.79122162,481.2621062274433,1007.7538970124211,1016.8373885395662,5572.002300456718
18.75749969,73.85807037,242.71312763653353,15097.719150251507,1098.5394403885578,13144.084203596118
18.44337654,73.81282043,1731.792811504027,1396.3904886946248,3213.081092804386,6224.975030611294
18.59602737,73.75917053,326.8009116537965,1496.8912411988638,1576.3760147922965,5802.393244842161
26.83705139,80.93888092,1145515.7830484463,1167754.070441216,1148218.1822108813,1160095.503852423
18.72934914,73.64609528,3053.9820033077967,3959.524976980789,3811.4186670284903,3260.163234389767
18.59318161,73.77986908,224.01336538001982,752.9955539196317,1379.0030732298383,4925.28149725571
28.66072845,77.37116241,1154074.5555062415,1166823.4586502388,1153418.8345550266,1162165.0483317715
18.68061447,73.82879639,353.32804559468104,6060.380800287018,854.9080222666977,7566.118729218815
18.5906601,73.77902985,57.51877329667482,641.7049891576659,1478.9469584969363,4661.854219508603
18.55978584,73.77967834,522.9149402022755,3171.0626918754524,1247.4669153383106,1286.798242088314
18.48707962,74.01500702,463.1309182247927,10735.730642765631,1778.346854200908,9098.86964581151
18.55982018,73.78572845,226.61940046164608,3130.968036810416,729.5064914677961,1169.141010313447
23.02228737,72.50914001,492402.1452020716,493339.04711551906,490633.39741972164,491577.35681172874
18.56719398,73.91213989,864.0817760634923,2216.20887316791,1735.411001994924,10440.674655290579
18.41939735,73.85161591,695.5609928508046,6236.728335408571,2102.6095227157007,2423.504135205979
18.52026939,73.76664734,279.95925361063405,7270.373543607331,1463.7708174752775,2011.5340518350529
18.55448723,73.89758301,509.0734115337561,418.8989843844618,130.64089065028332,9247.71963177318
18.55174637,73.78198242,990.9417601894644,4033.7186311848336,601.3652966843335,380.55770696863215
18.52124214,73.93656921,446.42655076784865,3146.9543804862606,337.2550265199998,10425.04396588667
18.60525894,73.91014862,1791.1137774803046,5659.257296044989,475.6363230199289,10718.351989267261
18.58479881,73.97431183,318.84302098518873,5527.158672672572,244.61074454937017,3706.955675384557
18.56602287,73.9102478,821.0187177453607,1978.0711134963883,1497.6661525878917,10661.193197712912
18.44833183,73.92327881,439.55955136421676,3377.7216431657353,127.69119763131279,9772.770580420494
18.58137703,73.98854828,169.0868799719451,6453.931783516587,1169.3265985097717,2235.0021735631876
18.48160553,73.89597321,531.8136291699901,1434.8090799556537,2563.181279915572,9807.12071991827
18.57751656,73.9812851,473.280108149836,5578.71134426181,574.7159523773042,3074.0388143013342
18.5635376,73.90897369,598.2792503688535,1725.8696091537568,1232.3228827021405,10736.264405634258
18.57848358,74.00447845,1876.5809446824503,7773.035461980472,2864.1187357896524,858.9842738645407
18.56936264,73.87811279,111.13680072643733,2218.4023533805243,968.0900491933394,8216.594413607876
18.58400536,73.99136353,547.6653832549069,6862.824204281814,1498.7839585459858,1910.7632550014725
18.58929634,73.81355286,1137.547469586028,3075.6380317397557,1137.4219966030944,5283.991647772274
18.51734543,73.93192291,107.05946767438776,3451.653351957237,315.1425864180661,11078.963045307886
21.14222908,72.7721405,284554.5581000011,285336.7037026331,284236.40509096655,284150.13736381265
18.5721302,73.76119995,359.89357532972247,2815.431189993848,305.09849955544274,3404.5772069387317
18.56800461,73.91990662,699.3101837086336,2757.2717245398117,2317.710102544895,9619.696827340771
18.49789619,73.90370941,970.0503456336282,625.7891084940536,577.3241151631022,9812.380749496622
18.54711151,73.93025208,716.3891257759016,796.0294086336368,816.2133489661855,9333.124517284743
18.57188988,73.77677917,664.263808464453,1958.325233155262,896.0517985057576,2665.3396906065595
18.62477303,73.73713684,728.9460546257502,2807.8480609489375,2034.1579552600163,4514.033905050277
18.4787178,73.8137207,636.6999270521038,3535.5016846439617,332.94383233528924,5211.482159093396
18.60065651,73.92022705,857.7797852159003,5606.14074026287,1623.1753298540455,9575.11710942212
18.58615685,73.78089142,258.81291992675676,420.583846013092,1491.7140054018835,4136.774916246327
18.47886658,73.87547302,237.71547721979164,2808.429218227242,2270.0502157512938,8195.365233866101
18.56284332,73.80349731,967.4342125641049,3441.3891195683273,1062.9640100998427,2343.5995615544166
18.44908524,73.82544708,589.0940095046922,2679.501246646948,2289.3757608219103,6134.381018081129
18.57390213,73.88419342,144.8197988367713,2197.1273738467366,404.3394524223999,9032.02443836707
18.53986549,73.89595795,981.7445875179769,1262.2038663563,229.77877541455595,8646.925167318768
18.59578705,73.77779388,396.9227491489737,1115.782020921248,1520.308375492334,5245.813727177881
18.53946114,73.94590759,1251.7576849196619,1437.6254631706872,542.5377536144633,8371.436084046469
18.52221107,73.90399933,1759.728101848474,1812.3607357014196,2205.448268467237,9355.056418366503
18.51729012,73.94721985,1528.18475671461,3733.016380299618,486.7481604921309,9953.226906688333
18.52027893,73.76657104,287.3131527520892,7278.435043598376,1471.8851638141368,2005.7618014280142
18.57286263,73.68908691,71.77531637244773,6243.575732774249,301.18169596149244,3623.022644822374
18.62072754,73.91501617,3151.55977275822,7454.077999857606,578.6813919198328,10736.134475549377
18.48402214,73.90130615,1096.6439193036963,1639.7925848471834,2119.106010654998,10173.626114003295
18.55467796,73.80711365,401.3350452248367,4406.429592887832,563.9119260008983,2259.272319091378
18.62471008,73.73709869,736.0508228393684,2802.5780772120447,2028.7138528304217,4506.9506856834005
18.56312752,73.80509949,798.8692173569175,3517.9381414427726,914.4964856790068,2494.8727155775055
18.54854393,73.92847443,847.2550234513153,942.9247782243764,1044.3851384498644,9432.372641558928
18.55584717,73.80997467,722.1203143352709,4472.8147974046,866.0434038900718,2584.864124671095
18.53939247,73.79570007,1549.6007127464975,5529.025893777107,1519.2469044618117,1474.356867668914
18.56051636,73.80738068,683.8982031410746,3894.8411672454795,1011.9573196466598,2534.0863258142053
18.56212997,73.80351257,965.8075162250274,3506.968001816685,1112.7666634166796,2294.8048374001933
18.45946693,73.89128876,81.3434958340735,1438.220913806498,2970.978745297399,8259.984546161617
18.56450272,73.80047607,1083.741937408814,3109.132408512209,1009.9407883213561,2244.350589712821
18.59893608,73.90194702,1762.3399615888627,4772.780460610471,1208.4259671915356,11445.260536008504
18.59297371,73.90126038,1346.3052371021274,4107.284922823708,774.997883243035,11444.085845576066
18.59836388,73.90181732,1719.661578016408,4707.761771114577,1271.2352390994554,11450.125564442596
18.5966568,73.89671326,1974.2586184622883,4458.205779352626,1299.3806956082344,11664.999217833656
18.60192871,73.90148163,2066.0609786472914,5093.583190441208,957.295883722129,11544.650599595127
18.59461403,73.90431976,1229.352592737701,4353.572340265783,990.4705537177473,11139.483932706178
18.60000038,73.91000366,1410.2855326685535,5098.486806652279,994.0823392309328,10623.538187814731
18.59954453,73.9006958,1895.8621505466342,4819.309941122718,1218.8481659210654,11585.3579786323
18.59116364,73.89559937,1585.9604137565418,3842.603064797178,870.4379878380615,11170.922538424476
18.60369492,73.90953064,1708.4085468799137,5473.885053057254,590.6876189120791,10746.277457380422
18.60346985,73.91340637,1423.4867345344,5583.848869892359,858.7644902998662,10341.090059597222
18.60121727,73.91455841,1149.4956477771466,5397.811933904843,1120.390170921195,10173.789824959233
18.61118889,73.91108704,2285.602603094069,6319.261259368167,496.7802151873312,10783.569249610424
18.60799026,73.90748596,2204.3095444016562,5877.583096689112,66.9405043483863,11060.032528930404
18.59991455,73.90873718,1518.3668440494516,5047.662652575747,973.4227091554486,10753.77184181144
18.60248947,73.90661621,1861.091552967236,5261.876045151217,678.4343348988904,11022.566203987144
18.59597778,73.90735626,1191.0076556862386,4586.4129530373,1250.6305445057567,10837.753981133914
18.60419464,73.90248871,2235.6023667488357,5358.926534268999,700.0289986988939,11485.115745188603
18.60061073,73.92128754,846.4514697102229,5657.038954830364,1530.019677444036,9464.379441414812
18.59473228,73.90409088,1254.947855783195,4360.565829746576,997.1163608959773,11164.803236527856
18.58807373,73.89533997,1327.2231425221087,3498.3030054072474,720.9184306592342,10928.597376921693
18.60913467,73.90710449,2327.5180284048706,5992.134613730022,66.57143242531083,11129.606192475741
18.56154823,73.80631256,744.0035270827134,3735.0107573006935,966.6576575646957,2497.153118658716
18.55017853,73.80449677,263.8995287670344,4703.685542122095,88.15113304274865,1906.0407069265452
18.45779228,73.80800629,87.72469821327786,1460.1816487605413,2533.141137589926,7575.082378402814
18.60876274,73.75455475,215.5685701499641,1256.6290362439272,1229.4881292007442,5713.735356576087
18.58862686,73.70233917,142.17463958333516,4486.07032809568,1398.9477105796032,1670.2374976335
18.63827705,73.73539734,365.3496364758813,4297.758469523525,1128.1123830067593,4249.638703110388
18.60643005,73.75308228,38.765580644625,968.4114703745084,1068.8802169711482,5538.431426984136
18.62283707,73.73451996,1077.3270036688684,2716.170303960309,1940.4742097500493,4166.630386056856
18.58816147,73.72674561,644.191555072629,1946.7009006728158,1783.1316910518165,3242.7122141731484
18.58264923,73.69248199,148.38375472295616,5607.4868739290605,497.19289882397015,2477.969455360075
18.56966591,73.91046143,1167.4721432838815,2235.9190132703534,1786.1336120526764,10567.89635887506
18.59188652,73.70767975,170.83161246951124,3906.786724879256,785.2724275539151,1496.2665156633439
18.57986069,73.78509521,886.6335816087076,902.3921489335922,876.2861411625785,3398.097388892491
18.58205414,73.78432465,674.2373640761928,655.6113314753588,1124.485606989388,3645.8612834952055
18.59140968,73.73464203,167.4873912522631,1067.7115795897248,1671.1762440494465,3832.0757431951924
18.59551239,73.79496765,224.93749245350799,1395.127508920151,382.6729884050284,5213.634817720055
18.59427261,73.76107025,204.92755801214292,1737.4123756522404,1307.5203677753586,5543.706522745495
18.61173058,73.74422455,546.3301377867109,1213.3154931077347,505.48257939452327,4684.6610669220145
18.56938934,73.91133118,1122.6439328652955,2287.277104075404,1828.407727240892,10482.289682190729
18.48013878,73.87506104,268.58038620122386,2904.386741999437,2257.788891428886,8072.528505599059
18.59009361,73.90274048,1051.4110372457144,3825.7799233131423,462.49334789813236,11266.759747091779
18.57149506,73.90843201,907.6227922493322,2224.390180957652,1655.1299699874253,10749.7299707621
18.4711647,73.86678314,871.4199458949424,3522.524481558019,1388.8711130704862,8124.724926896067
18.56838799,73.91345215,958.5649270496813,2404.196989614071,1925.6891386867378,10280.666718351176
18.56506157,73.81399536,153.86254656430188,4025.47762633709,495.8352493616808,3391.0653528254657
18.56554794,73.91164398,717.9968744331788,2078.772893608285,1588.9968294369155,10527.357621327741
18.55731964,73.79521942,239.85619410893935,3591.5858574377557,964.8724570006168,1283.2169828922715
18.54445839,73.79319,1257.693831396836,4923.867900326659,1196.279268182363,894.276776861603
18.5678463,73.80082703,837.2314221219694,2827.174475781461,1073.9492019653153,2557.514312797231
18.56064034,73.77961731,470.56848345269964,3078.3107678761417,1214.3379872960604,1381.705519695773
18.51631927,73.81690979,647.1547405102673,2199.1951998388536,1420.6585479893545,1040.8213267699914
18.52263069,73.77487946,414.4705393228109,6508.915464045581,742.4037311074587,1803.715397647312
18.46516991,73.78374481,359.9365307893703,2660.6593662908267,2004.9679592858265,7496.280901490446
18.44596863,73.80133057,1059.4829303264141,168.95241409742246,3294.3696954031457,7214.127000092409
18.44221878,73.80958557,1785.127201172579,1128.4996604729517,3517.3211617319844,6330.104431741534
18.45885849,73.7809906,982.3523044580769,2413.0773611552063,1321.481893832564,8254.228877993351
18.44906998,73.84957123,222.29507231301065,5219.094683488427,1367.4688069765366,5685.639307538413
18.48331261,73.81238556,250.69351225555317,3233.2703846666136,453.44646042593354,4708.08545402589
18.47284889,73.90947723,2088.33887314631,1061.5701557867485,3216.9709002829627,10594.981414119315
18.46999931,73.88500214,437.44774579470055,1596.8324302816752,3066.771393264088,8938.898462926672
18.51758766,73.90679169,1248.3322701093214,1397.8690987351638,1679.4355979249965,9682.85068438806
18.48812485,73.82439423,464.5230348578312,2047.197158919785,582.6212160254997,4270.729668739426
18.5183506,73.77896881,907.899860542322,5959.324731542483,151.9853020782998,2270.044039310822
18.50208473,73.79509735,369.6073005411968,4060.516471495611,1819.8201657652157,3371.95982591259
18.51687241,73.90248108,1150.2628274169422,1203.3713949932223,1647.731563336316,9238.359389246605
18.48647308,73.79683685,82.26562543169328,4351.07330033921,1615.3062105692227,4764.196149213641
18.57142639,73.69288635,311.9922635437884,5928.931592779529,160.33633566390296,3664.6011363236726
18.47086334,73.9002533,1184.0300167562268,172.3942261356588,3573.5262151689435,9839.714252517988
18.49837685,73.7901535,138.6407156663126,4622.212076832494,2383.7459297351784,4023.6575233998738
18.50739861,73.80764771,75.09693209074685,2749.819418899953,742.4854018722766,2176.329707323261
18.58709145,73.69843292,300.021957815135,4912.7316521638195,1083.8683094771636,1845.4359830719948
18.48842049,73.81199646,150.50862054087997,2881.2075015083183,116.14501844852705,4144.819589286657
18.51055145,73.78179932,213.4715931797689,5497.793095558182,894.8907058736415,3166.7466357224516
18.48544502,73.81768799,523.9834525357808,2686.8201565004624,625.0821410346191,4467.510596399007
18.54690933,73.90139771,647.6613519558166,1104.276079142372,681.0166708549937,9378.105575216832
18.47596169,73.89118195,204.83162905764755,1198.127226533849,3351.1030933659663,9714.636172092076
18.5163765,73.90409088,1123.0247575978372,1177.3212820034778,1560.586170891128,9413.012185570713
18.54046059,73.92725372,780.6631987781216,1467.118970387696,657.1499188362156,9959.845271646534
18.55347443,73.9198761,831.0541976954794,1894.263247978506,766.7678074521674,10058.498831421146
18.55362511,73.92064667,835.0335368874355,1819.449234008329,823.0164928199614,9976.471344215792
18.57260513,73.87820435,2.93496823853031,2457.537185136641,662.6864722417433,8442.841452998344
18.58052254,73.87258911,387.30484284987085,3507.544888445166,908.0906006474867,8588.966183418795
18.58406258,73.88640594,1162.737330337257,3162.411207306559,885.6618156650151,9921.532575585987
18.57862663,73.87588501,67.62832698068733,3123.581997965827,702.1286427414341,8692.105587079677
18.5781002,73.89917755,263.4068045847547,2442.0606120491266,782.3074824782032,10594.22072262695
18.53852463,73.938591,473.673202597479,1231.013513474833,578.799649840808,9059.182543227616
18.54661369,73.93197632,586.3627476242298,653.6536267022927,704.4350919699841,9196.14046985355
18.59843254,73.75946808,493.1003412364578,1451.9885097820588,1796.301743869665,6035.561671952717
18.62059402,73.75565338,672.0221433831799,2412.7621403810294,364.625533984719,5501.889730963138
18.56818581,73.91455841,887.7914474493479,2491.1829511430665,2007.0271973238566,10169.899731170091
18.53147888,73.93881226,215.45180024422507,2013.4285127994099,1143.956445048845,9505.856329313543
18.5121994,73.9054718,701.0028637149286,802.2158106324474,1082.4929977505594,9618.599707911155
18.57291031,73.88282013,32.19041494341531,2178.448740381538,467.3288582504516,8850.066100119662
18.55116081,73.9292984,752.1330568129844,868.6695276080029,1270.98424200396,9232.849084847743
18.4607563,73.83367157,521.1909364870154,3853.948651286649,1150.6776099935482,7127.88160720115
18.45824623,73.79203033,574.9909008789602,1516.4306330567304,2348.968437826373,7878.327959709336
18.58470154,74.00345612,1778.2564161245473,7989.649528744435,2558.83431998065,635.3117934863527
18.54116249,73.92810059,735.3244497387086,1348.6367271185652,573.4795841919225,9843.726819822243
18.54464531,73.92749023,1032.4585926561415,1173.6916974517515,786.1752979968167,9716.788145048602
18.55384445,73.75,2118.9292525682417,4287.273674552824,371.9785088088013,2129.428852004944
18.56993675,73.85063934,516.7250359976514,4835.645880242419,405.19018802996806,6180.239154139254
18.56845665,73.8826828,364.2910972978322,1798.045764039108,960.5297683843555,8552.760600382306
18.57160378,73.87667847,194.1343372211129,2495.6686484696825,853.7381376482132,8247.617206923805
18.54427338,73.91606903,1606.2068957471158,1033.5193492907051,352.6843815108085,10818.708571465784
18.63515472,73.78964233,197.7579007320498,1171.7781478806423,1406.528801169083,5124.53953964731
18.53233147,73.89938354,1592.195947459821,1173.953603272852,1142.0164321179727,8892.644096366499
18.54618835,73.93382263,482.59163640467557,526.5468104801405,639.8766841899809,9045.91927598932
18.57112694,73.77534485,541.9131674961332,2100.2643273429358,1051.4866727864007,2615.690638427557
18.57619858,73.97637177,583.9135803746359,5069.873313129415,567.2974203115851,3612.179182923486
18.58266449,73.72602081,654.791926279848,2234.1638674223027,1490.97515563587,3545.0102180584995
18.50984573,73.92698669,329.32343387432223,2728.686030547544,531.3126890360513,11900.703316393277
18.54154968,73.93910217,668.2904438122881,906.6040837550004,604.6247631582663,8827.984036256397
18.51155472,73.93701935,703.684906043808,3803.2527701028926,500.766052422905,11148.59648519908
18.56577492,73.91014862,795.7225408661162,1954.7152937127366,1472.832947733183,10676.822644003603
18.57311058,73.91124725,988.4694232988261,2558.408096240488,1663.4317310675733,10432.27887745356
18.58084679,73.87232971,426.7430627284578,3552.7063201904116,863.5422960583844,8595.520356914067
18.44493866,73.93695831,1238.6181281809274,4737.224888388817,1289.9244927498764,10799.450883180272
18.57022858,73.77071381,501.5261119570436,2442.40090152048,1299.0607397426777,2687.3943555824544
18.55212021,73.9586792,2047.538839410515,2265.9659737756533,1423.4614445902191,6457.895047381871
18.55548286,73.95166016,1338.5195446967673,1646.4418800800718,1356.7037440329411,6900.397808969092
18.51298141,73.93431854,425.476089057145,3553.163016981988,389.02429646688637,11232.56226217013
18.58664513,73.76042938,133.89129461574265,1759.6391185529824,750.2512219867207,4804.8341910862955
18.57841873,73.68244171,581.5327910794474,6740.235138885504,505.07619771869355,3388.6273162576663
18.51144791,73.92240143,811.1542720750303,2291.7366359866205,666.7306710135094,11396.757970755427
18.55299759,73.78027344,864.4651158875696,3910.822133515363,747.6405853459664,533.9307091353833
18.50140381,73.94055176,106.64022516983032,4160.002215762062,1290.5166140233318,11762.169924397285
18.55251312,73.96128082,2178.9802299271323,2543.5607811022664,1664.534360025758,6207.179515096721
18.52988625,73.93758392,253.9402567281618,2184.804463317663,1250.7546745504485,9717.535655854854
18.5513649,73.94225311,637.1810074088542,554.7694999627948,1086.4656738873666,7991.203238595136
18.51421738,73.77755737,460.0478915259007,6002.599430874486,561.8659708734212,2722.411783793216
18.49255943,73.93493652,903.2456806703852,3813.153514340207,1555.1264561710768,12902.115094962559
18.51883698,73.93750763,516.9018125952604,3413.3337919861997,257.9545189429631,10536.133051975827
18.58146667,73.73651123,540.8315079538555,1464.9001384378057,561.4494996049958,4510.742355825921
18.51930428,73.77668762,707.6764882524583,6219.302448396941,402.0536885921439,2157.296589177744
18.59685707,73.69957733,926.6174357001412,4790.156019122418,1199.590468519359,753.1450826212249
18.58727837,74.00176239,1692.4126728175681,7981.289982117423,2289.758517474415,867.2010826121277
18.55437279,73.94778442,1228.512491050847,1223.7821396093193,1196.246251721703,7319.590610098497
18.5082798,73.76957703,402.2424746133286,6757.470851620172,1609.9212410616578,3303.6531628320895
18.57528877,73.72084045,998.7890109439868,3136.0419543713538,1864.862926248976,3798.0500248188514
18.51146126,73.76261902,786.8642676430338,7518.550471445239,2031.4615693894273,2691.5519066978404
18.56024933,73.76472473,423.1900345031402,3713.5327933998683,1637.0220236987536,2212.321243308657
18.63580513,73.80122375,124.32493177276302,305.4832140741708,997.6761473659554,5947.172469396022
18.50583267,73.77140045,415.21978359336924,6553.266354484924,1697.5821663355787,3634.338798588613
18.53148079,73.94528961,890.6103038747985,2174.5686653774997,1395.4238933706345,8980.641429317158
18.51241684,73.75959015,1058.3051330909964,7847.618997254857,2172.1293577011675,2508.8035576864304
18.59403992,74.00275421,2058.437732799505,8485.624968284,1870.172181225496,1268.5178730015296
18.57422066,73.75743103,686.6836483574384,2393.673596166704,171.26241575861292,3838.7776585890742
18.58144569,73.9852066,97.0677915934846,6166.855778729769,817.4165489343736,2582.271791017239
18.58396339,73.69768524,385.1850173785982,5041.588112993665,742.2790223824153,2200.64459263927
18.62830925,73.73857117,469.54794142123205,3140.8182817660377,1717.0069944990153,4855.117650641774
18.5880146,73.70035553,73.33142114411832,4700.463413678101,1273.3886281306386,1728.6189593319593
18.66506004,73.73773193,187.36612042771233,7181.978367794387,2075.683181071782,2189.721677045394
18.59588623,73.80695343,281.3738309201798,2534.97640493077,1032.0394295375952,5610.552088090288
18.59703445,73.71080017,321.61429508209187,3620.0054101517712,137.8054208370289,1295.5457498112119
18.48458672,73.93880463,1271.8631056824822,4418.434867732583,2267.0654249834306,13384.769493665763
18.59741592,73.69973755,957.6159110722955,4780.68400233449,1144.7867171980154,689.2535568638269
18.59942818,73.765625,827.3057595150938,2080.601446158832,1730.8576377301267,5922.365995355364
18.48744965,73.89952087,1040.4183501466696,1678.743976252869,1817.2193950244482,9836.067232289606
18.56290054,73.94908142,491.97734896797334,1933.0001316621745,965.377804882505,6807.627827795287
18.55181122,73.94478607,907.7372447384744,822.9994656098729,992.0376275456831,7731.902321615327
18.52070618,73.93044281,235.0177343412434,3137.157242698641,480.5854002100278,10948.50438738985
18.5219593,73.90532684,1751.7852263004959,1811.3733210181056,2074.0710270771247,9496.058194600353
18.45565224,73.91783142,522.831805660355,2407.571212688148,1124.034298495159,9818.643741736016
18.51644325,73.93782043,539.0008046776198,3679.7910395364743,372.67147993587804,10699.255923546374
18.59467697,73.80156708,315.87267090386644,1957.3126062869078,663.6683751182201,5288.77243415822
18.54960251,73.91888428,1194.5272173376595,1642.0661063657521,358.3795780979262,10311.400086124748
18.57916832,73.97148895,732.5771405901086,4878.752519273205,668.0730943092369,4049.439441825273
18.54770279,73.93723297,240.53732621206257,203.9912443202306,898.7045525707958,8649.514112813982
18.55534172,73.94202423,836.2038548092462,811.8427436521063,1472.5123531554045,7818.548456166498
18.54247665,73.93925476,748.8089977753998,809.7648416050305,648.7485499085864,8758.929224382207
18.54807472,73.91558838,1211.4196507450672,1282.926944542986,109.1383263080609,10697.30245080024
18.51585388,73.89878845,983.8806669322294,1119.547189027514,1681.420926014062,8864.354959049304
18.54774284,73.91387939,1159.1292553021672,1146.4878076553844,239.58705839331506,10677.360302501536
18.53190613,73.9287796,405.52476647046416,2158.645449342059,1071.126792626058,10328.491030230214
18.58803177,73.96559143,1305.4421775372657,5213.625365257723,315.5178220725935,4641.8197331374795
18.57723236,73.7924118,727.7334599109136,1460.243857318498,951.8169540604489,3166.133981545833
18.48319054,73.8974762,684.0944950187229,1567.6908876084944,2337.4536461059947,9859.375910390452
18.49500084,73.90499878,1299.4537370846992,970.5742662917058,843.5281738221486,10045.930989020748
18.47241592,73.91330719,2434.4434686079167,1432.2685295166707,3000.8472462969517,10812.642130725848
18.47114372,73.90706635,1891.5997123907532,759.6586823298351,3186.726780762318,10289.039142073047
18.4941864,73.89837646,1335.9839155986458,950.2087522246586,1242.3108994154272,9424.95213179087
18.50017929,73.9000473,704.3965353916265,262.8470011711615,703.3496133161776,9366.8328023363
18.48536301,73.89337158,358.5794949225874,1921.089263653004,2339.6290751482215,9363.694896239047
18.48304558,73.89848328,788.4502231645071,1536.2657303398084,2312.527595278461,9960.432616369058
18.4689064,73.91411591,2037.883971462453,1476.235610579932,2608.0163448405274,10573.602335221065
18.49491119,73.90304565,1289.9506151004316,893.7180946180387,908.4297070245001,9855.818796424892
18.48502159,73.89488983,482.8322315503645,1831.4178689041996,2282.6575481092286,9522.597170290606
18.46794891,73.90599823,1755.4727662034882,637.8016924725584,2970.0061641942634,9940.035746684538
18.48526764,73.88362122,483.8165596713938,2484.9883946842488,3060.3007787767524,8480.086173604044
18.49519539,73.90856171,1232.297372591665,1190.2969940582,847.0889281598904,10393.193124519054
18.4862709,73.89492798,548.4806453375702,1895.4691730332408,2163.43207299797,9461.170272507597
18.4752121,73.89335632,399.7167690331869,969.1635616287738,3324.4910542498696,9864.066304759674
18.49346542,73.8980484,1269.8971985234768,1036.1130726980282,1325.3444032748953,9422.913513025074
18.59531212,73.79914856,291.35386011437134,1756.307156890211,744.8845572581567,5285.862225024855
18.52142525,73.90804291,1666.6261628284356,1842.1615332562617,1783.616663689913,9784.803497631607
18.51783943,73.91490936,1296.4046638342656,1931.320716809306,1085.7338604000386,10533.110995323805
18.60172272,73.75244141,108.80442294734354,689.8868344179594,1176.0792258708263,5465.570949787138
18.59819221,73.77409363,159.57936501274426,1574.2151620944944,1757.893924010466,5587.143089084316
18.60131454,73.77529907,60.285840715943046,1740.0444635220545,1708.2189632086006,5898.73514432074
18.60545158,73.77509308,15.394554884091939,1403.3248338427968,1268.247355043286,6354.256001416748
18.57839012,73.68415833,401.0621036356222,6564.827361879242,368.3672444491536,3292.4592069019386
18.62960243,73.80921173,519.6520353636711,992.8278366042941,1150.078975167578,7035.307655667157
18.59487152,73.76429749,308.1524706811119,2048.315944306157,1250.0057086853908,5483.13729487249
18.68320084,73.81749725,132.14983595071564,5846.510982434767,1087.5284629263979,6452.126136877774
18.63941002,73.78873444,301.58117299380774,1427.924369999798,1868.099470707559,4709.880013641319
18.63287354,73.78612518,117.66548526650173,1520.8497405240091,1150.5623492059003,5093.855389624236
18.62063408,73.73766327,854.0038656101561,2357.280410798226,1581.123618885423,4341.36412552597
18.56999969,73.76999664,421.88791105821156,2508.017852142556,1236.4349163872685,2697.6323852917585
18.5965538,73.77578735,171.98046079871017,1319.1878342188104,1686.9907040695523,5369.997616232146
18.61466026,73.75376129,484.6179885351405,1733.4970875786832,1021.501542608296,5735.073519086761
18.54070091,73.78869629,869.3711836871449,5273.2606800389685,940.1781031043281,988.3165282314931
18.59907341,73.7725296,310.0299829265404,1759.6532087599483,1785.917642624423,5719.728545060236
18.6076107,73.75753021,89.82487271721882,1428.2593238052818,1533.1173203542019,6014.840014022047
18.61255836,73.76641083,231.62761346983896,1939.2329305699022,1359.3263926959999,6453.976738541583
18.59729958,73.78024292,151.683129546088,1128.4157499000528,1249.082594514175,5374.085106047772
18.58364868,73.7646637,577.7813516327416,2134.9284087950628,241.44436093330697,4309.567292385615
18.58914757,73.69488525,606.337813808217,5265.301960461918,1049.9727265821382,1712.4206696254084
18.50756454,73.82968903,38.68663321351501,538.6826510952657,625.9609134668839,2508.595506068456
18.58492851,73.73873138,442.8816397331841,1016.9395066101332,892.1768838193715,4519.801460793834
18.58109283,73.77120972,976.483939804333,1586.0451301461976,548.646744205479,3800.3706430606235
18.5647049,73.77220154,295.6661893156425,2887.0792039092994,1598.4670463588243,2068.1735587581848
18.60397911,73.90257263,2210.1879073312975,5336.7097704201005,710.6532766693872,11471.909155969624
18.59404182,73.89763641,1732.5111986142535,4174.970670434955,994.973460017114,11542.93393915141
18.58354378,73.88654327,1105.7760046141116,3102.948396606031,843.1233423213898,9894.79065578903
18.62777901,73.8061676,153.197729587365,838.924760937623,1400.3081070153594,6927.582781847329
18.45061111,73.92198181,180.61304617639863,3104.979338869493,414.8912240014253,9809.949332911687
18.60302353,73.78948212,648.8654163854334,1335.0465049745503,661.5703407478032,5979.350399491697
18.50691795,73.94322205,737.4453914930123,4409.573191727741,696.5882760577587,11107.165438277163
18.58207512,73.76696014,606.3326103011033,1951.2345720309231,204.26555209745803,4052.978243412835
18.45053673,73.87578583,77.16232164782416,3309.33688017323,1532.110957994881,6568.839359965235
18.45776939,73.86393738,612.4973892763227,4027.03689225027,523.8965313055343,6874.546842713299
18.5498333,73.90530396,589.1220025079864,1221.629283486839,534.6625444446594,9860.98020033265
18.55036545,73.92193604,1221.698350004687,1628.3711896441555,671.2306895003796,9981.556392811082
18.55627823,73.78134155,711.8063469799716,3536.4809039343645,1102.4837152384105,881.9142865444983
18.5635128,73.80041504,974.9082723461053,3198.6017287369204,1015.2359057178187,2158.4155799453792
18.53081322,73.84422302,3.056215893655638,3149.112248723801,291.5159785222061,3100.6109154983114
18.48571968,73.81304169,129.03867670129344,2994.735386505926,208.74214715109767,4436.735942185143
18.56492424,73.91003418,705.6256447498866,1896.661636574437,1408.8085737850238,10707.584818557652
18.56888771,73.90989685,1132.322520062894,2134.682330720915,1682.3570988756233,10640.542183200583
18.55090141,73.91979218,1101.575323070782,1812.2953238155133,528.0928687228073,10168.726431433137
18.51480675,73.81638336,495.7641928285473,2148.3646861383136,1440.4181927948773,1200.8163691342168
18.60547447,73.90895844,1892.257097128374,5646.587311090073,386.03653390587283,10846.000303967743
18.59786987,73.90299988,1601.296453203502,4676.419217176228,1271.1147562679869,11319.34086729373
18.60209465,73.91862488,1047.3520561613348,5667.995253413314,1395.3041260791485,9771.624681242956
18.45765495,73.8639679,615.9113302024177,4028.0661208238107,514.2101000634976,6863.063347539216
18.4468708,73.88508606,555.1075763090544,2957.4034720166687,1498.2449232150614,6738.00339903296
18.47396088,73.90559387,1660.666297971562,774.058871773712,3173.360311100584,10446.331688312737
18.56032944,73.80487061,864.6895850237327,3753.0816167568437,1079.8051710376042,2296.0937266449864
18.56766129,73.80521393,488.2314902082913,3146.3892459582275,663.8833380286407,2841.3425719380157
18.5592804,73.92044067,227.48787544009267,2086.843070388628,1385.549659286142,9797.985875737577
18.55656815,73.95006561,1138.3620506504237,1551.2522682855983,1446.2240158904958,6994.704452203255
18.56566048,73.9217453,429.0387435959304,2433.9842298207504,2104.5768890790123,9484.018751358299
18.57950783,73.98155975,310.94258953871093,5728.669961924038,471.54369548564614,2996.5906639302952
18.59639359,73.78530884,241.71673496113408,943.7353755495442,727.4350949302187,5234.8754060282345
18.59722519,73.77924347,242.9335015808302,1166.061501122104,1354.6132845648037,5379.711307448861
18.67006874,73.70677185,995.251103064276,6414.477585470416,740.0468796567661,2440.883271905988
18.55895615,73.8055954,726.7843512526296,3922.037026174062,940.0277809763297,2285.7212218455875
18.54799652,73.90641785,801.9412888005083,998.5993470319312,594.7630362205948,9920.710348542905
18.57369232,73.8971405,165.65942887264964,1920.7525592338875,1315.5811735682098,10149.052517767966
18.56411362,73.81017303,262.65936077112616,3794.9208574739705,534.8630373307183,2993.8406869868704
18.48459816,73.93573761,1482.8635990501677,4122.210125136369,2284.421110607009,13404.839952408693
18.51024437,73.80846405,340.20888357885013,2722.539070180989,960.7777535200934,1851.0038897373108
18.4975071,73.75083923,492.74032767291885,7654.719120449946,1030.7341116048808,4140.410260601912
18.54081535,73.91834259,1695.348558224085,1116.247586878302,764.5546693406479,10769.346997854127
18.54379272,73.92418671,1240.0435565681976,1528.2135732177837,917.9586251452059,10070.141358691168
18.60192108,73.91272736,1332.70352277001,5397.419116619932,935.2555282835422,10377.843566160225
18.59620094,73.90930176,1150.472555998703,4675.341555877511,1378.5929314428422,10637.124215949465
18.62320328,73.91668701,3392.2248756828494,7769.34784318184,754.2376841740936,10680.683891417653
18.60913658,73.90711212,2327.1707615489777,5992.522530397181,66.56204664169996,11128.878694680718
18.61758995,73.9103241,2964.769481503673,6985.567229448073,483.52884091908567,11075.813956229294
18.60433006,73.91017914,1711.5079885888765,5561.615885554849,560.935658828644,10693.550685956725
18.62314034,73.91410065,3434.2247586265953,7684.266449111324,487.63765752011255,10928.045381165532
18.56085968,73.95453644,1032.391101690859,2205.7601808545837,1496.2584189995646,6363.905259156091
18.55218887,73.94390106,830.0695630134355,750.3023875240777,1070.1525318556821,7794.803590833226
18.55463791,73.94429016,978.3370047791967,925.3028100230849,1303.25147432636,7635.7963990709495
18.60578346,73.91027069,1827.86726175718,5718.78289261471,441.3447657392912,10718.448818243482
18.60787582,73.91117096,1961.9347864409358,5969.097966557364,417.3691600715056,10679.882720235593
18.62409592,73.91689301,3487.6350498124402,7870.51604308935,800.1504148269566,10701.157605774377
18.60551453,73.91033173,1800.5938631016504,5692.113923207499,467.1571441772331,10705.639827151903
18.60538483,73.90778351,1971.4220519125265,5604.355195847442,356.92886119444273,10964.879799726341
18.60411072,73.89910126,2405.9093556782964,5303.924975203412,993.4026904726478,11834.106047710964
18.5937748,73.92818451,700.8903974052819,5013.532191924853,1630.6858907787669,8629.081822076903
18.55358124,73.94746399,1234.7754762531931,1156.5282362800224,1111.4690370303326,7390.269868230358
18.54683685,73.88838959,55.293461374076166,1255.06410309233,808.7401511953419,8056.480151479995
18.54678345,73.88877869,14.325564880798131,1240.4062200730255,810.9719360594895,8093.969939313882
18.57613182,74.00145721,1638.5439027320451,7375.670330899943,2591.687732684072,1264.1779760381435
18.59412384,73.9683609,1485.2612424346912,5938.250117974678,464.9850350168101,4461.977507674461
18.57436371,73.99543762,1189.9533558477538,6715.997074603665,2041.9073695157597,1866.0441587134103
18.57997322,73.9730072,590.1041030577372,5057.3881892264435,488.17107642908877,3878.4247777353594
18.58410645,74.00319672,1738.9073751130159,7933.553030339555,2560.8647049727247,664.6083785507293
18.47959328,73.89612579,557.052922711846,1217.9756045254862,2761.28451482907,9934.364422156072
18.47183418,73.92155457,2127.911344277539,2277.3032821289953,2728.6317422139077,11345.045412446128
18.44636345,73.90672302,308.41457384846655,2645.5526023541556,1825.2714546823995,8256.802262327232
18.4787674,73.88932037,142.9527424172406,1550.0695804084583,3185.759062506499,9376.994534788388
18.47225189,73.9136734,2405.0131925973265,1465.6197081837995,2969.578137511732,10823.619353089707
18.47759056,73.90289307,1296.7893537937066,965.0933211065761,2791.599906536442,10615.463081321475
18.47608566,73.89735413,760.1256537411318,807.3332483882948,3082.7163769575964,10161.126197955486
18.57494926,74.00061035,1609.8153077943057,7241.681723784866,2537.4440467002214,1421.7907460258255
18.59903717,73.76509094,776.2190475814575,2028.5877037065495,1693.0657083179278,5896.990552808019
18.50271416,73.90719604,411.03832753753244,716.6008179630542,102.2091959803546,10012.862642458278
18.55264091,73.94025421,500.2171562203275,461.0973212278182,1330.0622381374594,8115.513339153988
18.50663567,73.77935791,25.618219313749176,5717.707895700442,1322.7044506547734,3572.314564406714
18.53783989,73.7929306,1239.15906689836,5643.960906684712,1486.4737794548919,1449.1637560405748
18.55137062,73.79102325,725.1005737220845,4126.793896362415,1105.248620264798,534.0698870704354
18.51499176,73.77275848,343.0954658010673,6515.816463353347,894.9465006295677,2677.829349373437
18.52359962,73.76025391,1048.5462300805868,7594.824280821165,1814.681735907425,1340.155324618155
18.51931572,73.77245331,367.19622577165194,6650.95072340243,843.188969702734,2213.2355240959855
18.52125931,73.7677536,287.55522784119603,7185.247549050254,1368.7828846211667,2002.7414935661907
18.56209373,73.93202209,120.0501168115106,1505.6426323571748,1621.230535372405,8538.921031769103
18.57366753,73.91217041,1033.755606390984,2670.796309000333,1679.5609979697622,10328.238437886082
18.60580063,73.91000366,1847.1193363049426,5712.396203321123,420.29023309357433,10746.322190526265
18.54833221,73.91746521,1288.635641298755,1436.4405137019442,152.7125509538037,10503.507652938119
18.54968071,73.9012146,530.1844465752002,1061.1504389183394,374.1042007387081,9442.22760030822
18.52282715,73.90229034,1809.157227523168,1862.5217428000728,2237.743034023494,9172.474332055805
18.58809853,73.99346924,915.2174073287181,7305.488195142711,1444.302806893068,1732.4679441347084
18.57222748,73.98094177,1003.5281150293446,5241.638104245339,1062.7844423775816,3306.998191641056
18.55183411,73.96214294,2287.4434500601938,2625.2711869665,1696.8605813661695,6177.230182168697
18.55091286,73.94720459,1140.4290851342366,1049.2869165536608,821.2918568706303,7557.020110529212
18.59058952,73.99626923,1279.1233184292605,7707.148904745125,1632.537638758844,1544.5983385779869
18.58660889,73.99105835,641.2055136983851,7002.558551378626,1314.5676536251485,1954.89108841759
18.58038139,73.9802475,176.5760962815509,5674.914857565187,307.885819474844,3116.5001432318113
18.51744652,73.94339752,1128.659058649589,3624.2823721122345,95.96984516476428,10210.707448203799
18.60054016,73.76419067,934.5654237762728,1923.1355482852168,1871.494501335517,6084.770300506927
18.47910118,73.9103775,2060.668571744456,1533.7829245918467,2637.093911216801,11205.555433428559
18.46179008,73.90258026,1260.039757013914,876.15640451729,2767.5944291718274,9180.801950695803
18.48743439,73.89795685,893.0125524492775,1696.8992833644752,1889.2904990453349,9688.243899989257
18.47274971,73.91949463,2269.677423507497,2078.1263803181114,2857.9399818923644,11271.08902638766
18.48436165,73.90124512,1096.644305490836,1676.9723937774966,2084.1598665579763,10150.791210246332
18.53993797,73.93495178,254.0110240424731,1096.7111989084378,164.29177834592997,9293.210048270235
18.55480385,73.89883423,596.4917593795801,517.9611733046976,107.81917724704437,9383.638953082413
18.54966736,73.96169281,2457.6059557120866,2565.385488275274,1537.7786304259748,6359.787887016076
18.54870605,73.94934082,1362.9506294250573,1266.5676965054927,569.2310246908283,7490.058802808302
18.55762672,73.94908142,981.7131427619963,1528.781938332344,1504.580085205573,7036.786896027829
18.51585007,73.92630005,593.9667125214249,2839.4519628848643,30.222660888097597,11631.943025725224
18.55039978,73.90479279,528.929023490914,1295.6763004456068,452.66112843169003,9826.662076848255
18.55489922,73.92066193,701.5625792091893,1858.4114650944664,945.5151928755373,9926.930696610783
18.56914139,73.90769196,916.7897903423436,1981.1626176642335,1553.8484919313253,10865.360526237644
18.5404644,73.92726135,780.0797680935215,1466.2436556816176,656.346959253809,9958.936566078406
18.55849838,73.92789459,469.4009006415379,1410.2739682425997,1729.1064529634484,9075.63766381562
18.55397606,73.92414856,905.5506105061324,1477.5137599531245,1096.2149245139963,9616.972106378691
18.55164337,73.90484619,390.89583961561436,1241.0019591492162,383.3665648099384,9871.769649183085
18.5428257,73.92774963,872.6143765830063,1257.897915380516,660.3612279179785,9786.867279020804
18.5496006,73.92030334,1254.8258936889915,1750.5907441165489,479.5646264924369,10173.107306958776
18.54795265,73.90604401,802.0014210993768,1000.7572981745201,631.974351280389,9881.340219809053
18.55819511,73.92140961,379.86017521446314,1937.5346183969887,1309.3533928528357,9735.913070180326
18.55865288,73.92147827,330.10546974468156,1957.1380657273462,1358.8870782299998,9713.771654572869
18.47858429,73.91229248,2265.663210714011,1645.6805788581285,2733.6625629663217,11280.863433936498
18.57481003,73.91124725,885.6031501618494,2697.001999503116,1520.2158889226112,10410.813740125508
18.57019615,73.91249847,1175.0056358144134,2439.440527484324,1979.2905349973348,10346.61086828651
18.55356216,73.94377899,873.5972941412205,811.6999544454958,1213.1248303152877,7736.920130807032
18.5473175,73.93548584,287.9147016176272,315.69624543700775,792.9620964534915,8832.121922683911
18.54184914,73.93522644,465.590839087354,883.5129044378867,241.00728432123896,9156.65344769431
18.50792885,73.80702972,54.94589436617718,2822.1618941143247,829.9407360240774,2147.4860579848582
18.50429916,73.80525208,312.05830075556105,2981.7648787751314,776.9431018774713,2592.4535014358476
18.49697113,73.81362152,17.463321274753994,2254.7320045061706,621.5727783703751,3184.1681232858296
18.58989906,73.7726593,65.79815025317245,1256.7796334672562,898.250442570521,4714.075580588308
18.55093956,73.76186371,1034.65360264085,4751.99223343757,1090.936694596676,1801.102724355801
18.62864494,73.80278778,73.52215816576484,551.5156870757661,1447.8639481331797,6602.793731985107
18.55023384,73.95716095,2135.7624299157565,2089.050317404897,1165.7389267795538,6708.391865540687
18.55612564,73.74012756,3018.6769253223733,4027.2897147572585,1337.4491088899347,2843.07254302747
18.59375763,73.99693298,1504.1286490401342,7975.822125788653,1572.4899197767588,1670.5193099843018
18.58408737,73.81674957,1577.3207291406525,3435.9038054296807,770.6259910659485,5014.730533869903
18.58312607,74.00086975,1479.9844364274622,7666.221705040702,2392.7619794792854,922.0703035751253
18.67205238,73.83763885,842.3063187296534,5830.3347641339815,1572.0458505731929,8408.708272487142
18.68013573,73.83243561,250.98819512444453,6212.669266005716,1073.960825934407,7937.332666410436
18.67595482,73.84246063,411.24925841838905,6493.374334785303,1596.8221410781225,8937.851819091426
18.68356895,73.83739471,443.2715982349462,6820.232419233118,1248.377277987796,8513.854660786761
18.67791176,73.83702087,228.79100042402035,6289.015278275236,1575.964188901494,8386.37593951425
18.59660149,73.9058609,1321.9583857641912,4608.511256768683,1250.4550064482928,11002.47880076172
18.60496521,73.91372681,1545.285222433204,5751.1903737226785,788.4899806731934,10343.143094091014
18.60161972,73.903862,1914.821178221625,5103.107949155317,851.350434324398,11291.57926614237
18.60257339,73.90667725,1861.1342339342825,5272.506621021521,668.5144515253819,11017.927043879472
18.57764816,73.88939667,409.7694125817083,2394.115455092,745.7443916790322,9720.65867806517
18.4590683,73.8214798,214.80832550748775,2621.2526963623495,1674.2440147948087,7320.36873109952
18.50859451,73.83171844,32.339185607733796,507.0817093713033,575.325481090319,2557.542308283011
18.56027794,73.94487762,505.89926004342294,1433.782284583996,1134.2981822495478,7326.242648046651
18.51321411,73.78190613,485.92445930272373,5531.473542904024,607.6569513872071,2876.38817845396
18.55815697,73.9512558,1066.9905774545018,1750.9566164723612,1538.666693990525,6804.447595556926
18.55397987,73.95217133,1501.8002954667252,1637.9846687750041,1210.9912788630033,6933.3505540242395
18.5649147,73.77024078,283.94625906047264,2964.717623895092,1550.7705599211092,2193.753943479573
18.48751831,73.80006409,308.252045772455,3995.6120307545757,1271.8849496672078,4526.436530776152
18.59614182,73.73965454,63.80683070389795,701.6934366088361,1293.6027982637468,4196.116026139298
18.56287003,73.75579071,1228.9696685808483,3450.0366826919876,1278.0294303049286,3028.537148746897
18.56068611,73.77831268,589.0348175948322,3098.841034687171,1340.9969139081234,1413.441547435731
18.60161972,73.89728546,2303.5148568645045,5012.673517399754,1305.3370038448672,11975.427552828845
18.65449524,73.90770721,2326.618892905008,10973.524351272627,575.3736848555033,13245.88376954652
18.59800339,73.90225983,1659.4713963120228,4676.380444518505,1287.2617497966492,11398.60377659532
18.59542084,73.90149689,1498.6868586317953,4379.543014960261,1045.3691280750234,11444.612752318371
18.58590889,73.89323425,1260.045170245924,3257.893505605097,870.456051643969,10604.337800614412
18.66266441,73.7066803,1481.5703158651681,7177.059337359648,107.61006609587909,3263.3982409538453
18.65584183,73.73114777,120.27164892250738,6300.63110752759,925.3578823457772,3224.7943585057264
18.65385246,18.65385246,5761191.113896783,5771456.386387891,5763543.19719337,5770314.76577339
18.58509636,73.99692535,1128.8226724086396,7420.323565935348,1923.1697453113702,1324.7297233485751
18.54423332,73.90419006,1059.5512239040038,689.7493451424799,856.9051040989461,9594.502703508002
18.47061157,73.823349,273.5101601942401,3590.7306780439158,843.5553086926367,6168.13503752923
18.46989632,73.83023834,961.6831148455218,3848.979641867642,158.73514759309344,6385.834347073038
18.57373619,73.97103882,665.806742302213,4455.0531793082355,840.0936263444039,4227.601483652095
18.5841217,74.02622223,129.8623836791099,10125.814521689765,2596.6739309416457,1765.04084207739
18.58424377,74.003685,1792.2412249564447,7985.9801585506,2601.3729656481933,612.196632932376
18.57411385,73.97853088,765.6158386285596,5129.000799351855,795.6018599937188,3463.7062595634006
18.58773422,73.98551178,162.04418353718427,6618.62538285605,815.4325734594686,2550.634605501936
18.58896446,73.98583984,302.7214892913343,6733.4318102831085,729.5893986537818,2539.0597141624717
18.59073067,74.00737,2248.330931989389,8685.86158523771,2453.095794328106,719.159405412928
18.58279419,73.97045135,703.782686331399,5083.95899786742,599.1094398105417,4118.576420948904
18.58697319,74.00184631,1687.8589202862463,7971.044780444878,2309.0727504343654,847.654450070263
18.58126259,73.98873901,189.88961862205883,6463.796867235578,1189.2793285802763,2217.241857550438
18.58864784,73.98957062,546.2844837862751,7014.665029199722,1055.6784124204507,2146.800331875301
18.58438492,73.99645233,1055.139618236893,7336.097746890939,1922.1283999256202,1373.519562985543
18.59365273,74.00461578,2222.4135396087045,8621.209314235484,2018.543995180746,1131.6621100846864
18.57670975,73.99583435,1073.129635878531,6864.871424382176,2000.319377207614,1683.8491556523168
18.57443619,73.98206329,751.2448342081055,5465.761752849965,894.8914692821714,3102.3382458255783
18.58604813,73.98841095,363.35051197329636,6741.250161608777,1151.882335854136,2226.8547808322064
18.5717144,73.97583771,1073.1621191013085,4747.208358571414,804.9766551685933,3823.9164731282394
18.57386971,73.978302,793.4082537186368,5094.131607783028,819.5054050998154,3495.5953338889285
18.5781498,74.00430298,1865.2383432527226,7740.8798026810855,2849.9029817957803,899.672021509395
18.57419014,73.99902344,1505.3682916951543,7054.751586423564,2403.0393456354554,1596.9407188424057
18.58679199,73.99843597,1350.737224938487,7655.875438033168,1980.9452248728076,1189.9460083091049
18.58333015,73.98332977,203.81615959808954,6132.242625956262,663.0509325415601,2759.93531421094
18.57564735,73.98487854,568.2120851068927,5789.931458666477,996.3796402145474,2777.0000766054045
18.57562256,73.95863342,452.47259458849527,3666.7616584191724,1256.8649831580535,5451.255156238911
18.57318115,73.97950745,873.4937359742449,5162.820993282195,917.0649837460919,3404.1889352545263
18.58149719,73.97528839,302.009076103222,5349.5672044483445,230.8646058511843,3620.2605086932203
18.57175446,73.97624207,1057.9857206190707,4785.977220521441,836.3978648560833,3782.743588869835
18.54603577,73.90991211,1121.8127952378834,796.7900223184789,221.286556084341,10226.996525577224
18.60182762,73.9128952,1313.1869396630714,5394.12146823848,954.3504819228438,10358.536928692407
18.56046677,73.77961731,481.21284891354657,3097.3514054688276,1221.741777779291,1362.6179679446286
18.46665955,73.89189148,260.8028504321947,917.3611357009613,3507.1659363176673,8966.359939321468
18.59469986,73.99736023,1600.3299210722798,8076.046622312812,1498.168582882261,1702.448844986528
18.60276604,73.92597961,1180.2418366751494,6039.4612882561205,982.2990514054447,9029.781836666536
18.59248543,73.75439453,80.5846755352934,1017.6421392299932,1629.853880616181,5681.090908822882
18.45780182,73.83157349,127.37127753308535,3526.8400309710664,1452.8854029105244,6856.828298087494
18.59466934,73.76006317,252.28230217127037,1639.5679496840564,1398.475555388188,5626.239119330174
18.56652641,73.73932648,2189.8715685341895,2898.117796498263,1081.4963559466564,3870.956622900904
18.56813431,73.75982666,594.8451393050274,3100.6831483023484,651.6549982305413,3175.0051549099285
18.54776955,73.94429016,854.1871080240269,756.6547510897439,643.2939975488172,7998.5145971875145
18.50765991,73.80805969,123.17234593682653,2710.4766753220824,736.9040510835212,2133.3814617337466
18.58561516,73.97576141,260.96495088586875,5699.40778693059,118.3828852201773,3555.9474859623456
18.46996117,73.83074188,1005.2578151986891,3837.365066013864,118.91924131487625,6392.129174194126
18.57700348,73.98805237,503.4311010763514,6155.091101260423,1210.2825305476947,2410.758303456683
18.58497429,73.96444702,979.3584958947946,4866.563967253877,51.90129828128333,4746.792156219026
18.5765667,73.97870636,492.9033099151343,5294.582538276346,531.3568834043645,3363.967851791104
18.55859184,73.95002747,969.0948228746167,1672.805437313375,1439.664968970804,6901.057011220048
18.58422279,73.98563385,248.17695244637247,6385.365793957514,925.3503311969221,2513.8947104627873
18.57388115,73.97631073,827.965050788806,4918.25939146898,822.2656829336945,3693.198766221923
18.58726883,74.00492096,2003.3796347603734,8265.79000265486,2607.9758489502756,566.1083992858621
18.59058762,73.99630737,1282.7859840887957,7710.263225217053,1636.5066955133948,1540.8835010363382
18.59023857,73.99723816,1361.7910588958714,7766.86881802465,1740.7823012924243,1435.6754755037564
18.5771904,74.00457764,1916.9586065993506,7724.209611048031,2893.149476046457,970.8747833240425
18.55730438,73.95034027,1094.6153384075155,1618.5056285638057,1530.894750333548,6932.577917313906
18.54139328,73.94002533,736.9198464503036,947.8256496777706,697.3424178061979,8755.895191924768
18.45851326,73.78095245,988.3148410441936,2395.6920741648987,1296.3877504592397,8290.500376549859
18.55807495,73.8818512,641.2782584660654,1323.459896145389,451.7853081049898,7888.966033293282
18.57694817,73.88828278,397.5709142517933,2347.2252833092393,625.9399830545105,9579.994056482194
18.57639122,73.88925171,288.34979730807754,2261.4225952431552,731.9954594710732,9625.685442508222
18.5695076,73.87902832,47.20388122168976,2155.6741058205303,912.6653632039681,8303.994794282607
18.64721489,73.74228668,551.9115618866583,5159.770104802261,932.7562131025932,3020.379774890511
18.44367027,73.86656189,574.5550505950006,4545.964538719786,1220.8297043567688,5469.72202975109
18.59469795,73.74652863,443.70790122344755,346.51010445521825,1454.3980570924355,4938.024693794104
18.60207939,73.75001526,146.31086352075206,446.98887238815286,943.9113419297564,5208.668735095499
18.65756989,73.73680878,507.15930351561536,6369.955006782599,1274.683119835761,2613.5977287721857
18.57556343,73.8839035,272.5588510281634,2374.293521767213,236.06309064175966,9118.89775099629
18.57361412,73.87996674,79.16327704361818,2419.5753272173874,460.63739512999217,8658.212612426189
18.57403183,73.88536835,79.56108348907101,2152.6969597840366,465.87799418014356,9140.352012132884
18.57470322,73.88276672,161.19982929129867,2349.669264150532,268.9673778187041,8965.607497811125
18.57511902,73.8852005,186.50869413015175,2269.4252884511657,372.1641287722794,9197.962008097891
18.59029579,73.90916443,540.1016539078912,4057.809048717898,907.2690702707584,10592.093953900525
18.66067314,73.72764587,181.68317839760078,6916.098878827934,1504.1570141541015,3347.2075041864423
18.58792686,73.98773193,337.96057959611636,6813.148747279905,951.9969587362589,2322.419102723162
18.5858593,73.98474121,61.795061618208194,6423.461710794438,926.5715713854289,2611.5198007893364
18.66183472,73.74171448,365.66712437037626,6785.656170118668,1952.0964528815985,1928.2354681652798
18.45633507,73.83314514,206.8997835222682,3633.142190369469,1626.9206469526168,6659.47051941976
18.57500267,73.9759903,721.977458168495,4960.214761871932,705.7616726402531,3687.2413088694943
18.44856834,73.90751648,70.7943691200788,2435.358788294197,1742.7068825561116,8481.036486054647
18.47699928,73.88762665,279.91572437555135,1570.7458526133428,3448.9056472519887,9341.233517473078
18.48027992,73.89520264,459.02288036121286,1324.9104188663498,2731.144028085051,9811.608109870225
18.4516468,73.89151764,24.08430908447057,2164.529021000364,2138.5500769067917,7570.911646939273
18.46228218,73.90461731,1389.6112709957945,914.5735851201526,2629.309187986021,9360.379367950154
18.47689629,73.89581299,581.5154560474423,957.6093423735213,3051.7918388951007,10064.168827658365
18.47092438,73.90032196,1191.0701685782224,179.85097710526054,3565.5686062285336,9849.411869226007
18.49569893,73.90390015,1214.1600575678638,847.1357244696502,795.2080719107485,9910.700313367484
18.45889854,73.78898621,849.4564311032593,1771.700389257404,2070.150388119571,7916.357379506483
18.59346771,73.89509583,1832.9073458928453,4097.242009524182,1090.2261096432967,11300.296689027446
18.46117973,73.81863403,212.53478339635203,2509.139288806374,1719.5162720620851,7167.245108425018
18.53134727,73.89892578,1595.6644563729205,1282.4153615074142,1226.215798914412,8835.938566163435
18.58208084,73.77269745,884.7989401243589,1395.891120371324,640.3111411920232,3864.9479277656596
18.51068687,73.79370117,286.6685370441627,4258.008718394031,1648.906322792942,2817.9995782855954
18.50981522,73.80860138,304.8232660451158,2697.376001711878,911.4706116713821,1889.5095559449971
18.45884514,73.82816315,240.76685057841235,3236.54268737188,1378.0971280106965,7063.988887769028
18.57123566,73.97721863,1095.57880613822,4845.446439729468,870.4336513345695,3710.312008819057
18.58435822,73.97000122,749.6194619725344,5180.193618614211,514.9940493389919,4161.278787989234
18.5711174,73.97442627,1117.3832935350604,4585.645666261592,662.0969206410712,3986.7255072964044
18.58368492,74.00031281,1431.4336686605727,7645.6735700134805,2311.1107906238317,971.588579517226
18.57239532,73.98386383,932.2742312944345,5522.170769670569,1189.0470188034014,3021.1228994058956
18.5932312,73.96865082,1388.8511431094826,5872.74251748426,403.87413776384085,4409.605711743709
18.57432747,73.97636414,778.926645349834,4950.4223991273975,772.3502239106662,3672.1551888843505
18.5842247,74.00370789,1794.2459221751433,7987.068527388376,2604.4411251503757,609.9227124365153
18.58070755,73.96819305,587.407432182083,4751.872189744047,622.4700221140076,4373.087718319099
18.57534027,73.95858765,423.5141704971121,3639.010791883799,1286.2760698597274,5461.820530319692
18.58084106,73.98760986,94.76767584690535,6338.542168989998,1070.9737098324072,2342.5439605861548
18.57692719,73.96950531,452.3075947973475,4556.45842289654,963.0570502006859,4298.652807151833
18.57847023,73.97673798,343.98298956807,5252.055317251898,312.37608996755785,3517.484173003476
18.57697678,73.98103333,510.25266829594364,5523.3238570524345,601.910011129053,3115.4574583958724
18.57815933,74.00416565,1850.835145803849,7728.122009197883,2835.405101671683,907.694125942155
18.58467102,73.9986496,1285.7396053678804,7550.156415365742,2104.6409515841347,1141.8048188604507
18.57999992,74.0,1384.9947308459666,7421.360829438723,2379.8767229607447,1121.7683069422717
18.58992004,74.00083923,1717.5437098865555,8058.570406043674,2119.0695519257933,1087.3471134466947
18.59166145,74.00128174,1816.1810187269568,8206.285503882744,2000.3676624188236,1169.1585880289947
18.59178925,74.00141907,1834.499979954637,8226.281250320819,1996.6737571391452,1168.2034686358643
18.65761757,73.90355682,1792.4621011177828,11188.347915499053,465.1579820496371,13803.689042470412
18.57193756,73.97954559,1011.5571206728821,5097.304079709275,1052.7852780082349,3454.400046617109
18.57724953,73.97581482,510.98781048266807,5092.223022372543,471.66442478067137,3640.980920331252
18.56040573,73.80667114,758.5884448919855,3858.5440194879247,1056.3118681137598,2463.0238983843265
18.56575203,73.80490875,655.6095008086421,3280.6569960815546,762.6708835426947,2669.5375983822246
18.57439423,73.77763367,956.6121911572278,1667.7332695369653,849.3833011254153,2925.245788960737
18.56247902,73.80609131,728.8621284491671,3639.525835598619,896.7837994760303,2535.856868757512
18.56554604,73.81208801,36.64473972538496,3836.605982856914,366.9275180106149,3250.0792333683253
18.56630898,73.80373383,704.2909946594506,3152.9183924229173,853.5872395825666,2624.7888911584296
18.47638512,73.89437866,451.1125915314966,992.4413022913715,3161.681160578175,9968.053474585544
18.48082352,73.89649963,601.8177076682935,1335.3175414470693,2619.9387827967507,9898.713205228622
18.46115112,73.90406036,1250.8021738498487,998.4178643902325,2599.3344082108074,9226.47619880846
18.45915031,73.90910339,1044.2023430157856,1474.7135753921684,2042.6083978783704,9418.10210904029
18.58878899,74.00847626,2070.3413803452836,8674.559486252932,2695.3179788752545,479.78845302002105
18.59477615,73.89426422,2002.7071935178494,4241.906095814448,1258.0385096998702,11333.501337412215
18.55526924,73.87619781,411.0373324659996,1915.5655568377147,130.38193996633225,7216.312410353652
18.58359337,73.88674164,1112.5935948334572,3102.8236739757494,858.9172736171168,9914.249816083004
18.57525063,73.87471008,254.08217145664216,2925.3525404382826,830.3934054401307,8348.567148338123
18.59564972,73.89535522,2030.665494734349,4340.429873993585,1269.2515849727552,11483.871330103408
18.59625244,73.90005493,1672.9433082643068,4447.4299210254785,1152.528375490893,11605.699792750745
18.5941391,73.89772797,1729.7506655293357,4186.568343094418,1000.4691734313192,11557.321584435487
18.59844017,73.9008255,1791.9816596256521,4699.7218592631025,1314.560819055568,11554.849428517455
18.59778595,73.90550995,1455.789243945276,4726.295117145489,1212.2445098609253,11055.875624213371
18.60829544,73.91072083,2026.80605183323,5999.811684498225,364.14738884458166,10737.262570597662
18.57992744,73.88175201,600.941738835331,2909.5122414797365,321.76959063307197,9249.729316066343
18.57937622,73.88542175,643.4777263054763,2697.546329884863,412.042062753129,9507.184401723327
18.55588722,73.88839722,213.64539178479077,629.0202121308296,220.28408762870697,8407.76803330643
18.58148193,73.89109802,813.0455807576805,2784.352278373536,1043.810279870146,10121.366951038945
18.59719658,73.90261078,1565.883344008504,4595.0434620247925,1244.9594100140303,11350.525890646722
18.57397652,73.87448883,279.1307439521849,2843.9348355782913,897.5707734073665,8237.836494158237
18.54798126,73.90657806,806.2517538746973,994.4070341269262,577.9718256410976,9936.633354823372
18.62452126,73.91722107,3530.2579353785495,7926.073280135875,848.2358014559467,10689.196041231085
18.64663315,73.87836456,224.8359362888625,8334.371091877145,940.0503415517735,12960.620035945978
18.59919357,73.89832306,2031.5153763188107,4751.931997207812,1405.2377302766072,11827.475297675794
18.60057259,73.90563202,1732.5601207651082,5029.96906284577,904.7565444004571,11088.489890559658
18.61605072,73.90641785,2998.5005690944245,6729.56706798346,734.2058783156688,11411.434165067192
18.59597397,73.90444946,1340.9622534999312,4503.6574594844815,1140.222710418332,11142.01841843438
18.46316719,73.8886261,124.7464987223862,1392.380972847752,3040.2251490670897,8455.607735603524
18.47255516,73.91059113,2210.272655212702,1160.9859169653323,3133.5636214248043,10642.599207001671
18.47187042,73.90218353,1372.005527601642,357.32114724355415,3432.0099881773453,10047.957059925116
18.44705772,73.89079285,193.3915410380668,2663.752624889551,1632.6122640774647,7126.213238367169
18.47802925,73.90692902,1708.618998764004,1205.4791051249542,2721.1391792980116,10896.05416260339
18.47956276,73.89037323,61.92170627880939,1534.811186544618,3050.5734936802437,9421.236416912941
18.49671173,73.90116119,1087.795391935717,652.4525606901891,837.7117548738191,9600.837629897527
18.5670414,73.95563507,494.9127512065277,2738.971223226758,1223.558301424315,6001.378493186498
18.57197189,73.98031616,1018.1198614735192,5170.16223904199,1069.061050449692,3378.7876513757737
18.56955719,73.97392273,1172.7546645250527,4451.252133667372,491.4792457434034,4103.495992787105
18.58507729,73.97621155,185.31372558546212,5691.51603704992,183.66006890953864,3507.0841335836903
18.58956146,73.96814728,1149.16163147823,5508.454003260557,525.8781226482121,4391.597571869076
18.58762932,73.98764801,314.2955454885312,6785.557603822497,968.6918667327924,2326.100999378984
18.51283836,73.81687927,271.9493054344205,1992.2489983099342,1251.979362418896,1423.9194221132045
18.46862984,73.82598114,624.39956100282,3635.992623798817,617.7379328014973,6429.0813243965995
18.46670341,73.90796661,1892.2018246694515,876.5835629466715,2731.7390784379345,9963.994853785642
18.45936012,73.92002869,836.140709410563,2373.304796006969,1393.6272962484381,10264.65130453236
18.45446014,73.9148407,436.4329011214374,2266.759002043752,1243.945338046189,9493.760000712511
18.46157646,73.81690979,259.37171808082456,2400.1127349046237,1839.6283781293541,7116.635577813218
18.47803879,73.90595245,1606.3831510244352,1148.0605106203493,2719.3382752971256,10837.834338660623
18.5617733,73.80363464,940.9992790009344,3546.847305507152,1130.1563898643942,2280.6310099287766
18.45470619,73.91233826,503.4315531859484,2073.3846396085764,1473.2099229057492,9315.920247345952
18.47583008,73.90903473,1971.8017409164704,1186.2738905942642,2979.2016213863667,10829.239938112043
18.5940876,73.89762878,1735.7937282508205,4179.975924129725,999.8926048814644,11545.687587273436
18.56651688,73.77545929,103.12011839615316,2562.9707192288315,1200.3279223548043,2119.514682317621
18.56700897,73.88340759,494.1993351164437,1629.0925416687435,1126.4197417783435,8528.254140996947
18.46117592,73.92504883,892.3856522050197,2780.1889660648344,1535.3941289547433,10796.308651070925
18.46324921,73.90236664,1298.6354633950232,714.9838620534584,2882.224484684355,9292.65571039515
18.59069443,74.00778961,2205.491780180899,8721.355930600168,2483.715428784158,702.8209325861811
18.5822506,73.98009491,89.66796941203518,5790.366525306384,301.8898294475789,3108.202772603411
18.589571,74.00563812,2168.9715715058896,8462.787572610812,2452.4679619263884,687.068520357026
18.60354996,73.79156494,711.7829560600728,1381.518936831448,662.6121934668018,6053.439075812361
18.57644653,73.99585724,1089.7772570233874,6854.2128739566215,2010.1476517076253,1697.2054780006551
18.57381821,74.0247345,1134.0674926568367,9598.118052309008,1749.9896666153652,2004.1056544579283
18.57906532,73.98636627,262.4214423319111,6121.2816506587,968.5983495551724,2512.427579603522
18.58748817,73.98136902,400.47206158833126,6271.551697071778,595.0242894617292,2980.6325710690426
18.57734871,73.97943115,413.1348193588026,5406.909082078358,475.7722916662877,3267.881879186396
18.57951927,73.9798584,204.6767308012382,5584.5444239014305,314.47470808418126,3172.657436895122
18.56855774,74.02105713,1779.106570162049,9072.985624248024,1773.0620609922019,2159.3444611292207
18.57061577,74.01682281,1831.7239751983907,8698.377907299493,2271.7610974839395,1734.9078388284868
18.58987427,74.01211548,1748.2991949627092,9067.189391709911,2813.4716110587456,650.7281009748096
18.57258797,73.97939301,938.1535155339873,5119.102889710751,978.6989532150737,3440.416798866441
18.58554268,73.96858215,919.8146913238593,5183.116921213354,398.93285103823183,4312.081748738492
18.57940483,73.98042297,253.4960763622794,5624.8736968848725,370.78531490422154,3116.4405181475113
18.59541512,74.00424957,2266.44032908289,8702.879678505924,1841.2067071318347,1324.9557536692232
18.57914352,73.9861908,243.41953902484462,6110.3603123594685,948.5466925630665,2528.2723016003984
18.5826931,73.98444366,157.45979640644507,6182.94423728658,755.1098792643409,2647.36855764093
18.5749855,73.98157501,715.8768519743708,5452.892495219973,815.720187288844,3128.979960059134
18.58453369,73.97467041,272.5257395627148,5533.0875786819815,266.1029912695466,3669.0900118001523
18.58821678,73.98162842,408.7566868771928,6346.425346079035,622.0310552503415,2963.411778421314
18.57999992,73.97000122,652.4182511120873,4828.69962559941,796.8598862040778,4192.319243252771
18.57760048,73.98139954,472.8214502726274,5593.927591258286,576.7430490550338,3059.997986691952
18.57983208,73.98499298,110.00169329928023,6046.696484790232,808.7777932144606,2634.6173459825136
18.58306694,73.99835968,1217.0905328771619,7432.99010771965,2170.5802593886433,1184.3483362660877
18.45947075,73.82883453,324.1335428004529,3329.7325316606816,1294.4268502667044,7110.882163143212
18.57084465,74.02423859,1467.748743510482,9459.849349306063,1586.2670893065736,2179.883658926487
18.58865738,74.00753784,2161.8847162330217,8581.798566571113,2648.7246138501746,497.4720254899129
18.57561302,73.98685455,618.4230944590269,5969.193724822379,1169.0898957035477,2585.0554580266994
18.6112957,73.9065094,2554.983337275685,6213.223173045341,314.9041883612565,11251.391044968404
18.56959343,73.95823669,349.377867903181,3133.570413242429,1388.891802229806,5652.631405290444
18.58231926,73.97055054,702.3965607951845,5052.908985896798,634.9282327902059,4111.032332976101
18.58146095,73.97018433,764.6553060478187,4957.47520965233,709.1756382827248,4156.444607937334
18.43399429,73.89771271,367.3150003956096,3936.021006846196,1113.7573002790155,6653.238123419528
18.47662735,73.89476013,480.4617702306214,990.3776466836742,3121.124339525035,9987.005609959047
18.47709084,73.89068604,72.88478615672234,1318.4021006223902,3267.08172857513,9600.568475173473
18.45152092,73.91368866,160.79262648892032,2441.829495625972,1179.3038166207964,9187.941787849457
18.48399353,73.89331818,285.7475559073931,1782.8212295871838,2468.2998254697504,9432.454021088752
18.47415924,73.88709259,275.5663310355212,1476.2081501502137,3459.5974757386084,9451.256347944358
18.44964409,73.91627502,110.13589056324068,2772.540817199621,851.2826535688476,9266.657018833223
18.44812012,73.91139984,206.50636452598602,2640.0386878386385,1330.6579759227777,8760.042546165563
18.46458817,73.90461731,1555.7874880069887,707.8113915316743,2797.742009291809,9557.649125138163
18.4684639,73.9065094,1815.5171304268486,679.9466569549037,2980.6195915307007,10018.414653903441
18.63632393,73.73783875,284.7990416072429,4026.024775247502,1189.6509263388389,4299.979528829287
18.63556671,73.74836731,258.94767384526426,3858.5510201581246,589.3932900880283,3960.111169049873
18.65150261,73.73059845,329.8210143105008,5850.107891284667,444.5794562609674,3533.217624122016
18.61967087,73.73614502,1035.1355605166923,2324.679766747062,1549.12640822499,4150.735302035622
18.65536118,73.73098755,162.90525355032176,6253.097002834768,871.7548988342646,3265.8913196798894
18.62993813,73.74118805,163.03680829606952,3263.0145471784354,1414.137848598662,4791.008239508079
18.63296509,73.73641205,486.3500845873921,3699.8752275529414,1509.3178269756593,4699.495291895415
18.66231918,73.73183441,169.55468819846374,6984.975009287335,1647.8756410354054,2871.1476304792113
18.65595818,73.74341583,529.9915030923794,6123.354358587869,1610.9119677553936,2181.533175553277
18.50799751,73.79019165,81.45123138615801,4587.536077589581,1557.7086466200208,3293.2219682253217
18.67046165,73.91018677,1379.7763950609476,12273.330231262056,2049.622843775767,14165.563482390307
18.64643288,73.90383148,2223.6156156288093,10036.126024176569,812.476021644798,13086.284805217801
18.62338638,73.91491699,3443.352478799333,7734.315051303459,577.888793955838,10859.801144521985
18.65023804,73.90292358,1970.6893011441564,10448.462251708754,379.00226915090394,13393.525893074882
18.56515121,73.73178864,2193.185612714539,3290.9967543017906,1421.2008638460857,4174.4360764220055
18.5845089,73.98793793,359.6812489905206,6599.243052205567,1164.6123479611902,2270.749118272181
18.58879852,74.0082016,2098.4900857723965,8650.08789475025,2677.090762752882,488.0249770892677
18.59157944,74.00972748,2055.5774171015523,8946.888018015792,2513.7002983998786,778.6300002953195
18.58209229,73.98880005,209.59929446847383,6519.95175793504,1199.8341181480014,2197.379605081636
18.51088142,73.79834747,390.813090983835,3779.742744694676,1750.345404021893,2423.7405364277106
18.57256317,73.87550354,248.40416888258585,2659.094654449606,879.4363566298472,8218.286875348485
18.57143784,73.87939453,85.58432219896774,2277.02722548698,701.1712356089034,8462.827414997108
18.58092308,73.89482117,681.5317073817636,2702.042849928219,818.0470185632988,10396.92611876881
18.5149498,73.83454895,462.03145959529996,1181.3199580309013,1206.1236222910052,2343.8666823098747
18.46218872,73.89093018,88.26350941613707,1252.5862157212946,3235.2275741156386,8491.627332157499
18.48478889,73.88598633,324.05785414925595,2276.6371582968964,2905.8280319277665,8720.39100402922
18.47962189,73.87554169,274.3298308504017,2834.6152609857772,2293.855411664473,8148.0444108783095
18.60529327,73.79563141,818.5660102371016,1513.0681163762756,932.0978938940763,6298.104724853934
18.6053772,73.78423309,460.2178935231827,977.5400971969268,1196.3579231168183,6236.786011151206
18.56686211,73.91378021,785.5830976916881,2346.480261993446,1857.410995883046,10277.841529702597
18.59337234,73.78913879,230.51882358633188,782.5985692106794,564.7963645642059,4905.838595189491
18.59155273,73.79750061,732.8609554032215,1437.1427510214537,455.1396067425778,4837.86308697344
18.60398483,73.79550934,684.3791747675876,1602.4744074269695,794.983484986397,6152.37372021699
18.58561516,73.78372955,294.97410609768474,269.17903864672064,1524.7175826894477,4045.1040937573025
18.57858658,73.78323364,1072.5468016443256,1048.4282678809761,765.4058981737844,3270.961944115346
18.5911026,73.80147552,708.1706125568304,1832.941821623274,273.03406513114055,4908.15993968961
18.58532906,73.73147583,58.64902686209765,1587.4317392000014,1213.4909015224428,3832.392721845954
18.54757309,73.78919983,1158.6155349235833,4518.029523655267,771.2752854014046,350.43092343486256
18.59355545,73.79978943,480.8268778567047,1737.076745425041,540.1341829014399,5115.319787714952
18.55934334,73.77848816,651.001057162188,3241.4475805098928,1381.788744072223,1264.2034353547958
18.56982231,73.77074432,494.4194969381891,2477.1217786260927,1317.1486768777747,2645.182305747847
18.59325409,73.79299927,468.0607988599027,1080.8693948761095,493.9298161403419,4933.1389927895525
18.5945282,73.90215302,1380.379849322683,4294.584767353083,946.138025994547,11365.789131507805
18.59800529,73.78526306,328.3287609841989,1121.7799161509902,720.8620395847569,5414.151695980261
18.59511375,73.78903961,79.51317179831162,934.422825620408,424.89847200550537,5098.587761573019
18.59943199,73.75384521,47.27766956735199,849.109095407617,1443.245179444751,5628.46981109795
18.57000542,73.72183228,1426.0143862931445,3443.5017400262095,1888.9252381380375,4349.769226392914
18.61136818,73.76685333,157.20432941603175,1909.7777179491454,1363.1575927431145,6591.596367243213
18.59943962,73.76737213,775.9439813262038,2203.363617956368,1727.199806573026,5874.079388124405
18.56265259,73.83485413,64.4272117511463,6015.610485098193,342.3523165043938,4608.9940233581265
18.59465599,73.75798798,172.2974456293076,1424.4841061697982,1522.1506554737434,5716.434034539263
18.59365082,73.77416992,82.60709589072498,1251.2074586942033,1324.274431688163,5095.3629710755695
18.59486961,73.79818726,358.45138664197634,1643.7433652664208,711.2132366357322,5213.285229706459
18.59448242,73.77145386,229.49690198182572,1546.227052274721,1268.0983515198743,5238.854523320542
18.59266281,73.80107117,545.7485059188679,1832.9936301606035,434.9816813289949,5059.5042153578515
18.59954453,73.79097748,263.06581325231855,1463.5692572413946,244.83715486140562,5604.349714829324
18.60111618,73.7845993,459.3646154934794,1449.977794437917,880.4079654997369,5761.910891513238
18.60369873,73.7612381,673.7258171214141,1640.3408556737752,1965.71807512586,6388.78234884177
18.58527374,73.78078461,357.3879524673248,483.8918308742863,1467.2613566530383,4041.2322710266058
18.60396385,73.77526093,157.5449615169285,1510.3882993227671,1422.4378455351607,6188.470607378011
18.60084724,73.78998566,402.1270172375467,1550.0498071783109,422.65391208208996,5740.93362135802
18.59864235,73.77244568,277.27339613277115,1732.7217664152276,1737.76865177914,5673.956851436734
18.59202576,73.75017548,144.34942856863543,572.0107335918923,1863.7770451027159,5378.23270596726
18.60471535,73.75894165,419.6788612328752,1432.2658706534282,1706.696074943873,6148.079927536012
18.60311699,73.76626587,776.5280605857073,2154.915840321998,1967.8739661700047,6299.195522850413
18.59090233,73.77270508,75.70779219138038,1276.0765201291376,986.749951868429,4822.526556929362
18.59311485,73.79576874,503.46571787607473,1328.2310259481499,632.7006137204206,4967.274822332749
18.60084724,73.75977325,573.5693153892743,1457.116749199678,1910.8286920915925,6241.727650570982
18.53078842,73.84418488,7.700789920698922,3145.098867054381,286.6401719515913,3096.1431217459626
18.58324623,73.78445435,540.9849894407555,523.0276553770138,1255.542577757801,3777.395012365583
18.5494709,73.79029846,924.5325039393922,4323.505140121641,942.5409582939163,407.24430261127304
18.59047699,73.77888489,75.8930119954539,646.1203117996952,1455.4846072764337,4644.377249361836
18.59000015,73.79000092,212.41720459897704,632.2928518336191,874.55806803871,4538.166796026877
18.6017971,73.78448486,483.4892382016847,1374.4462099433238,926.846470006589,5837.996397067886
18.57963943,73.88426208,694.0989031591628,2769.4294154721056,348.1553338520635,9431.133866209138
18.57247734,73.8839798,130.35264668131938,2071.8097172252837,540.9362749652087,8920.391326851879
18.55545616,73.7770462,631.1157780298247,3695.440441464114,1111.588483406997,921.5596027650665
18.59686661,73.80332184,49.92526006539489,2226.6056515826576,942.8004244651769,5577.63249978479
18.59784889,73.89923859,1857.4865873786596,4612.884083417987,1342.8262415019767,11712.181171110737
18.5832901,73.99875641,1262.3029980360275,7481.610462618793,2192.3163447995676,1139.5829768600126
18.57680321,73.97979736,480.63776402059415,5404.357646231983,547.2652509446941,3246.120835117715
18.58331299,73.97669983,52.19359209355035,5595.132804173252,248.52141754788357,3458.0798390884183
18.59247398,74.00771332,2290.002292027563,8820.01240739475,2313.990936883338,897.2609050672048
18.58881569,73.98297882,344.41788097336075,6496.3891092708,585.9354042832696,2832.7844384527657
18.57365417,73.98553467,795.2227887393565,5743.1081542499205,1195.1474574033227,2801.31272392407
18.57759857,73.95838928,640.0451114017985,3827.977467194474,1090.670205371714,5440.851784019401
18.59203529,74.00263214,1964.3046332360743,8347.011252794393,2049.629498848005,1099.2461686592753
18.55283928,73.78160858,991.4178969035103,3915.2133780843988,720.3012910222817,499.30984225237876
18.55163956,73.76681519,528.434420776445,4442.867808450807,1615.3798849965322,1595.1720165780066
18.54817772,73.90387726,787.7886245388509,1092.279809993853,594.3986490914392,9666.925163186615
18.55545998,73.89746094,608.8650797932708,356.3407151212075,216.77122169596814,9273.856872119588
18.56743622,73.91110229,931.052028867935,2139.2757714080158,1665.6069360753172,10543.256808906077
18.54533958,73.90512085,1074.5765831291394,750.5536928486497,729.564524853219,9717.40127573556
18.56534004,73.92069244,393.76280646802,2485.0343145881006,2042.7033937891006,9600.145891439319
18.56401825,73.92030334,259.09544206618216,2413.744713720671,1890.2954716810834,9673.84714215711
18.56255913,73.91382599,319.0259889956005,2160.055092575342,1656.5202449483822,10375.625241754067
18.59721375,73.90261841,1566.8877542753235,4597.070857896715,1246.9178092660236,11349.963479462212
18.56696129,73.90786743,992.8259162131623,1833.4912786425791,1379.7304547987778,10785.958010182598
18.54532242,73.91433716,1426.3277495339476,966.6032380673139,299.86459123779395,10665.709822397288
18.56258011,73.91376495,323.5370080727324,2154.644254688277,1651.1336438795347,10381.326835220341
18.60349274,73.74594879,253.24011511750987,283.6516356673669,529.6068673214635,4777.511063279906
18.59696388,73.76154327,503.1991910343528,1702.1112959553727,1558.6853136384577,5802.217054875078
18.60221672,73.75718689,362.1369069684305,1192.959863130544,1601.3826940496517,5963.719962915912
18.58971024,73.99659729,1279.6026941746152,7677.750324807737,1689.900429451309,1472.9557765895088
18.59135246,73.97054291,1100.9152233811296,5818.776736399279,217.55062173673238,4172.529685480752
18.54676819,73.90420532,917.9636974563513,934.8834061251878,751.9985952850706,9660.913420886849
18.54416656,73.89861298,697.9454235647925,1128.55040390863,461.6156758842764,9019.652881074016
18.54707527,73.90216827,709.0442310836362,1070.9057885383804,665.985538900587,9461.364021842297
18.55505562,73.90091705,455.9734169560406,717.7760368765977,233.6752296810828,9599.43724806787
18.54493332,73.89855957,617.0513673562101,1177.923313059147,511.91230026354145,9034.10266341124
18.51025963,73.80330658,355.9813205776443,3253.4392953584484,1291.375371152798,2122.430271499959
18.50485802,73.80524445,250.24416758564422,2983.047777682429,796.5801571843162,2536.2483474880023
18.52042961,73.85674286,121.33294194988936,2333.7047436300536,138.62362099901608,4402.347877383159
18.56524658,73.8010788,984.0604813878948,3075.953873827159,1072.5393894912659,2348.437704207439
18.55562782,73.80806732,545.1090633401907,4374.648328513912,709.1255113757381,2385.2569007602
18.54715347,73.81478882,86.08992457206341,5151.3211244699505,864.6146300917909,2401.7224489771
18.57247162,73.87510681,290.6528797362869,2683.726928585201,919.6868775721997,8179.5599887104745
18.60111237,73.8977356,2229.8332970222523,4959.595422769992,1302.4987197778062,11919.773619847712
18.58828163,73.89012909,1568.7704001227667,3547.2650083858844,1250.2006075083357,10525.840781430155
18.47116852,73.93158722,1686.298647358534,3324.5415539795467,2759.275287554161,12049.427162401913
18.54384613,73.94051361,782.2618979894495,714.5703795178965,831.832550458281,8565.555520098023
18.53939819,73.93421173,178.17148836204387,1174.787292354658,139.0067076984059,9391.233211491857
18.59570122,73.79788971,280.3364883368556,1662.1133571008745,647.0446488379122,5295.91794096566
18.5952549,73.79166412,260.2542932042636,1115.8449410160688,265.8998060413354,5136.524589556945
18.59573936,73.89610291,1969.242864419333,4353.097145043197,1237.3775611705378,11548.61291446642
18.65369987,73.90769958,2348.232359595903,10885.72009798688,565.9947140837679,13194.845187858136
18.49789619,18.49789619,5780228.583756037,5790561.653753028,5782584.347172724,5789415.444354483
18.47803879,73.88882446,152.36661069147985,1536.5423146980918,3282.168815828904,9378.95594248082
18.49666977,73.94167328,218.56275588738797,4372.969196130522,1812.8798451109815,12110.326284390705
18.51144791,73.85007477,397.8085447435152,1913.8959485523867,668.6065705401558,3984.318229512861
18.53964043,73.94807434,1451.2209894418424,1576.846475812145,447.72763574488187,8177.542929865709
18.51502228,73.84793091,503.34351466667704,1925.8447747298744,249.0103179268574,3630.501044090453
18.48577309,73.88504791,325.0123392424407,2424.1550122505278,2908.2188122507537,8579.052088307817
18.50439644,73.90155029,235.7818500521466,189.74213634611183,539.4011822498373,9389.597017164746
18.4762764,73.90934753,1993.0005370778915,1242.8457595789969,2933.3015646106114,10888.732429641213
18.50333023,73.86472321,362.3748382606206,2957.4733829484962,1206.095768160413,5763.850436596655
18.51891518,73.8504715,422.3828291593681,2409.767501313876,293.33982155476116,3777.006975431019
18.51776505,73.90248108,1249.0670526295887,1302.2253053910229,1744.2146321620742,9228.483874282885
18.46089745,73.9109726,1206.170681255623,1478.328470583782,2033.97790686108,9694.777741586518
18.46761894,73.88667297,265.7788554483635,1431.3432340016282,3067.5795876926322,8784.425879907534
18.57693863,73.88834381,392.74814811134183,2344.469492963341,632.3978045642017,9584.526570310743
18.45281029,73.8732605,335.4128641248099,3376.111851685181,1230.527593971421,6681.3842948194615
18.45172882,73.87441254,227.07002889848732,3343.69047515991,1364.8624214293372,6623.310998412097
18.45472336,73.91415405,482.40067448997576,2196.0831952823764,1318.8092386202563,9459.05158423379
18.45090103,73.90738678,189.0585465402595,2186.365122979337,1794.2008478794653,8645.188632592968
18.47966194,73.80402374,66.24714263771288,3656.405331511828,1211.1273877947783,5241.354620525813
18.46567345,73.78303528,274.8404779929444,2751.9278552052738,1996.8603664898035,7479.942118602265
18.60510826,73.91703796,1416.3248661585055,5898.934965746782,1097.9064075270846,10006.567136740574
18.48603058,73.93418884,1501.3462393547902,4013.456799486549,2062.166550609565,13280.471972619891
18.51568413,73.83542633,485.9370949959842,1273.8713768802277,1281.0547840950078,2385.5685761954796
18.52039909,73.85669708,115.43565588280217,2339.339360249638,132.80179252222524,4398.003800299564
18.58408165,73.76374817,486.34546217931734,2191.0136245851136,336.68505469008625,4393.785573169882
18.62844658,73.78089142,250.30455079714096,1639.9224190958357,885.0516769862652,5222.619544666689
18.66283417,74.10321045,2257.5979231112583,21545.396444640875,5664.412506967238,13162.656991958896
18.60583115,73.91001892,1848.7191316836688,5716.110163693497,418.92818259972057,10745.498026341582
18.53107452,73.82996368,76.36837403009139,2993.1157634291494,1256.5091631568343,1659.1616086691322
18.57723427,73.97464752,591.9230244633947,4993.780152143289,530.7079036464904,3761.358708491342
18.60290527,73.93016052,1424.4956219202788,5982.959757793647,637.2951954344936,8604.5577294551
18.49463272,73.82732391,702.8336067164881,1265.1230780002902,547.5285041299542,3663.7979922539675
18.50582695,73.95748138,138.1859214549614,5302.875909157866,1860.4888151765463,10331.419859465079
18.53594208,73.87174225,657.4217481089175,1196.4423684666413,1313.6200746803474,6057.417388029409
18.48397636,73.95150757,274.1157989928965,5658.738639824387,926.1669277382931,12747.596029816856
18.57986832,73.87530518,102.31276420692205,3269.931354343131,803.8838914596569,8742.10420787996
18.45737267,73.92417908,502.94990881897354,2863.6190916850783,1108.6181712094362,10454.736029950094
18.52626038,73.94172668,824.3024174387826,2628.519895742384,929.6349058280342,9647.243126732066
18.65437698,73.74511719,538.1164001553357,5942.364546989463,1534.8239943659003,2197.147065345225
18.57954025,73.7694397,764.0551284852044,1833.6654705894086,553.0424356097859,3695.50946345763
18.46529007,73.79118347,949.2332876750663,2243.9157197104837,2612.4423617554753,7169.599509492837
18.76175499,73.84884644,682.1034113570201,15179.737692266352,1797.7491979580284,12207.504944562523
18.75016022,73.86221313,256.30477564881903,14543.515285866746,1216.63247768448,13566.846498323817
18.60178757,73.91351318,1267.544123385927,5413.98066562524,999.4178537128821,10293.712718082208
18.60009956,73.91500092,1022.9873183135908,5302.890609047108,1243.9383224685787,10106.004413475155
18.56076622,73.94447327,441.5423097431559,1456.9324898545524,1079.7367978702298,7346.119392096653
18.62872314,74.03294373,205.01460339948844,13380.025218938243,1266.347617871136,5495.9163385625125
18.6574707,73.76837921,304.7618651278481,4337.942088998388,666.7925299678743,1783.7692843460873
18.57671928,73.87989044,367.6852083666936,2702.2631419680133,262.0639886557398,8869.235739062979
18.53496361,73.87637329,264.94343497312195,914.6345181230162,1527.296356177916,6519.067218049494
18.62057686,73.79396057,360.4735701957957,1206.1141404162581,696.3210413719694,6687.081660535886
18.49471283,73.97016144,267.15213312288563,7008.621118895674,960.6657116646109,10818.591262672662
18.4495697,73.89186859,61.317292274049,2362.274383528478,1934.085381447028,7413.651215236147
18.65520477,73.90209198,1734.2127525425974,10975.697204267462,180.22585412895478,13774.160356603174
18.59472275,73.77527618,163.24936359799466,1221.8411670952023,1489.0916174008837,5183.03397838625
18.5028286,73.96429443,649.5712676564112,5919.155616758122,1775.1855026289297,10263.044945490885
18.52560616,73.90805817,2131.5010692070537,1503.5686653594175,1876.4121226691223,9775.483568748983
18.62671089,73.77651978,110.23928161934184,1642.7588378858238,487.15347275947005,5203.205690705262
18.81683922,74.36988068,34600.48963135507,54398.201776407805,34083.023547203076,45911.260939196014
18.58831596,73.81651306,1331.758634321495,3384.23313349457,936.3469391993821,5370.700997953535
18.64977264,73.91429901,3129.688159910718,10569.223197310701,1331.0273761851122,12375.412725607997
18.46024323,73.92569733,781.0877759951974,2879.634358509895,1438.9165903706298,10781.46677639922
18.61830139,73.7075882,2626.831993998338,4479.547416421984,1076.4465835625201,1796.5020952411417
18.56110001,73.93450928,331.88411672280813,1320.7273958938163,1489.8841044518613,8322.632476314922
18.48101425,73.90065765,1029.6788031054155,1301.8068905595144,2460.1622266572385,10269.88726793671
18.51400566,73.835289,331.22876688793684,1087.3787778252502,1102.2424579978242,2464.676688882067
18.65011597,73.87715912,502.48711844209953,8288.963118483287,1324.7530266311283,12763.252807740031
18.59990311,73.80088806,220.92883077575294,2187.3097506535128,961.5255226217567,5826.351081899831
18.5211544,73.76687622,327.4071427129902,7271.5828990119135,1456.6502046717594,1950.347372233393
18.59700012,73.89672852,1995.8514236706076,4496.410998960065,1333.558450827889,11692.078878751037
18.61830139,73.712883,2443.755729716266,3983.3007404091863,1316.9685775839039,2087.7716044786584
18.57319069,74.02413177,1218.1068992300038,9517.661757659624,1751.132748401943,1997.027138399617
18.66720581,73.72828674,66.9406551610629,7599.559700556085,2207.2117194590915,3129.6174718614247
18.43179321,73.89795685,602.0267135610746,4178.799005020516,867.802403939113,6529.93323361326
18.55825043,73.93966675,447.3839969538321,999.3691270575225,1455.7137085962165,7919.962239866546
18.59720993,73.75839996,327.17780266157143,1376.4091387665492,1730.9228829232152,5955.580929687181
18.53171539,73.9449234,850.5146623350959,2135.795665334003,1380.3959309652216,8992.68678131845
18.55174828,73.93890381,326.68190886310106,295.30997114275095,1360.1176987549784,8286.998441714288
18.47385025,73.91191864,2313.4910231303834,1342.002636102687,3204.560710346304,10842.583179890198
18.53286743,73.94581604,947.9290125359609,2056.547720896218,1232.398468952644,8837.794401869985
18.52046967,73.85662079,114.28439860895296,2344.60838599792,133.076075151653,4389.0090778281365
18.46571922,73.78718567,605.2828101266545,2491.2380906412577,2308.39648196966,7286.383284017565
18.56972122,73.91083527,1175.5185183555477,2270.0025830400623,1817.7067502196896,10528.014581328172
18.64679909,73.78308105,416.1474050568223,2387.440069159518,2096.4693289356965,3706.8877862709855
18.58947563,73.97996521,631.5262918739312,6316.275332854156,496.05850783946147,3158.2385285329433
18.66646576,73.73058319,280.7359944854095,7463.609601035517,2106.95503559457,2899.1278878567155
18.59394073,73.79755402,476.50087480913965,1537.5942750124043,662.024370303153,5097.2597230898955
18.49538231,73.83577728,205.8357299120092,1027.1064611789106,881.8758941699245,3987.9881885906884
18.61235237,73.74703217,242.56605487111372,1273.938813919074,701.8955321884652,4988.328385132093
18.47924995,73.93019867,2316.3007700939957,3358.431578207391,2591.5830464718924,12571.27004923881
18.54262924,73.83267975,262.0344425560145,4255.176900484763,842.7472223986916,2635.117994839906
18.47744942,73.87300873,48.096126243005344,2999.4217121813185,1988.799608387398,8099.239885123441
18.53195953,73.83969879,201.6273644708275,3136.0162050664094,375.1556683309255,2664.8463477599416
18.56468964,73.77624512,251.68219250992874,2725.658942938784,1250.7596569590673,1900.8749888654788
18.49274635,73.95277405,464.7332315245473,5615.853598834739,1263.8599482618667,11832.914706381429
18.65196991,73.75800323,499.95566420365776,4948.6477032367375,592.9144444553826,2008.2705098453907
18.6844101,73.83165741,560.2331153933438,6576.261528220927,673.3865069194622,7938.02671417759
18.4456501,73.82772827,683.6101053956831,2913.7541106266435,1867.5291626420048,5690.450593010387
18.60608673,73.6888504,2324.611738268042,6044.273489627266,1534.7620536263985,1271.264326666636
18.51889038,73.91949463,1369.6685277027289,2378.7943662589823,588.3601966416751,11006.49700907026
18.53953171,73.89923096,1208.2919238284999,915.5826860633623,504.4136855956857,8979.84295853927
18.68491554,73.81268311,243.51383281562693,5898.132328843145,1188.0084879892618,6009.026319106636
18.53220177,73.94471741,828.0412059671203,2077.5152237532698,1334.966007301581,8973.927944273844
18.66456223,73.83971405,984.0917799132815,5406.881421099237,1003.9098621868916,8645.903671710319
18.4582119,73.87044525,893.7450018093634,3365.192136947594,1062.3895210295773,7126.702420443621
18.57930756,73.77586365,1068.7766173013235,1316.7792520822468,1071.0848986594444,3494.0815950271494
18.52169418,73.7624588,744.5421969788822,7721.979371359406,1925.2124567017877,1634.5638048929277
18.55939865,73.78768921,209.93063366156744,3193.5465323523886,655.6305279239076,1127.6087357145657
18.45939445,73.83583832,451.2380952492201,4010.117208282242,1360.8600614736702,6936.001940234159
18.58031654,73.76448059,280.5544479302954,2265.0323475282257,476.3402418228608,3983.7334272591834
18.56105614,73.77561951,587.5625859392197,3130.5270582939465,1585.1919710770217,1544.7935902509282
18.14999962,74.58329773,56760.760645015864,80385.8889578353,57039.78779247926,63459.36891649705
18.55319595,73.94537354,1012.5080363003173,938.0030987109046,1114.5187926459541,7605.445802387177
18.59604645,73.74126434,90.80951435245422,574.0467763147323,1268.7095002215817,4364.605072904753
18.59754181,73.77381134,94.9032650778141,1544.0860903511405,1679.8084615323028,5523.93012331207
18.53278351,73.92153168,1175.8101625753789,1600.4332941303085,1446.5312264037454,10914.531125657511
18.66674995,73.78382111,139.46640180947975,4133.140543685258,2161.3250973724325,2760.6233193688163
18.65265656,73.75718689,549.6386635541027,5058.989275875904,628.3477679241604,1933.0939592646516
18.6444416,73.74881744,169.2109670393034,4846.403524863879,406.1262455788661,3000.061049078923
18.65383148,73.76878357,242.32922572391436,4062.553436827463,668.6524033374885,2138.277389844013
18.64532852,73.75150299,233.19302597586795,4927.182213157537,614.9458136376535,2826.7907124330973
18.5921669,73.78955841,342.5279628561733,717.5433862638602,661.6470893058951,4774.874388643875
18.59545517,73.76712036,479.22339655682003,2003.7590723277551,1283.6864603492477,5454.100534228631
18.55632401,73.78134155,707.1331224199026,3531.4116930795444,1107.5740430357582,887.0033124470636
18.55918884,73.78131104,435.88785545593873,3214.648153902979,1130.7553629281142,1205.5513620988881
18.57166481,73.78366089,965.5486803529888,1812.4957118444738,174.2369018745957,2501.001865771397
18.6003685,73.8988266,2091.843339859622,4886.95495710627,1273.7097103524666,11793.609966767855
18.60308266,73.91183472,1491.7893168689811,5485.749790521539,775.5654872292588,10494.815615593012
18.61297035,73.91231537,2409.9049733893453,6546.019328997773,722.9191732114326,10715.767216178785
18.57866287,73.71112823,123.49612617250655,3844.6116347051957,1792.5156061113225,2981.7828832274076
18.44892693,73.90343475,91.77349080376018,2294.057122482811,2175.0349331733855,8191.288720633735
18.47181511,73.91228485,2384.727210364308,1312.1212913379748,2982.0504977201595,10692.188955706082
18.47828865,73.89661407,635.6909317087905,1064.0528374543524,2877.006188834768,10053.657977402803
18.47164536,73.91429138,2321.164825683026,1516.2750800473696,2883.1633289525553,10814.708478989216
18.59190559,73.79658508,660.6078011217818,1356.9515870084488,553.7982841742188,4853.778854279875
18.57884216,73.88421631,610.4115435241865,2689.6405462401344,277.24280777271196,9371.132244572762
18.59604645,73.79502106,176.26481210009453,1436.0865742163792,354.51954017852955,5273.1026284589125
18.59605217,73.80177307,163.8828691130924,2040.148838275075,818.1166276859882,5441.175200167529
18.58086395,73.88402557,832.1251501361858,2904.913597131571,455.5578710265007,9499.49111045281
18.60223007,73.75694275,342.1277956229455,1167.5983752252193,1576.8277501335936,5937.961949978931
18.57371902,73.87998199,89.59969616764603,2427.6909483894046,450.00584676998955,8666.678308334742
18.55715561,73.87771606,455.22492334308953,1750.528864747672,394.218797080578,7455.46461186868
18.6780529,73.88217926,825.2897209962922,9944.642641135484,759.8250512058577,13127.834630369585
18.56664658,73.95001221,307.6046608229136,2323.864432423833,711.2720709624131,6577.880182135792
18.48369408,73.90781403,1775.1003270332442,1792.4653640807228,2096.76398619366,10805.229434690173
18.47696114,73.89567566,565.9703034478978,970.878926288587,3050.3347886314536,10048.08061062318
18.47746086,73.8944397,429.0444795584501,1086.0422879409643,3049.580457015273,9908.337282450433
18.47125435,73.8899231,94.08731243727047,1097.3647443217656,3572.4510717841154,9303.300253484455
18.46703339,73.88047791,389.74899441243736,2087.719019592307,2487.094517901847,8436.082759286175
18.46245575,73.91368866,1333.5498592946567,1621.2649407726988,1995.5610572266207,10018.526916265342
18.44718933,73.9118042,312.3098383712712,2751.669344013934,1285.8478235956354,8727.745889300126
18.46068954,73.89208984,225.72115187504076,1280.147268222266,3122.5750299625543,8419.925281176262
18.46984863,73.87834167,264.71277667376285,2298.2549102272415,2524.5626031333454,8634.13506656797
18.46297073,73.91757202,1298.6709903572653,1970.7691912563184,1858.6765565283586,10348.747069776742
18.47590446,73.89391327,430.1346858420012,982.7009311563347,3230.2862848746277,9956.607653279561
18.47486115,73.89528656,602.0237605115841,800.259001461772,3283.0134149652863,9932.214650629314
18.48246574,73.90047455,996.4268186832011,1462.458456297677,2308.8263801566404,10175.95272639825
18.46999168,73.88965607,132.44081277528247,1106.734966665155,3473.2711768997497,9166.850954386107
18.45270538,73.89302826,119.54843193778753,1993.1219314594898,2303.3488529964407,7761.938059586773
18.44930077,73.89183044,89.87936406273954,2391.5664454627204,1904.8135117853064,7387.982743620615
18.47446632,73.89332581,398.4334747196888,917.6365242318849,3401.6174386461475,9790.365390255854
18.47738838,73.8998642,992.7365106378641,897.8420227660989,2871.6827104315157,10398.58501336783
18.47496986,73.89402771,469.2518676211986,899.2243233500759,3320.960730123226,9875.745881649163
18.45973778,73.88777924,295.5053229370943,1682.3794716587279,2841.9003424441516,8083.626625975839
18.46726227,73.89246368,333.87683304157923,839.7889347095169,3590.026337456956,9055.081776677578
18.45264435,73.9003067,231.11754228722242,1854.0903241078238,2565.4038845718087,8255.583906026215
18.47087097,73.90003204,1160.6792456461926,172.99738688021722,3576.8987748549835,9827.195108212223
18.48234177,73.89289093,197.79455100247262,1636.9100877783767,2647.042100571653,9484.965393446164
18.47907448,73.89257812,207.9649171693447,1345.593377340752,2976.74910625953,9646.312597682547
18.49072266,73.8996048,1225.899708435581,1314.8634049548666,1484.8227799271967,9692.871908383628
18.47807503,73.89951324,937.1226160134246,975.9099418170242,2806.6667124133755,10327.623281603872
18.47131538,73.90200043,1367.7365928505144,297.390020398747,3495.677314479616,9986.397225820903
18.61599159,73.77100372,364.5305249602703,1461.4076298265427,809.5965545129294,6166.671989872652
31.10658646,77.16181946,1409945.5720904358,1420671.5537036338,1408589.8441336034,1416341.9681915005
18.4568367,73.93746185,545.6213933513509,4175.307270289015,1702.2414784246857,11541.027675461617
18.61275101,73.71643066,1765.411132201193,3376.3481945889653,1110.2443007732513,1955.1696732996484
18.66984367,73.712677,1138.956480787498,6702.664766163311,994.6802572294656,2567.6731725051027
18.65453529,73.83215332,393.8409143177286,4092.285448234903,250.84315085125706,8015.6052803573075
18.5615654,73.76436615,445.93938624366933,3615.0300431720198,1487.129870862892,2332.059691634429
18.61651421,73.91000366,2868.392802064093,6861.336915850265,599.1863428689798,11068.762153401229
18.48216248,73.82827759,135.75552231076753,2530.7103581480274,897.9743225618771,5014.758851798825
18.51938248,73.97356415,443.80359903747853,5080.4255795750905,1718.4962129010642,8178.966920933308
18.67258072,73.88936615,5.305048647519621,10333.701838957677,466.20517526612383,13857.689840193058
18.55272675,73.76828766,333.5521646053719,4269.196408304831,1555.532607530765,1479.7664867203557
18.54350471,73.95081329,1664.5038203087202,1568.9009117589874,237.61240369304352,7688.118151449913
18.5765152,73.98661804,516.344360509641,5996.957046508472,1097.0454116458266,2571.3812001082542
18.54905128,73.79530334,707.4521644822222,4475.251096832449,917.5822701394026,935.0429944385335
18.59249878,73.78331757,54.47202511666007,518.6601922801492,1085.397614534766,4811.695239701012
18.58198738,73.88442993,930.0599294414886,3006.1276507036387,587.2946852447126,9613.066370062856
18.60132217,73.78340912,359.41430526079074,1433.8356622613724,1003.6303318980744,5790.364008104663
18.57759094,73.76396179,234.23021948761993,2443.2398525428384,659.1749448690806,3742.6121969298424
18.58169174,73.76519775,434.61730063439785,2140.6526765017716,307.53432597387473,4088.322071497724
18.57867241,73.77658844,1131.2801903703328,1320.1999724970194,1172.2230330920233,3411.994145311128
18.57930565,73.77367401,1123.076125534333,1484.2847536522047,875.4778885440746,3540.7345456386133
18.56174278,73.77076721,220.92669526901946,3249.3368017511834,1836.2788627393895,1873.0926695006726
18.56397438,73.78327942,111.38191195125313,2668.573375889103,743.8863759994607,1662.3620722653714
18.55571556,73.76322174,732.3907641413514,4222.860019404692,1348.5805336115016,2097.944676726149
18.59845543,73.7933197,136.37146761088601,1499.1107682994855,159.94147653105995,5510.729589989989
18.59862518,73.80445099,136.48119454431676,2423.3032065503658,1166.175990928026,5801.145453539842
18.59347725,73.79312897,440.7655577815377,1105.945030650588,472.5883965289472,4959.63483264506
18.62182426,73.75257874,656.0099129993602,2424.903970200262,600.4393744477508,5388.88688228581
18.55714989,73.78253937,578.1132348396909,3430.4246759021667,1175.7550035517584,962.0382819673191
18.61263275,73.75180817,258.06006963773336,1439.2426455589598,1100.4620729019455,5488.398158160366
18.56776237,73.73348999,1911.3634490116865,2952.7147315065267,1080.1619467489645,4303.788938025012
18.61598969,73.91094208,2775.483977294005,6829.457861792895,670.1135214364992,10956.422337879008
18.58503914,73.89508057,1119.5561888779232,3160.2326797429796,667.7243671592529,10695.69316253749
18.55772781,73.94032288,522.7214750692833,963.2828502585837,1487.692326216309,7877.5971697503865
18.4702816,73.82859039,790.0812088593826,3826.0780376871585,297.47493047204586,6303.537064433631
18.58343315,73.99557495,936.9222155281109,7201.797502958748,1907.2326201167275,1471.3690662308043
18.45469475,73.93287659,73.23937658441504,3817.876072320303,1183.1343862732297,11007.867470045507
18.56823921,73.73696899,1929.0025152346996,2774.6782605747594,903.5736531751074,4156.675610795963
21.87574005,83.99294281,1093551.5253933102,1112201.7523386697,1091066.176931933,1103706.4360664007
18.50198364,73.82216644,279.633846292786,1227.2393053192097,1036.1379315142576,2718.6333385087414
18.46917725,73.91532135,2027.1473426171422,1602.7369145516348,2588.038243156833,10681.025127104316
18.45881081,73.91819,836.3889972387472,2234.9501648891937,1408.2977181184494,10079.511844185598
18.4505558,73.90136719,43.345846151633104,2090.3341376827116,2412.103379338056,8163.842409175038
21.19968414,72.78279877,290198.1812474466,290999.1328214511,289718.6397033968,289744.82469794503
18.55434418,73.77623749,516.4718358924215,3834.6548024088843,1042.5625930485496,870.1985362338528
18.55401611,73.77603912,481.0372549777206,3874.916923432277,1023.1567534871789,856.6060160716422
18.57995987,73.76641846,456.0185281442374,2093.6010047919085,442.8500553340018,3859.622605984456
18.64485741,73.8796463,65.39549765804635,8434.516044211037,769.8213078451264,13133.658221158406
18.69539833,73.86027527,1419.2772562554671,9355.078236917765,1324.3080055203293,11152.18875767392
18.63802528,73.79302216,119.53168907157733,962.4493178397636,1762.5578459639905,5138.0380704309
18.56052589,73.77519989,622.4784505591649,3200.0294721829364,1658.5480254533863,1510.1170895784498
18.5936203,73.73013306,67.69276476383057,1549.8378970543147,2039.9674451523474,3301.307144887328
18.60974884,73.78421783,300.8947637162741,493.0313676433495,936.958702919519,6722.632618217159
18.59736443,73.79183197,154.40558404986174,1307.1290480419918,38.71623192027902,5371.643181351291
18.4537487,73.91627502,348.2001663397815,2428.6471290238583,1077.1861151935598,9556.245854610608
18.4547348,73.91845703,413.19383503301776,2523.421361030535,1002.66020213102,9802.747767314533
18.47813034,73.90167999,1159.68441112789,993.5386927845767,2751.602765539867,10521.545962128563
18.54831505,73.92977142,720.4878175656526,811.1512136448237,959.0216424668108,9319.780167941033
18.59451485,73.7984314,389.57480897775315,1648.6833486590413,680.907463848937,5181.193993736171
18.60089302,73.84252167,1524.6629345892613,5692.617850700845,273.082911103581,8235.327157994632
18.76100922,73.84754944,534.2855124050317,15056.174413686125,1687.5282025867546,12064.24996422764
18.50893974,73.92602539,430.3209640147591,2614.4849320022167,674.198551980611,11815.82225171745
18.58755493,74.00271606,1797.0433713949683,8083.002665003297,2376.159186583691,786.1064519323213
18.58069611,73.9882431,158.46481444562647,6385.669390297641,1138.3472260594513,2279.8925323951644
18.57230186,73.97644806,993.7303487947923,4836.1652544608805,896.4175109388178,3739.990210776047
18.5622654,73.79631805,723.8914570494386,3119.8028656707884,644.9370922550655,1776.0460965171783
18.54893112,73.77207947,126.71198986200639,4529.017001336838,1026.1039246511707,999.8030199625601
18.60148048,73.78170013,222.68773357322092,1445.2527662230366,1176.4806692905568,5820.622520464883
18.60426903,73.78177643,388.1758183808677,1142.7105528733587,1315.0891815380048,6128.959095925251
18.58708954,74.01047516,1820.332925495927,8765.720262621331,2973.640049192058,297.9187953840369
18.59053421,73.89565277,1524.2623544023015,3772.864523723304,821.7169853651025,11129.638113553912
18.48614311,73.9524231,41.923093236154465,5786.840653898826,866.4869296018686,12489.904919159544
18.6246624,74.02874756,462.7888453599846,12750.06750750107,875.8698551208067,4897.488865011472
18.55047989,73.80036926,445.20754807459963,4493.4216485439365,366.3580704690983,1474.1548305282356
18.60354042,73.90814972,1804.3162664859094,5416.472860410055,565.5332942006186,10885.641326491294
18.58433914,73.88645172,1188.1427799181956,3190.8296753728355,914.9792263029926,9945.354865712185
18.60608482,73.90020752,2532.9841397015557,5534.351684782471,794.1097278956934,11762.10383623074
18.56857491,73.95127869,189.3224599932722,2576.1065710443045,734.3208812060819,6387.736099902179
18.64973068,73.84679413,478.14921484527247,5209.5874161650945,1057.6386293003277,9638.780993923225
18.60476112,73.79137421,841.9177781936498,1257.2049179506894,798.5440572227401,6185.864640247993
18.49265099,73.95251465,443.4032329003692,5592.305088860119,1273.0613084490105,11855.897199684367
18.60812569,73.7625351,411.116701122849,1921.9691092558094,1699.3465493201759,6545.094812348871
18.46765137,73.91692352,1814.3952973925238,1781.3086750261002,2371.629639232814,10671.428361921164
18.45417595,73.91843414,351.4305971761318,2561.977531905501,954.3109826458254,9761.013013150907
18.4591713,73.88790894,277.89024392563215,1712.6391112550725,2840.7885149919516,8037.464699926837
18.45702362,73.83449554,180.10923245574136,3791.6656112028836,1574.7220615385954,6703.826862337683
18.48612595,73.80614471,477.96898063974027,3529.1211850502063,645.8642587166328,4490.868832966856
18.59833908,73.7580719,346.67177658262557,1310.1535267418715,1856.4964340656632,6082.939297051803
18.56643295,73.95774841,655.4754494328614,2855.025387391687,1387.8477057431799,5814.313986199896
18.59017372,73.772789,51.534190769361196,1249.0027158551877,930.1201729468663,4741.33167083879
18.65956688,73.76764679,254.55790120689045,4545.627260162672,574.2414772899156,1555.5790569792607
18.53279495,73.94124603,468.97990214649656,1905.84341128397,1179.941122604731,9213.987537177527
18.75901985,73.66655731,4088.041438010443,4345.326005648302,3733.8773092568995,5389.178215310533
18.45121956,73.85153961,96.37145373653057,5441.939196029807,1096.123680612446,5936.303522029823
18.60347939,73.75160217,116.8594626523781,659.3770062533621,1004.428706282754,5373.293511862627
18.52220726,73.7804184,789.1949994304608,5940.941168782116,413.37708380595797,1864.3875639868975
18.52059937,73.92752838,520.6215690497573,2919.714702169496,173.86550618015926,11191.637108599232
18.56716347,73.80487823,550.8682223033771,3162.0634722723175,710.6273064409892,2777.009563925736
18.5743351,73.7727356,873.2051059840821,1950.5433244487326,1227.7914630143798,3034.9965703590765
18.56291771,73.77078247,291.3173166608463,3131.9635841849235,1743.1024884021374,1977.6306663155901
18.54850578,73.79492188,775.3762747702824,4523.8825787870255,970.2735434000925,898.9816063790859
18.57967186,73.7727356,1111.5829334123343,1536.2263076538147,771.8405070860126,3604.537447984361
18.57818794,73.7743988,1220.2802769327866,1513.4415895607776,1011.7024797988081,3402.3108670381107
18.56719208,73.78601074,540.8392385217687,2314.3372433176382,520.2581661191554,1986.9730107266369
18.54911041,73.79128265,887.4463037026015,4379.15135867304,1026.5374323539647,511.25345067981596
18.54423523,73.79344177,1274.195864641509,4953.276617227471,1226.8298940921331,930.4320625548401
18.5673275,73.80388641,610.75022689146,3078.055420207161,808.3559243338459,2718.2600406462698
18.57356071,73.76959991,551.2096319792666,2234.946553258608,1114.9472008134335,3073.117003754946
18.57889175,73.77068329,892.7893932554875,1762.4112680270566,683.7221658083316,3583.920468342426
18.55888367,73.80407715,699.1226296377686,3839.942875175761,913.8971063793737,2141.618667678048
18.54259491,73.79163361,1230.482423459755,5100.454886101054,1094.8888210177668,927.5755492596952
18.5668869,73.80753326,383.155732056152,3380.5036937967166,458.8236129289628,2959.2437634082244
18.56721878,73.80590057,468.8608124372998,3232.1678600787122,605.19312728026,2857.7590576282955
18.54667854,73.80220795,675.3834508680535,4957.98724058166,475.7507793642203,1688.3145234522592
18.5716629,73.7790451,763.048989851091,1897.0836353850511,658.1119133928977,2602.9968856902137
18.55522156,73.78281403,773.1447959720841,3643.065779431844,995.7167288770335,758.6292863535243
18.56766319,73.77165222,335.6562086977571,2625.8794806848164,1502.7285645542045,2387.345339243738
18.56496239,73.80393219,790.6492705869123,3281.705955222966,894.4235236745234,2534.397425912648
18.56680298,73.77088165,385.5438194523622,2749.7042896737435,1480.3598483127332,2339.598560557083
18.55748558,73.80955505,638.5377376804488,4301.405232446293,968.3975032703454,2600.2426480279214
18.55473709,73.88181305,864.290003055532,1334.3416977861839,82.41790655404097,7722.328551237046
18.50863457,73.92761993,309.40651332393577,2777.8131911680775,593.5648387492635,11987.198485436105
18.53361511,73.88479614,375.37051082284074,1052.2212337782394,1409.7206008726248,7377.2918790713575
18.57663345,73.77033234,804.2600113812762,1945.0905468651717,884.9015403412624,3359.761459034423
18.55214691,73.76937103,257.5234497495522,4284.891307019744,1424.509389424324,1350.9106402112175
18.57922935,73.76403046,193.2812890969973,2356.212682140678,604.1529190175985,3898.495769197772
18.5716095,73.77642059,622.004868821716,2002.3848082176598,934.7081092471656,2642.193784592596
18.56677437,73.7747879,58.83399029809344,2563.517988014043,1248.3285714242634,2169.017116282274
18.57720184,73.78591919,1150.7581799768197,1205.7134522591189,584.32042458406,3099.979286942165
18.57027054,73.78349304,810.2472789341733,1968.182461323829,267.7343704132564,2349.3749745171817
18.56747818,73.80358124,621.9128793724292,3044.1426420660405,836.8353817351361,2709.056543971502
18.57522774,73.77285004,936.5822535114102,1866.65808331261,1149.2656235576121,3126.0839473262895
18.55373573,73.78446198,792.9058923379391,3804.4245919206624,866.8535826464704,532.6207815407369
18.57569885,73.77638245,1061.6179291168696,1603.336978309174,1024.831325448379,3089.4124805966976
18.55979538,73.77394104,470.66111358980623,3319.2285313135753,1689.281244857953,1504.0561306117377
18.55635071,73.81604767,305.97383302796067,4844.545262617701,1433.75679149919,3217.5225401653283
18.56630898,73.81248474,53.23069229233931,3814.4194451214107,297.6779744425721,3332.2764990210007
18.58082008,73.7844162,809.9343904903467,792.7784206341676,986.9551632514192,3508.307083597774
18.55987549,73.78089905,414.7318392630367,3143.508500472047,1128.712331237741,1283.454174898678
18.55820465,73.80586243,653.6502125362263,4006.8321830218856,864.7696650657376,2273.1190279768184
18.46482658,73.90315247,1408.7664352307002,592.70987144041,2929.971381636896,9481.500547741916
18.67864037,73.87439728,240.1353321781643,9280.33592670668,746.7510275650409,12314.978231670859
18.54663277,73.90539551,945.0494628343496,875.5047673491192,684.81528794819,9779.028129504235
18.56634712,73.81490326,287.1231407850965,4012.889639641806,457.774650878727,3547.542925541815
18.56785393,73.77397156,179.64002516446425,2490.4963560752853,1277.2724869284384,2311.0361704086345
18.53239822,73.94406128,759.6274666090695,2032.1905907524663,1337.135333589625,9012.575482370235
18.57546043,73.90742493,509.99770345021165,2509.070214171285,1217.5581079516055,10804.518143367266
18.66300774,73.88861847,138.0639146654416,9854.78789165945,1532.0619821661005,13798.525046343815
19.0200901,73.89187622,26979.637215115497,39648.06065430674,25336.218712038837,34171.982363022114
18.47921181,73.82107544,317.3915799722299,3090.414019439993,444.68749891227867,5189.10588330837
18.56594276,73.81510925,294.45533165556355,4057.264626332483,502.4146970418206,3542.2733319281283
18.54401398,73.79227448,1335.179688774686,4955.347066302362,1111.5299016058327,852.9990053877049
18.54717445,73.82022095,317.94985995989407,4962.1603618724475,627.7803929721707,2457.8061184211642
18.58788681,73.68241882,796.9095836350067,6585.617087361991,626.0655745896012,2591.1756755431707
18.49902153,73.92333221,471.66783759426767,2441.6618950159686,309.0389726947556,11762.935361291335
18.46693993,73.91191101,1857.777407319531,1270.796958687298,2518.447865288651,10255.643885177227
18.63400078,73.7338028,709.4648811455698,3892.379738369053,1532.4287191779072,4739.858499058609
18.63204193,73.7368927,476.3983429056026,3587.388808625076,1531.9948303753338,4766.112345795239
18.56337929,73.96300507,1203.7606873967434,3111.205743937916,889.8398271462686,5436.622029534383
18.53169823,73.95027924,952.8397159919067,2405.9678128155265,1340.1329484196795,8574.690540944172
18.53661919,73.94754028,1234.141817965686,1792.8763382427367,788.1127291612396,8430.620042116236
18.59936523,73.9050827,1633.1326293892698,4885.876969695798,1048.0732829041922,11125.047409929415
18.55474091,73.81060028,603.4332002378297,4610.77576207265,844.477814542576,2617.2401384392383
18.56669235,73.81530762,341.65403414770026,4024.442329977797,472.8043850940567,3604.085112166912
18.49368477,73.71643066,1008.8350081008311,10242.51926623036,563.6295396518974,6091.897814173287
18.65538216,73.76102448,347.9019599251313,4844.511529437254,166.78238094313596,1662.856647846729
18.64920044,73.76577759,331.27634221372193,4076.7741302454024,735.6603358289638,2462.299747142046
18.66309738,73.80917358,143.35292789549936,3453.5111687402778,400.0960276368219,5461.901599002104
18.58916855,73.8928833,1593.9968747938874,3621.5029996192256,1005.6030273371027,10809.273510787381
18.5975399,73.9161911,728.0476037427101,5100.286248596391,1543.9462297318694,9937.261896952383
18.60214043,73.79465485,519.8284007036058,1696.3257960790845,571.4963902678907,5936.05635719728
18.45167732,73.85417175,231.45456467602145,5228.761384691266,814.6060017739408,6013.936635361348
18.56913948,74.02566528,1629.6553665262309,9560.553157594966,1358.8911035352878,2420.216286799715
18.57219696,73.77565002,664.6670659364919,1979.8311809337395,1015.2911109280298,2723.542818368864
18.56408691,73.96179962,1067.316620951382,3042.5482691489183,988.3912753859063,5518.4217514797265
18.64847946,73.84352112,533.7763816158391,4837.836954103903,844.2830735803923,9338.669354403299
18.62817955,73.78125763,297.8603879204558,1601.8995777238601,854.1115388340316,5266.885707128589
18.48727798,73.82118225,723.2158457289137,2303.7784674628933,932.4232335777666,4301.166869724964
18.44725418,73.79767609,718.5820673245162,261.6959181973072,2888.4943967435865,7581.660259350457
18.59526443,73.78869629,40.20083023501298,930.6362074006076,442.818148153467,5113.506422109496
18.63852692,73.84778595,312.1186010751442,5012.356061401314,1534.3673540309076,10102.339209215213
18.48439598,73.85587311,155.10732521847675,3237.967844802838,914.4027509869536,6262.464036044049
18.63404083,73.81106567,733.8708659223463,1111.9175371449296,672.9731059366301,6888.642401948141
18.59298134,73.89568329,1755.5138930123042,4044.9086664102856,1008.9376304276857,11310.533367365639
18.60145378,73.921875,940.1171561844219,5769.201485583166,1430.8416521565227,9421.77725439161
18.56929398,73.78317261,702.1939474050722,2078.485555178847,372.3779862824535,2246.7117111384873
18.55953217,73.78904724,90.18608026813334,3197.542068362166,595.3476573589803,1167.5716256142223
18.50206757,73.74404144,129.53390792910213,8515.75145502209,1032.8639594699102,3788.7533650199925
18.55945015,73.79086304,84.68640935861042,3241.283258163528,593.0196499728336,1218.4143338038295
18.49514008,73.92334747,885.2122129415958,2561.692520453664,737.9024147066609,11880.22763862623
18.48584366,73.89510345,546.011512852421,1912.4100996276695,2193.221442354535,9499.587632228518
18.59877205,73.79434967,144.25157293755754,1595.7996045165319,270.7975739440636,5560.872333508221
18.59965897,73.79489136,254.1507763803755,1707.7998826520377,372.755877835037,5667.092803785863
18.48814964,73.81676483,289.93960500516476,2525.547749395761,496.7736194273517,4162.618472827659
18.55944252,73.7819519,371.8677637028908,3180.3835822314604,1058.8647137287355,1220.1352705517259
18.51280594,73.78125,404.8323219354231,5591.78347180576,638.286900819235,2910.225207650256
18.47982025,73.83085632,510.18315396118004,2744.32531462966,841.0966557663053,5342.762421065532
18.59374046,73.89377594,1930.889173812024,4127.127736232823,1206.8596940770415,11217.641253153788
18.52228928,73.77256012,173.49402070713643,6730.364979288312,928.5843821062904,1889.7789788777868
18.51394653,73.77102661,129.30628248941497,6675.984593906812,1110.208141312947,2828.8483108447467
18.52776909,73.92812347,451.69827163847606,2477.643839279894,857.327820476592,10651.830630054823
18.466959,73.82790375,888.897546580372,3675.2255048572347,565.9546392835452,6649.506102166346
18.55923462,73.77996826,535.9523434916722,3227.0387270018286,1249.0996933017907,1221.7327402394712
18.51338005,73.83309174,372.9294939578712,1002.9351004728475,1042.5362049686833,2310.275855702166
18.45800209,73.78517914,1097.036331662483,1997.7428187528087,1661.172453834703,8157.766168887236
18.5143261,73.9402771,841.2145011465997,3926.9632412038322,200.03210163758075,10688.857221159193
18.4542923,73.88523102,209.97019488665063,2293.3232513756775,2323.5026779678697,7428.013965027037
18.54229355,73.88842773,322.34465654987685,1710.3856007980944,701.3413697325423,7926.8683779242965
18.55241966,73.7710495,89.82313112769103,4194.0798058578675,1284.7716839961215,1195.279550066863
18.5089016,73.8319931,63.11416721682956,529.2968718125694,592.9515819323568,2552.2931347506105
18.55067062,73.90377045,521.8296343355094,1196.9633157554222,354.08643344911826,9731.864178235166
18.5906086,73.73022461,284.1188277303384,1539.3833178438297,1771.3910257638663,3436.745664541165
18.50379753,73.80992126,500.445154046109,2490.2249811536576,298.00156765722596,2486.4934633190733
18.46525002,73.91521454,1616.401203470256,1654.442136168565,2189.726476521946,10353.768004993182
18.55297279,73.78955841,651.1462410307961,3927.0018876319696,1088.4681242268432,522.0073965837777
18.46099281,73.84983826,868.5256137868744,5120.792162827961,1490.3146099755559,7011.482236263215
18.55919266,73.77970123,561.3192632621491,3235.848261213792,1275.9441449684016,1221.2698629909064
18.57375526,73.97623444,843.7154845740034,4903.846679696803,837.3132960181904,3705.337155190413
18.59038162,73.77328491,10.063814954009995,1202.8011141682737,982.3683395088372,4754.160463397966
18.5764637,73.7658844,472.48593574485,2332.750436127493,774.8385195545435,3535.2005009672207
18.55125237,73.77441406,223.04372071474023,4214.263393878303,917.77874988166,817.9829032578698
18.59416389,73.76515198,247.72546739187263,2143.571161436174,1155.3879535406375,5379.365920564356
18.4751091,73.93266296,1973.1991226153675,3491.482868522492,3072.868508053471,12431.419718940326
18.57831955,73.96798706,369.68919340892387,4546.358801498267,844.846169595886,4428.63822381103
18.42463493,73.89905548,120.90140260969835,4969.77938402043,63.44815756134217,6208.114759080597
18.6384201,73.73475647,428.27206034860706,4331.022917789109,1087.1895910126389,4274.490117712894
18.56949615,73.87870026,63.5392535222388,2180.805284987591,927.6238511927226,8275.306644742594
18.52044868,73.93849945,629.5574104945803,3236.322960311943,417.43531096234136,10336.62413205156
18.48045349,73.80678558,137.0417196046181,3786.829987870669,954.2852847745222,5096.162105591205
18.45667076,73.90953064,764.908162482439,1720.9310685984517,1840.8048726063266,9252.886746326536
18.44608688,73.9174881,502.7627077740061,3166.4400616785915,701.5459755079909,9130.247878630964
18.55127716,73.92098999,1095.9401940414373,1736.3264708315967,647.987426806869,10035.949036047123
18.61645126,73.7743988,598.1874990853066,1118.8209121353523,451.07890883995606,6207.735987707698
18.61078644,73.77153015,208.70029448066296,1441.1654137583616,973.9592145868585,6743.545050558498
18.5358963,73.945961,1049.3356857736326,1766.9202211734232,903.7388652825921,8610.519557224332
18.53743362,73.94949341,1459.0804481725772,1856.5984574450993,697.0514200495955,8214.087366920035
18.55818367,73.92165375,384.43524558549035,1914.6067675119739,1318.8499811652525,9711.763638803728
18.51300621,73.94721985,1203.262603134779,4192.619184128287,600.2700270911307,10316.160930355947
18.47523308,73.89495087,562.1117243081796,854.6926406156766,3257.1303331601343,9949.912838723953
18.46402168,73.88986969,15.268624667220884,1231.5970502156165,3196.6306928051085,8604.840014561098
18.50587463,73.8420105,269.4281599235776,909.7897178828418,468.8764956350806,3563.5937012781046
18.56635475,73.7695694,309.91043706103653,2865.516950417921,1395.2311227560997,2366.8001163598606
18.67665672,73.85422516,159.0967128224336,7442.638201296989,918.495932689594,10179.51787618377
18.47952461,73.93237305,2136.2031106949926,3585.3406922678023,2631.523891674432,12753.479764031772
18.48796082,73.7978363,206.4280572701436,4182.841879789792,1508.0982364534884,4570.201110602777
18.59233093,73.79817963,632.8556768176308,1531.2923956395284,474.9193841261501,4939.332896961825
18.59866333,73.78554535,392.6911736554245,1197.346081738519,699.6212960178021,5486.712447084079
18.65424728,73.73588562,287.2836887971191,6021.367907360359,908.7474903459363,2903.7526641013383
18.59077263,73.79174042,393.839781537777,834.3808657918158,761.375474712171,4642.2629008083595
18.46051216,73.79430389,684.7306690827529,1625.1735223313997,2657.9175428651,7565.605541195932
18.45890045,73.78898621,849.6187136215085,1771.8591784246898,2070.229010509588,7916.158510202762
18.45963287,73.79055786,791.8491518679027,1731.8474914123422,2254.4148403042673,7782.742917016407
18.52104759,73.77257538,243.69194330032363,6689.2655857380705,872.9327725423384,2023.0180778008937
18.51617241,73.77026367,129.55283538866627,6798.780331442053,1099.6651867245,2605.3258829332863
18.52168083,73.76389313,609.5874102640661,7590.637500134122,1776.5181064665671,1714.4118307383947
18.55448532,73.76759338,343.20437510783233,4121.46913835471,1715.4429130321814,1621.1710269061507
18.53703308,73.94950104,1427.2083101313833,1889.6695535607676,741.2803752057857,8241.97318532655
18.51065445,73.7813797,243.65459365451557,5543.125737732383,877.3078572615519,3148.9703373400384
18.51424217,73.77316284,343.83902990440106,6459.21782418981,897.667865662832,2752.9643517849
18.54802132,73.9328537,425.15135626277464,503.7200985979533,845.3565506102536,9042.609333036033
18.51395035,73.80654144,724.1795455385397,3038.574649078802,1419.9870755561067,1589.7891626635278
18.55677414,73.95593262,1461.3780534034631,2117.1374285602838,1654.1736593786611,6435.840382283483
18.51303101,73.9471817,1208.1392260274936,4188.951445043406,596.2710542289783,10316.59312366313
18.52241516,73.93550873,341.24517251164735,3021.7172213116864,431.23015830480233,10420.742491476074
18.44808769,73.90656281,120.26105908300914,2456.3684544708117,1840.0592828752215,8370.342626064048
18.44987106,73.91234589,10.741846732527256,2517.3686136710935,1258.7296326383835,8961.32816150647
18.45099831,73.87236023,155.5344588914885,3567.296502458855,1168.8080088918641,6458.686565293074
18.46015167,73.91362,1082.17693050887,1750.5635042404867,1790.5655937645702,9831.699007823183
18.54227448,73.78449249,569.9445034932662,5078.861071982456,518.0787979505511,743.587246384618
18.59397507,73.75163269,286.1567063061108,755.5946313774631,1743.2189685758353,5481.237027054872
18.59099579,73.74343872,146.6446689226515,183.11992488764932,1641.4546217279524,4724.389793954502
18.45611572,73.9188385,531.2140224117103,2459.7608318608527,1110.79401407868,9932.793327283709
18.56504822,73.76965332,230.00998865833864,2983.69434170233,1494.2482237190318,2240.2844105699996
18.59900284,73.91033173,1322.121774850569,5005.252310196401,1110.2632094364074,10572.054302839879
18.45618629,73.78399658,1043.638923792007,1986.5497841717138,1472.0930883803455,8392.401343502474
18.51773071,73.90675354,1264.6005347527234,1410.8111557690831,1695.2036610138182,9677.397194443787
18.46132088,73.91439819,1198.9537338655787,1748.3450977976224,1848.978846450132,9981.530054385708
18.45619583,73.91448212,633.0792740792493,2102.7960599599105,1400.692766269048,9594.537206533585
18.45811462,73.78936768,757.3267783413249,1680.040254428915,2077.476124065813,7984.1485905979935
18.4564476,73.78610229,906.438965206996,1816.4689938656354,1692.544428550406,8280.476710864803
18.60349274,73.7612381,691.2206511215641,1636.215915041909,1970.5634132439723,6388.771370623372
18.59657669,73.76704407,577.4716374651771,2065.93636295073,1408.2939811580684,5576.170862069242
18.56022644,73.94680786,606.5032612275868,1551.1515586873847,1163.039920217126,7139.699776247964
18.56119919,73.94778442,599.4490231155665,1700.1989325973752,1084.5167124711234,7003.679973621086
18.5464325,73.93385315,458.723986348121,505.37535728160526,667.1634695114318,9030.293669588014
18.50141716,73.92111206,277.7841509987292,2141.4894033302226,289.1309417588644,11471.15097883166
18.5008564,73.93518066,127.8047360288376,3608.152267866046,1201.11769873907,12166.69916032631
18.49851418,73.92345428,522.6704223333735,2472.521180015084,363.1309786939361,11789.676217178481
18.599226,73.76329803,770.225479549274,1838.4780260235698,1745.5075343674919,5975.180230710058
18.59265709,73.96859741,1344.1013140771918,5816.849327507366,399.86364562169035,4401.639796545606
18.58539009,73.8755722,172.71160357901738,3759.0844759439374,981.7998801623138,9196.315202416137
18.58964539,73.93215942,1173.971300892222,4493.771062084636,1667.3698459676134,8168.91159938846
18.59729385,73.76016998,481.4916237319666,1552.82100215551,1650.11021807777,5890.245760802871
18.60299492,73.76326752,879.7519807486495,1839.5375184455802,2156.889052198707,6374.356991072951
18.59202957,73.76960754,245.8587045751674,1624.2157639842437,945.4786366601145,5017.329361031384
18.60170937,73.76239014,859.8532771207051,1734.9598925022249,2036.1838169326215,6267.420054789768
18.66744995,73.70217896,1267.7882577283501,6519.101863939184,605.7458952954887,2756.7306152964743
18.46322441,73.9021759,1278.3364150135747,711.2144356507234,2896.4969864107543,9277.946126964318
18.45256233,73.9199295,127.1345090821914,2798.956803200788,715.9791682570875,9770.291817713596
18.46556282,73.93635559,887.4404068062838,3843.877094803013,2373.3353632805174,12026.108875596612
18.44471359,73.91989136,700.4597371788633,3439.661228252403,525.9661207594073,9250.285505632331
18.51017761,73.92458344,581.2525820107231,2485.0222061432382,676.4279095208856,11644.626557560901
18.47414207,73.93651581,1698.0684934227484,3875.2455953816066,2731.588788941348,12656.549684227046
18.48423386,73.95812225,440.6272724061946,6337.396125335637,231.67337658234683,12402.532193851204
18.48541641,73.93864441,1208.6023547549553,4439.223436465171,2288.9223314884694,13317.68458674268
18.48131561,73.93276215,1962.720709055523,3691.4858460945557,2460.7692729899236,12924.374302458817
18.47999954,73.93000031,2273.8366554805934,3367.1665161669143,2505.659064730065,12616.837189102116
18.50113678,73.9384613,35.755195531025386,3945.4544083114206,1355.2236105568477,11922.68299194672
18.48871994,73.93733978,1054.470890604224,4193.161944508258,2032.7726395071334,13094.53942441219
18.48084831,73.93577576,1795.899751012705,3972.415718875658,2607.267682319004,13111.394960260073
18.49815178,73.96245575,173.08320035951357,6296.4272100793905,1303.7021589896603,10813.896019278216
18.49817085,73.95925903,172.56664745446145,6160.407511875901,1442.4169658505534,10970.631585044812
18.46534538,73.93486786,988.7156405285161,3690.75353208295,2276.31869252255,11888.739835220644
18.48906708,73.93299103,1331.5828172275606,3754.6082348868367,1710.3759898217852,13052.36592198916
18.47151184,73.93690491,1411.7437312507805,3886.6680155469694,2824.4147932945943,12493.81115898816
18.48888588,73.9434967,607.7850201424336,4797.351696344511,1855.9097923946713,12713.042297971473
18.46088982,73.91506195,1145.9538735645488,1833.0096925389398,1770.8417816847073,9997.680381613054
18.4601593,73.91429138,1071.8953930438813,1808.1267390611954,1748.8838220769344,9882.77859537001
18.45055962,73.92471313,258.6838826032076,3328.0536196115563,359.0082041497911,10039.340388782946
18.59830666,73.75841522,383.0221512664243,1346.2451776087405,1835.4065647676932,6066.388034704766
18.59652519,73.76265717,462.4694737056277,1828.2234821178356,1473.2909677932219,5714.848142666768
18.60178185,73.75954437,568.9910847277945,1435.995306320041,1851.2819778007658,6213.446289078784
18.60016441,73.7557373,147.6604706660011,1035.3611011361747,1562.8679887037868,5821.369651646822
18.59777069,73.76177216,592.1664031941666,1704.6206098957841,1634.3504527943471,5877.2898494591955
18.45106697,73.91685486,62.87947468065508,2689.2084207817456,855.9719383291535,9413.109386174365
18.57409477,73.77438354,864.7075087236708,1867.9266152663831,1172.2773953913081,2960.5893732502195
18.45063019,73.89899445,39.06467610634863,2081.3784802495084,2411.1763749144443,7997.18452174927
18.47076607,73.91299438,2259.1949915560144,1366.756256169117,2844.954691362703,10651.405325197784
18.44655228,73.87433624,370.0774830069679,3715.784637890303,1553.0993856415992,6105.223689507078
18.45461082,73.91021729,527.051860513518,1951.214263524629,1659.3090241306154,9145.208838907893
18.53680611,73.89556885,1068.32706288472,1325.9281891719568,551.9967113713134,8550.348158807985
18.60027313,73.77169037,408.73571201015875,1916.6105505983332,1886.9723587017581,5866.332049839506
18.45555687,73.92867279,212.06606209843548,3377.4231212035775,1012.5783953880986,10704.450301253837
18.46720123,73.90486145,1629.4880302726901,552.1481832497587,2986.221676177588,9800.424625060652
18.47912025,73.94314575,1240.1364852911415,4666.198301951006,1884.2410541571276,13459.912312210095
18.46165085,73.88987732,43.279985745611796,1376.6250738905483,3111.5710208461423,8381.437175968471
18.60034752,73.77388,193.37474222731507,1769.440865145384,1848.7087216096106,5825.553737236195
18.44071579,73.9079895,945.2948488971657,3286.7705889853705,1549.9407050130142,7969.0072262675685
18.56352806,73.75112152,1631.8989688983308,3244.9109902449923,1413.2935779632223,3148.280662064571
18.56761932,73.77799225,395.1400893001751,2359.523765818838,908.4971244079737,2175.1867620466305
18.60243607,73.77078247,529.0333565209291,1964.7897381934106,1755.660655384196,6120.198935779558
18.55917168,73.88117218,520.058500497227,1413.800493454834,575.0936987315891,7882.4755427399405
18.5519352,73.88988495,36.366525625775864,700.1112704379218,245.07592440223644,8388.200102890769
18.62402916,73.73253632,1199.2157771173618,2930.4809948270804,2157.886887990124,4061.6006372038923
18.62774849,73.79701996,361.70024973415684,705.0894438867513,1132.7966134479411,6256.110368098978
18.62901878,73.78148651,256.0287480974335,1687.8189674977114,947.4937440974237,5196.131394015153
18.63259697,73.80936432,625.304626405874,929.9528208300895,816.7371577331037,6840.063322830316
18.57692146,73.88557434,370.30386471536826,2437.3122707045445,340.78071461351556,9350.562373887147
18.55951881,73.77996063,518.0552930341556,3195.892857352512,1234.5846204558081,1253.1541049451248
18.58518982,73.78179932,366.3849052399286,411.83675560973967,1513.7626969084395,4017.587309893123
18.62517357,73.73738861,683.4153193396737,2841.38614630627,2068.9286214983276,4559.988603702224
18.63718605,73.7440567,421.5502166297358,4035.09724352562,587.5348780796633,3930.3978094894987
18.63767815,73.73706818,235.91391797142015,4190.676783339158,1211.4435116646778,4211.000680720475
18.62446976,73.72875977,1559.805771909906,3181.962283519923,2423.9303867615095,3768.6871740838988
18.65149879,73.73213959,190.03341203791436,5806.8996629256335,458.674985151572,3402.8903810915317
18.63230705,73.73251343,897.0160356943812,3763.999469188909,1699.3858614560695,4638.688831190086
18.63676834,73.73078156,878.9329491248029,4292.315871530384,1195.8684135556011,4669.997835503232
18.59382057,73.87377167,225.61437169757428,4668.110677725493,1009.6941110781702,9774.856640375121
18.50675774,73.87688446,179.0033146845633,2236.588910502969,1651.125459307942,6817.610428569669
18.50420952,73.90144348,256.93234580086926,209.99306100726773,542.1150106524889,9383.936629713584
18.5152874,73.7730484,381.07789666709584,6491.816768314121,853.2839995103488,2640.2035517015006
18.55462074,73.802948,251.05078408666944,4189.819816287135,449.4572066018262,1837.2339127016342
18.55456924,73.81224823,590.4151099140457,4731.805822247445,986.9338947307607,2782.5310607805227
18.52210808,73.77835846,640.3024520438728,6142.559717047464,456.4456853294684,1848.6419634178562
18.54482841,73.79354858,1207.625354137895,4890.771392757365,1227.4013148529723,901.1720516611103
18.57080269,73.77485657,499.9395736520747,2155.978418556956,1106.445529981677,2594.3044845845448
18.56114769,73.81332397,81.07098369290676,4262.9688705823655,872.6542532758597,3124.08572730557
18.54958725,73.7890625,1010.7779203224414,4293.864444646013,828.8199288299877,278.14351037833177
18.57207489,73.77645111,672.1329589313013,1954.1664528493013,930.6290313891487,2692.227644210248
18.54591942,73.77755737,305.5872213320484,4728.965998937304,411.0960017210476,499.6024520025305
18.56026077,73.80919647,521.2801787474006,4038.266416251432,975.4652333271512,2689.5099687616216
18.54414368,73.90107727,830.8085131707925,910.647882101436,688.5430713792741,9272.154184970894
18.57972145,73.76592255,399.2048783219097,2152.181052073416,478.0918050657036,3857.517285083612
18.55742264,73.80046082,353.63701863394476,3792.925633446424,831.2333812560552,1730.7030295084066
18.57212067,73.77640533,675.5343415268072,1951.6491696112048,935.5240761111021,2698.1806994220706
18.57808685,73.77077484,907.9932347270993,1807.3700933728421,763.6245968820707,3496.080873522339
18.54877853,73.76789093,509.15093911903557,4690.5907532638985,1452.18525160681,1440.050273862917
18.51524734,73.7729187,366.69921259748355,6504.422900829412,867.5722480370059,2646.907477944873
18.55358315,73.80482483,139.761645798925,4385.832944498023,340.41521281050905,1995.1848899376935
18.54436111,73.78487396,776.8078528240297,4847.081921613834,370.76035636046674,565.6123777980772
18.56436157,73.83913422,145.2921263932587,5832.999493816913,770.1153879240101,4990.633205507754
18.55794144,73.80295563,589.5662848810844,3867.4474458140494,814.1227173929921,1987.2547393097407
18.55465698,73.80698395,388.86544167850195,4400.980702689143,553.7768406724118,2245.4685655145036
18.55539131,73.80922699,632.2965964398094,4466.761155268118,773.608024636142,2495.137578251041
18.50040436,73.77735901,736.5790542126309,5939.429150293689,2036.447803437122,4258.148336643556
18.55842972,73.7952652,350.0990002137735,3476.337501840662,860.5263611487482,1374.8553323387262
18.56683731,73.80549622,528.7166201123131,3233.1065551677275,658.8086919823419,2797.6324296864655
18.55557823,73.76647949,409.54949298479664,4065.3087015669844,1663.6668313620112,1779.8691546007062
18.52750397,73.96342468,606.0821662874959,3681.3595334456622,1190.7643144421036,7990.790284490628
18.56682968,73.91797638,628.5767827401285,2740.2110812664596,2163.5299598153156,9844.847593695873
18.55300331,73.93356323,436.6367967734759,555.7695783431072,1396.7102852171583,8738.829007524168
18.52931023,73.84796143,142.30182753426908,3159.35840597115,635.0827084436239,3464.445134743643
18.55159187,73.94326019,746.1642638360967,662.9672494080735,1046.1414457843762,7885.444982869853
18.45937729,73.91976166,847.1387158935127,2347.53093082097,1404.1443793879776,10244.89958283462
18.48189354,73.89647675,579.191493197994,1450.3534691114062,2511.9375228356603,9837.336292655167
18.60449982,73.90254211,2263.7133039554046,5393.324322064868,672.7638984656269,11486.075785318093
18.54856491,73.88799286,125.03212848796177,1117.0005085449886,625.9336331006293,8075.265527563432
18.59881783,73.90312195,1681.3111252171725,4782.312772242113,1168.2678876413358,11320.813187630309
18.54802322,73.89959717,421.0609859288761,1107.1273472720502,592.6981436864121,9227.314783209737
18.54919815,73.90361786,683.3845093493087,1207.5999393816496,480.4342822963011,9670.715438565447
18.58414268,73.98375702,278.8906312858994,6223.343931352005,740.5864349539216,2711.829445391
18.59725189,74.05182648,2240.527885085464,13180.579629663485,3064.1277120460527,4679.8649075890435
18.47592545,73.85413361,257.54127623636884,3837.303586949747,87.01473161662322,6869.840372308812
18.48110771,73.86430359,780.426055029512,3998.934302233533,1244.600868341084,7147.652659524663
18.44947624,73.84402466,318.0791910897543,4637.160807600487,1496.7176390658035,5736.730574051522
18.44222069,73.84529114,922.4205346169722,4791.961814358179,748.4896488773061,4924.0049329039775
18.48049164,73.87045288,375.51954029835076,3367.043089477531,1803.1200227722345,7673.786839186608
18.49583626,73.86147308,364.70307406962013,3095.6264446057403,1002.5308277693726,5880.962903596181
18.4944706,73.86396027,572.804118705883,3392.438738067582,1305.0720265300897,6183.280700947492
18.48164177,73.86614227,692.3980240272447,3837.0662628042282,1441.389797762283,7248.787510053174
18.47667885,73.858078,120.89414175068625,4022.752373529627,432.15639718198815,7060.647468294557
18.46612358,73.85324097,464.4655093873527,4733.6504782465045,1011.0861701671176,7602.518795189161
18.46162033,73.85053253,799.278735945439,5080.498892898839,1471.0274170166092,7084.302654754208
18.45836067,73.85440063,398.359314326376,4974.1793821093215,927.7342396114594,6754.952413823613
18.47758484,73.85728455,69.83606320463275,3891.792482580643,413.9540137866312,6929.685302455768
18.45503044,73.86703491,680.5036880053274,3834.7062844560387,592.4726606676892,6674.805676177028
18.47400856,73.86915588,552.5598745252985,3307.644995238923,1571.350080771298,8066.124381529974
18.56236076,73.78580475,89.38608349068679,2849.1816762541703,542.4574128785918,1450.7815201045385
18.62447548,73.7853775,642.9211931409901,1149.518713331314,320.50920493882757,5837.208947784313
18.53393745,73.89832306,1423.9024575175836,1163.4215496649788,934.1604623774159,8798.31230476029
18.53276825,73.93916321,254.60639043590444,1873.900781217601,1042.2569904300317,9388.21076606038
18.46611595,73.8269577,752.0690618226851,3539.107436861281,702.0562478098622,6722.503032708361
18.62928581,73.77713776,153.05096579296418,1863.212921007433,642.7741047445384,4965.6206820363595
18.50751877,73.94139099,781.7003269877507,4218.5070310826395,606.6300086702155,11178.261438318412
18.60032654,73.79438019,316.262734562688,1731.823295026643,386.4593439925983,5732.296200299727
18.57931709,73.81426239,1027.8363605341224,3290.0092148092745,956.3677145233803,4440.969265749845
18.5396347,73.89807892,1170.675381630383,1037.465974225026,395.9098235367759,8862.253673049934
18.75581551,73.84977722,187.97053993848812,14593.726504050448,1209.3353811089657,12263.858971153959
18.55890846,73.96257019,1614.5007875476094,2854.8901310753554,1194.7186848366605,5709.62748208109
18.59409904,73.74171448,237.99670297349607,390.80797444394585,1478.3027665373772,4457.279374649435
18.61053467,73.77159119,192.62209280616958,1442.5180774537516,987.0692382656478,6772.268520585551
18.59076881,74.00076294,1733.9584561838674,8104.897369114113,2055.0750709941904,1148.0434344156847
18.61428642,73.81586456,35.94804188190204,2644.4262214260325,1104.5788582965774,7860.82249212458
18.6006279,73.78252411,239.42927974275412,1423.6228686554653,1062.4974100297043,5719.255199891652
18.46849823,73.85266113,485.8130000599106,4469.980992472606,760.8214304954005,7466.422778731082
18.599823,73.77628326,91.79914782095723,1573.4548601915126,1683.9376984975802,5715.9672711506455
18.46827507,73.85227966,523.1628565844165,4474.214792224323,794.8628830569891,7466.458352862727
18.57935715,73.68952942,157.94725755738423,5989.272753614837,363.05901188009307,2933.7391775029755
18.45128822,73.82376862,554.7964102128907,2537.7507252858254,2318.911639578166,6428.392509476036
18.59511757,73.78903198,78.61720895876032,934.3650475029973,425.2301276658688,5098.968728596839
18.47351456,73.95557404,308.15336101498275,5866.53626055488,1091.155368094822,12025.216075510261
18.46458817,73.85141754,679.7496248010372,4808.982456927825,1214.3899527089166,7418.7696992260235
18.58903122,73.80046082,895.3095397509337,1696.4365400589618,36.32081852657189,4655.714469119235
18.66044044,73.81028748,386.80813093031827,3205.0081968275526,374.8217259410591,5626.581187644025
18.51945686,73.91488647,1475.0225029723883,2055.502509631576,1059.6455069271879,10517.52075009114
18.35493088,74.03047943,451.7246865347864,18732.733537300483,1240.6015220816714,6652.3030149307315
18.45877838,73.84264374,618.1415781841357,4670.932238327157,1796.454148517228,6778.552473916899
18.4670372,73.93384552,1192.2726929245357,3565.4136486947423,2400.8211573905323,11925.404336845846
18.4805069,73.81829071,644.1127036248698,3102.1370533665095,227.79083245097658,5019.3911762328225
18.45766068,73.9354248,402.0667474870304,3942.2382895310766,1607.0091105830743,11417.665535959184
18.58218956,73.77103424,899.0803931999793,1547.9735204734093,472.34807868458194,3922.5432869917604
18.58242989,73.8307724,336.09459562399786,4925.319603707059,568.2592902327243,5948.70290403917
18.44791222,73.82184601,975.3205438467244,2291.794109148385,2525.2999631076163,6169.712504179641
18.4847908,73.88598633,323.98783688947367,2276.7976416498723,2905.6841474584166,8720.280555890007
18.59098053,73.81969452,1101.3905727812976,3734.5046120459106,488.93168230657204,5808.581687794914
18.61786652,73.75193024,487.5053466279019,1984.7518073365445,859.5397822203339,5636.815713702521
18.43234062,73.84060669,136.40528758586956,4568.661705563494,456.2841683613451,3886.286582948987
18.59012604,73.81243134,1030.5827406681608,2963.6786694951834,1210.030182718102,5299.749829835448
18.56709671,73.94976807,281.2453147580661,2350.603662869593,661.1567646965732,6587.453599463286
18.62091446,73.87155914,273.75091957551757,7539.88680004351,983.4906307536506,11993.739342312141
18.44909096,73.80989075,1046.033818165242,1054.7203077950933,3313.921167823438,6922.118767704569
18.44801712,73.89817047,339.5096531927791,2377.476609713557,2130.2115193292057,7726.458268887784
18.66466713,73.847229,197.40337412434184,6039.507021770553,1536.162745395248,9435.025385661434
18.44235039,73.88324738,927.7967234151827,3487.2692340502954,1015.0178333715543,6219.478241858713
18.50875092,73.84584808,242.90107589772236,1387.2605655549705,921.3348151423357,3720.285137908248
18.59967804,73.81496429,143.07319042660635,3474.6712026527625,545.0384701109768,6355.014028762122
18.45146942,73.86211395,397.1266644164079,4473.537644833013,242.49160916835956,6148.144926012099
18.51822281,73.8483963,363.6035945981173,2197.7255028018494,110.69414745628525,3579.460768979505
18.6150074,73.75059509,205.4991831263983,1638.9256954204434,1170.5557183761111,5418.646205075057
18.52291489,73.77516937,411.2109901725744,6489.846724512354,739.3214518357153,1768.4106037743575
18.68511581,73.83211517,600.9886345874191,6668.324125597469,672.2103444627522,8001.33095207274
18.47158813,73.93374634,1581.8404367594023,3554.853252091621,2870.0772471670266,12249.480297906612
18.55463982,73.95282745,1490.226350262241,1726.7696214076025,1303.079856714869,6837.134559972102
18.55987358,73.89556122,335.3180587318182,384.1510035436176,411.73662500156615,9277.881158682589
18.60000038,73.77999878,5.764934500700983,1418.1661520676996,1301.7036820698083,5675.311832426199
18.49149323,73.93418121,1044.3798049203917,3773.887979537524,1579.5092290518253,13044.660756844918
18.63470268,73.69690704,4027.160611294714,6387.289936034926,1958.7819515632095,3485.0461240358063
18.54802132,73.93351746,363.97882242594073,438.38368692329743,842.7212923045495,8980.167870953037
18.49774742,73.85173035,146.28630134076235,2055.661442901831,398.23069410125674,4928.197959148971
18.58634377,73.78097534,237.93254201612265,403.19073382009105,1504.0314961866598,4156.117002604615
18.50546455,73.80851746,263.2341216774155,2640.2306073357568,526.6184585145171,2347.537476693235
18.45344925,73.82279205,467.8986251091844,2494.9789413528592,2136.359886193451,6689.82822282548
18.53504753,73.85189056,189.86714030409095,2881.1181508507675,347.60554937284394,3995.2384326863994
18.50115395,73.92419434,220.61179558426488,2464.3944049615525,77.61041692443055,11794.076660224066
18.66116142,73.72866058,76.01783806444021,6939.428198999907,1536.3694385395695,3228.7779896941224
18.55945969,73.79322052,293.76912287385755,3301.39641177492,659.8486429532733,1334.3588663947976
18.55848312,73.93278503,522.9009901347147,1105.7583798845815,1825.1311204008116,8589.344929749786
18.73064613,73.6730423,1934.7981619829263,1345.0595775564814,1756.7529398901015,2246.0858626480017
18.44516754,73.91171265,527.9900718893222,2950.4031535585204,1318.9507749616857,8580.977086065239
18.64005089,73.79266357,114.4723640479922,1132.9498156064142,1787.4969983544852,4956.639755868086
18.54041862,73.92922211,591.5590376331958,1327.7277122698433,449.63959756946946,9782.151014922729
18.49061394,73.82006836,510.42102846121475,2086.778976846882,911.5595441010554,3917.73605757399
18.61031723,73.71395874,1559.5884188163827,3528.574212943871,740.625325115752,1594.4387617723662
18.51627922,73.81690216,643.4458968919117,2197.149550134282,1425.1225320265357,1045.0912777806066
18.62981606,73.79961395,246.54123405273913,381.8138015558924,1485.8607740465648,6273.786286636131
18.68206406,73.83172607,376.37484615251924,6355.153902611036,858.501949325613,7896.799092547048
18.64890099,73.77767181,238.54092997613822,2981.343663347716,1732.5570685994157,3143.6818857650123
18.63196564,73.84397125,985.101565527853,4576.313348581369,930.440382839907,10012.461352767385
18.63233948,73.76102448,347.93060216867656,3214.1992962445242,152.05572289547513,4204.369536448321
18.53657913,74.02279663,1084.8312785437968,9121.596851030801,2829.2872454929384,5518.98079396691
18.55481339,73.92793274,878.377086155324,1154.0628272591653,1469.395207569722,9211.09701433721
18.555233,73.94291687,890.6148022576909,863.162939941065,1419.8902023392623,7738.171481788016
18.6554203,73.77607727,278.83895075557734,3576.9104479478774,1423.0064821196154,2515.6035857918687
18.62310982,73.81984711,932.169487040789,2318.073655539706,1795.1433890893136,8360.175962518393
18.59669113,73.79779053,170.04799324206616,1713.1476007057954,609.3801100835299,5400.825619507844
18.60704041,73.77272797,70.93710301999255,1492.3821593528862,1209.2555109732007,6578.084022617629
18.45478058,73.87535095,366.7001094250882,3072.6007589232386,1453.8148302939853,6972.402716224273
18.44711494,73.84838867,440.3034530471412,5089.259636287843,1381.326695400523,5464.519021332064
18.66948318,73.73644257,474.11571105654184,7686.967782485897,2508.7996098342605,2255.453994602088
18.5904026,73.75090027,114.11324131529473,674.6077490929248,1837.890501664595,5497.7177908082185
18.60108376,73.77476501,119.25981708663292,1779.075744642287,1745.75526604548,5885.10021682872
18.66410065,73.90952301,1770.337453410673,11985.715621956902,1392.1125953307376,13752.350050306572
18.64649773,73.77364349,319.6227493343378,3201.508812172013,1506.799175646701,3101.148772538702
18.75086021,73.84725189,731.1673961018156,13984.296700418827,597.6354259359049,11990.709388367388
18.59421349,73.71434784,150.9849776478066,3212.7298850132806,581.9782854906111,1781.6831052017926
18.57948875,73.97609711,314.32986627384963,5269.664050211646,237.77228311010325,3564.0344984723797
18.6112957,73.74077606,911.5619735266072,1273.7607794127423,497.73630535928584,4318.840495541227
18.6340313,73.77325439,289.91927353284177,2519.564650876284,871.6743312543097,4319.56142178434
18.52963066,73.82131958,888.1843375402447,3089.8361668635257,337.37483506885104,776.0014826800746
18.55122948,73.93897247,304.5814322623165,254.03456747275877,1317.0193715675853,8306.107727976545
18.59308052,73.70708466,89.80297491079384,3970.9971371301613,701.2300450564514,1349.9457804675128
18.54874611,73.93305206,375.5539201480476,462.2819371902033,924.446521899454,8987.90350553541
18.56463623,73.83358002,321.9508989710867,5795.243881707431,538.1119907414321,4751.453863544271
18.70651627,73.7856369,368.63565874190266,8309.984762332328,1387.5427531925104,5002.931829207574
18.50874901,73.90709686,280.81461811981734,667.9860713671509,701.3067701623871,9853.552925396121
18.56237793,73.94921112,550.55235558088,1897.6572732239586,1022.8939704449765,6815.687697567299
18.60074806,73.92801666,1095.9684573161358,5779.286665506097,966.0299978933014,8772.007741091626
18.43601418,73.86934662,966.1905149850874,4924.767468116797,1689.2613479399124,4823.887964649962
18.54932213,73.93157196,510.27506147617294,610.3966364891317,1007.7892859123734,9100.219571429685
18.49795914,73.96952057,337.38510319805334,6662.371166754481,1273.886008743993,10512.95781328316
18.47597885,73.97411346,1612.415440544868,7838.2493059700855,450.9173229061663,10656.661390671936
18.52169228,73.77030945,121.75480004440132,6938.684531980955,1122.2077610409506,2026.741153848322
18.52470016,73.86399078,260.61076510006063,1477.05645857476,732.4281945759323,5130.230406886212
18.51625061,73.90840912,1091.472128569739,1348.6326684149412,1546.5751843554851,9867.208172873605
18.45327187,73.83125305,182.04788407501866,3355.3011913127425,1956.412015322451,6378.282844124085
18.59386063,73.71205902,195.05627286541338,3450.8656284283325,506.54060897345914,1617.8549451168608
18.44929695,73.87532806,94.02390896413252,3434.6449196866547,1522.6226780693382,6424.178574956174
18.50510406,73.79549408,303.6601944387295,4011.518679362393,1802.2667941216318,3090.8136155906527
18.48616219,73.94197083,950.178488446993,4752.541090581803,1948.2539839873075,13054.631008983628
18.44914246,73.88239288,180.3878710182894,2920.777113997272,1774.3265037314263,6784.489464728635
18.65365982,73.73862457,120.0631913629844,5912.538585657084,1055.2589239342767,2722.784382755778
18.44768143,73.81111908,1223.775275910473,1160.5702733863513,3346.068816473486,6719.488937153971
18.49817085,73.82077026,590.2169406948367,1511.7476777155778,1006.1545347846036,3098.942411550197
18.61247063,73.71542358,1751.9611042252432,3462.7065883842747,1008.040376513512,1848.6280272691351
18.63189888,73.77593231,79.82940088068997,2180.1825620386753,753.1423804098885,4648.526974815633
18.60332108,73.7872467,751.1915643960402,1233.4439337731696,814.6211433954664,6004.427886551062
18.67391586,73.80892944,992.4558035023416,4619.998786292575,1358.9872874887205,5398.654842077544
18.47051239,73.94250488,1088.5630995319088,4471.601555645078,2377.151621327675,12876.380240255186
18.62263298,73.91603088,3340.0326160439104,7688.079179942661,675.9230140049274,10718.854613834375
18.75392723,73.8572998,210.54892180589047,14701.564621181547,1311.2328835980672,13050.107565287017
18.61588287,73.87258148,177.77657319125964,6975.605629060418,1102.943423018037,11713.370154658158
18.4464283,73.91749573,464.93383168179747,3136.0151843350072,693.8165929971134,9153.186343152352
18.61376381,73.71811676,1863.352908446115,3261.0270839148093,1319.8321612120333,2165.512200090347
18.60105515,73.92093658,896.3632045667764,5681.452793858906,1539.0439063132676,9510.09149232912
18.58035851,73.98484039,49.75009445942294,6066.2216997283285,783.8987565875466,2639.3327169295544
18.58424377,74.00370789,1794.616362997304,7988.092524784652,2603.5755140416795,609.788647971951
18.56394577,73.8102951,261.3185969321984,3817.1680172782217,550.1229359131496,2994.431334186098
18.5336628,73.93003845,319.16634857382405,1926.068338431449,836.9721933155515,10108.748692724164
18.53367805,73.93003845,319.54221633790814,1924.514755215122,835.4451361193147,10107.798718977914
18.72909927,73.82025146,3171.240063828701,10870.912298734074,1763.3935026767597,9292.194359797442
18.57719994,73.75559235,694.2428558264696,2010.7804667955063,512.0496215307026,4216.004494169892
18.48261833,73.80117035,55.2321858208885,3963.6217324658223,1270.8530509035697,5003.292127636309
18.53338623,73.82621765,449.592834424236,3317.2871593573477,942.6662235193122,1439.5357050294194
18.5709877,73.81765747,725.3404395475893,3980.0523237166553,703.6906501702729,4078.0803422470667
18.60796928,73.93756104,2285.037229566187,6497.797546457704,389.1681565660309,8013.509335741113
18.63720131,73.74578094,496.56358549808493,4031.9116185480475,472.6239456012997,3865.3413438669522
18.51546478,73.77231598,315.4796914762612,6571.369714033854,916.6054174113167,2634.835680053969
18.52907181,73.92547607,731.1985808710429,2163.744426094765,970.5394308017744,10794.280471266047
18.55018044,73.92121124,1219.8032397991772,1703.6686242274427,594.7623884068615,10060.039068226633
18.69405365,74.13639832,6822.156543188268,26422.21046586941,8725.71712713712,18082.93465690403
18.49145699,73.79227448,168.09234468869988,4581.188299283007,2141.694712227721,4505.097961343738
18.69433212,73.64808655,1855.2577378769597,4894.3043302151,105.03702994279764,2932.252042964392
18.59552383,73.92939758,869.8453810327352,5182.266830685805,1403.4519049227358,8527.673830858585
18.50524712,73.79355621,325.78518985917054,4216.155024971578,2006.5125273853596,3221.4774380644994
21.1273098,79.08241272,589647.2559231542,609652.96151819,588745.7525787797,601113.8550455039
21.17945862,72.80954742,287163.3999996684,287975.44989099185,286596.6066431745,286682.07856873743
18.59944534,73.79008484,246.0443498720625,1411.4679194946013,293.6758157938667,5586.099296327183
18.43995094,73.84883881,1175.383831123301,5196.050078640773,810.7040138831852,4669.460652227119
18.57164192,73.82953644,762.322467230127,5090.723882185875,705.4350834051234,5176.47141438632
18.63172722,73.78774261,266.7124272927556,1359.1612274657402,1010.7556969047661,5297.302093453173
18.60121155,73.74320984,220.1808396876604,290.03560863701057,681.7647152734228,4496.471220700606
18.74325562,73.84774017,1222.618470215036,13215.379725918892,452.41949875261355,12079.740428822002
18.58147621,73.79753876,125.17666436308444,1560.203781054194,875.4687816933161,3761.406234669182
18.60222626,73.73621368,792.4632096223922,1035.672817889567,912.3660364943153,3754.509881437886
18.59380913,73.79833221,468.4613397325281,1605.9122955346845,612.0195027918437,5102.550720689011
18.50295067,73.80758667,488.54048295417783,2740.1405905806114,505.77530329603275,2643.7079413699403
18.51398277,73.86376953,513.1696468739297,2059.3686530956134,782.4812705905649,5265.963443621156
18.57938194,73.98279572,243.4303321156803,5827.141225596293,597.894769882321,2871.5419077538927
18.52243614,73.95858765,497.5192881745538,3753.4192647298773,1752.4300329735015,8748.442279369867
18.53225517,73.94303894,651.2841820849997,2012.4487353246463,1357.5383368346427,9105.459882305911
18.62142944,73.78649902,304.5181391934554,829.8870187757672,186.01760290260293,6190.212877859796
18.45730782,73.83914185,404.783384097755,4270.858891741358,1717.416518926295,6653.421254588703
18.59160042,73.71278381,398.7791136753103,3369.223089268776,769.0546219153124,1847.36462620795
18.59894371,73.76527405,768.3231986414263,2048.8820809975236,1680.6200477465395,5881.402258421143
18.59788322,73.78840637,190.09731083967333,1182.3146108017354,389.4359152200067,5403.144423253714
18.59203911,73.7318573,218.78138538121812,1358.6145913204746,1834.8278335198186,3532.962688048387
18.59425354,73.74131775,202.4108204648702,435.00919983216414,1465.6169832877038,4412.599023913622
18.48571777,73.81295776,124.84269604292768,3001.273471940724,204.98069273868705,4437.440341565012
18.57535172,73.67964935,914.8871719851576,7108.855041561649,945.6313563119144,3836.6399755644184
18.62132835,73.85353088,256.6660486930425,5734.141619478467,538.8426409083404,10681.831377840224
18.44493675,73.8012085,1143.1835350087315,254.17435509923274,3307.155414737827,7138.462957046501
18.54369545,73.78440857,688.0080310704882,4920.848095281235,384.11469101840436,599.1692028052672
18.53475571,73.897995,1364.3359881546482,1152.3384657864265,836.8334569274075,8774.036044509538
18.49514961,73.96816254,366.1148546993148,6864.222746802249,935.2327539396457,10856.57030262378
18.60754967,73.921875,1617.7396964186269,6363.964279021424,1269.2354154416935,9579.653377645387
18.59599876,73.79756165,248.1559937480309,1650.3539619091691,603.8519844245446,5320.410405020742
18.57417488,73.90983582,798.5205799642164,2546.417210356866,1478.7781354462506,10566.29715731653
18.55659676,73.94007111,636.1370165182117,835.8565529176875,1615.632977689389,7950.558777353402
18.56627274,73.77991486,521.1741696068642,2456.3946289256846,850.1754938498116,2000.3781870582534
18.54691505,73.93416595,396.0436294478936,444.9722137003622,723.2530087099314,8976.02778496654
18.48850441,73.9008255,1217.2023913284472,1560.1023256112069,1657.468427001031,9911.031068310102
18.60337067,73.82587433,37.606953735510416,4250.745937235557,689.3957583465666,7306.822359280241
18.55533981,73.94221497,845.2580198296329,824.0147866394306,1463.0174588572463,7800.357171237792
18.46854019,73.81988525,43.33929324747765,3175.088011996518,1202.264367217267,6358.465184144326
18.470047,73.89107513,246.84641990110265,957.9684453221164,3604.6514146006475,9245.983286600293
18.62791824,73.73498535,810.4596039074121,3214.3748556391333,1992.482851403365,4522.703858063145
18.44767761,73.89941406,345.2218624169354,2407.438291626329,2189.713356133025,7791.244886562108
18.54387856,73.92185211,1458.0278382690628,1562.3641197795775,700.0137835263347,10286.248974049558
18.45072746,73.91629028,20.10931214635971,2679.5337181339546,892.5127925739654,9343.050157883235
18.59333038,73.93199158,1097.3431216062525,4902.729275807645,1577.1470603396583,8224.822446589078
18.52306366,73.9298172,270.1891965895934,2920.1705683391488,511.31295220558883,10831.30257450666
18.58797455,73.73735809,74.66286409210198,902.6932149099492,1240.1429229672406,4242.393480716226
18.58025932,73.73374176,553.3593776979885,1752.9363575832929,650.2472429121837,4347.552984602725
18.49928474,73.80348969,846.0564342078055,3217.7119457017807,997.7675118023069,3177.741017654077
18.44933128,73.9080658,20.815064460118897,2374.9502219047567,1693.557177934006,8580.699674175678
18.52472115,73.90880585,2034.1678084710597,1604.702623634738,1771.4031323661109,9854.779983409468
18.57167625,73.82749176,963.697262812322,4888.53910245438,648.4344480730757,4990.28236352961
18.55162239,73.89958191,399.2804689984378,786.3034904019843,257.3841503379111,9341.974882755649
18.55962372,73.94892883,806.1123711389196,1657.2973380962308,1289.8185650255048,6959.825964911348
18.48798752,73.78939819,345.9664621215827,4697.838292059427,2397.5237097517174,4993.805750044465
18.59781837,73.7609024,577.6697329108516,1613.9032082667811,1672.0282999261358,5915.348011154395
18.62430191,73.72978973,1460.946875014707,3105.832650319607,2343.304831000843,3843.4550226235415
18.66268539,73.89546967,786.7651552075762,10525.93494177072,1242.1006099858496,14521.156522218114
18.47189713,73.84466553,1237.7605946604215,3796.987104081813,1079.5451199670674,6720.759541758523
18.4577198,73.81452942,387.9815463799972,1930.7719768977788,2298.157437560491,7490.871920202586
18.48542213,73.93516541,1466.3433794275097,4106.415463401327,2174.7135758276218,13400.089813191207
18.61416626,73.87371063,43.14817586074424,6756.4211089770515,885.9568503575149,11615.73378873503
18.56254387,73.93169403,63.57258486521523,1565.0480147570097,1621.8895715484293,8557.512872629713
18.59726143,73.81361389,294.0586562417887,3247.819818425477,770.4430840933491,6050.944744322028
18.65605736,73.77078247,57.317834217795635,4042.173940555573,871.4880000738325,2066.7640895526984
18.6529789,73.7727356,176.0485153804324,3669.133704574564,1095.6423805689903,2460.81740015404
18.6579895,73.77426147,74.12891363406108,3913.4745997974865,1273.0036026588687,2187.0962203811105
18.59247589,73.79853821,611.1950096261212,1572.2515710036762,469.2392912746955,4964.514302398057
18.65200233,73.75196075,809.2421438952431,5443.941383461696,1169.4294060186587,2098.263771256579
18.59401512,73.76426697,212.90717980972275,2068.3440396547626,1158.139480568806,5394.47466716485
18.55077171,73.79243469,667.0636628848847,4219.75201003566,1202.258777289818,652.2091893548222
18.56031227,73.76267242,635.2029451938996,3832.950975520361,1563.8579424313043,2393.091751397287
18.57715416,73.75396729,862.8821370530669,1923.0008133646409,641.867165924756,4325.342159058588
18.5986557,73.80379486,133.23964674653493,2364.96662052163,1147.627219795644,5782.100113706001
18.59547997,73.79855347,282.3168087286635,1710.1307725116444,721.1977443701772,5288.423425912008
18.55793571,73.77638245,648.7604028973785,3442.869224456043,1392.3729611701244,1196.7841633321884
18.59983826,73.75639343,220.03332806982797,1107.7122638408407,1640.845552060731,5892.813122805154
18.59330368,73.74833679,274.7120935525285,402.00051356734366,1659.4578069466058,5156.961975885608
18.59449768,73.7748642,123.10252097047723,1241.4760012753466,1443.4054519610493,5168.740709929385
