city,locality,geo_lat,geo_lon
Ahmedabad,Bodakdev,23.0445921,72.517344
Ahmedabad,CG Road,23.0260111,72.5567179
Ahmedabad,Jodhpur,23.0169268,72.5204317
Ahmedabad,Sanand,23.0238876,72.3851475
Ahmedabad,Navrangpura,23.0359998,72.5643429
Ahmedabad,Vejalpur,23.0069372,72.5208415
Ahmedabad,Jivraj Park,23.0063315,72.536517
Ahmedabad,Nikol,23.0589329,72.6718737
Ahmedabad,Shahibuag,,
Ahmedabad,Maninagar,22.9986596,72.6114013
Ahmedabad,Ghatlodiya,23.075569,72.549728
Ahmedabad,Shilaj,23.0544372,72.4720756
Ahmedabad,Saijpur Bogha,,
Ahmedabad,Jodhpur Village,,
Ahmedabad,Vastrapur,23.0400861,72.5290418
Ahmedabad,Satellite,23.0272347,72.5071124
Ahmedabad,Chandkheda,23.1100643,72.5811205
Ahmedabad,Bopal,23.0385802,72.4587752
Ahmedabad,Prahlad Nagar,22.9999369,72.5050111
Ahmedabad,Vasna,23.0020055,72.5472413
Ahmedabad,Shela,23.0108213,72.4427119
Ahmedabad,Makarba,22.996342,72.5043085
Ahmedabad,Khokhra,23.0008422,72.6186315
Ahmedabad,Ghuma,23.0295113,72.4506006
Ahmedabad,Ghodsar,,
Ahmedabad,Memnagar,23.0516973,72.535169
Ahmedabad,Nehru Nagar,23.0225299,72.5416944
Ahmedabad,Keshav Nagar,,
Ahmedabad,Near Nirma University On SG Highway,,
Ahmedabad,Science City,23.077854,72.494798
Ahmedabad,Thaltej,23.0485393,72.511742
Ahmedabad,Naranpuraa,,
Ahmedabad,Jagatpur,23.1144034,72.5477704
Ahmedabad,Motera,23.0917717,72.5973345
Ahmedabad,Ambavadi,23.0804086,72.6340502
Ahmedabad,Shrinand Nagar,23.0011144,72.5168855
Ahmedabad,Satlasana,,
Ahmedabad,Near Vaishno Devi Circle On SG Highway,,
Ahmedabad,Paldi,23.0145531,72.5635432
Ahmedabad,Juhapura,23.0040778,72.5285046
Ahmedabad,Moraiya,22.9306513,72.4407996
Ahmedabad,Gota,23.1010002,72.5408363
Ahmedabad,Vatva,22.9589978,72.6297981
Ahmedabad,Godhavi,23.0233196,72.4087089
Ahmedabad,Ambli,23.0287179,72.481643
Ahmedabad,Ranip,23.0766234,72.5764197
Ahmedabad,Zundal,,
Ahmedabad,Sola,23.069237,72.5111307
Ahmedabad,Narol,22.9729765,72.5895984
Ahmedabad,Ellisbridge,23.0231657,72.5602628
Ahmedabad,Naryanpura,,
Ahmedabad,Gurukul,23.0457058,72.5268056
Ahmedabad,Narolgam,,
Ahmedabad,Usman Pura,,
Ahmedabad,Nana Chiloda,,
Ahmedabad,Sanathal,22.9645191,72.4704112
Ahmedabad,Khodiar Nagar,,
Ahmedabad,Anand Nagar,23.0110669,72.5137432
Ahmedabad,Satellite Society,,
Ahmedabad,Isanpur,22.9811295,72.6012948
Ahmedabad,Ramdev Nagar,23.0264444,72.5120935
Ahmedabad,New Ranip,23.092529,72.561323
Ahmedabad,Manipur,23.0355463,72.4221954
Ahmedabad,Nava Vadaj,23.0682238,72.5640995
Ahmedabad,Chanakyapuri,23.086171,72.534872
Ahmedabad,Khodiyar,23.1559206,72.5483
Ahmedabad,Chharodi,23.0393458,72.2748933
Ahmedabad,Santej,23.1060238,72.4759517
Ahmedabad,Dani Limda,22.9964913,72.5774026
Ahmedabad,Koteshwar,23.0945918,72.6119846
Ahmedabad,Mithakhali,23.0311771,72.5641637
Ahmedabad,Law Garden,23.0263944,72.5610565
Ahmedabad,Sarkhej,22.983483,72.5007203
Ahmedabad,Kudasan,,
Ahmedabad,Ayojan Nagar,,
Ahmedabad,Adraj,,
Ahmedabad,Sarkhej Okaf,,
Ahmedabad,Khanpur,23.0329288,72.5766297
Ahmedabad,Old Wadaj,,
Ahmedabad,Chekhla,23.058825,72.3686102
Ahmedabad,Hatkeshwar,22.9993349,72.6245126
Ahmedabad,Santipura,,
Ahmedabad,Tragad,23.1283467,72.558657
Ahmedabad,Mumatpura,23.018494,72.495454
Ahmedabad,Rambaug,22.9999238,72.6006692
Ahmedabad,Bhadaj,23.0868734,72.4835036
Ahmedabad,Ognaj,23.1177924,72.5136803
Ahmedabad,Asarwa,23.0472488,72.6088046
Ahmedabad,Shahibaug,23.0556364,72.5965538
Ahmedabad,Odhav,23.0255796,72.6653505
Ahmedabad,Kankaria,23.0017632,72.5940885
Ahmedabad,Gulbai Tekra,23.0265739,72.5489628
Ahmedabad,shastri Nagar,23.0302382,72.6372435
Ahmedabad,Hathijan,22.9411139,72.6674473
Ahmedabad,Chharodi Ahmedabad West,,
Ahmedabad,Chandlodia,23.0836489,72.5520835
Ahmedabad,Sola Village,,
Ahmedabad,Shantipura,22.9950077,72.4724656
Ahmedabad,Nava Naroda,23.0687402,72.6734956
Ahmedabad,Nirnay Nagar,23.0697965,72.5524459
Ahmedabad,Bhat,23.1170709,72.6283409
Ahmedabad,Sughad,,
Ahmedabad,Ambawadi Circle,23.022456,72.5505847
Ahmedabad,Neww CG Road,,
Ahmedabad,Hirabaug Railway Crossing Road,,
Ahmedabad,New C G Road,23.1092602,72.5947005
Ahmedabad,Thaltej Shilaj Road,23.0526146,72.4817156
Ahmedabad,New cg road,23.024974,72.5568313
Ahmedabad,Bhudarpura Road,23.0180393,72.55112
Ahmedabad,Vaishnodevi,23.1361229,72.5426754
Ahmedabad,Vishala,22.9954909,72.5335463
Ahmedabad,Nigam Nagar,,
Ahmedabad,South Bopal,23.0235385,72.470527
Ahmedabad,Changodar,22.9402206,72.4567127
Ahmedabad,Judges Bungalow Cross Road,,
Ahmedabad,New Maninagar,23.0188317,72.6004561
Ahmedabad,new c g road chandkheda,23.1092602,72.5947005
Ahmedabad,Sabarmati,23.0770712,72.5890677
Ahmedabad,Motera Stadium Road,23.0819604,72.6070596
Ahmedabad,Narayan Nagar,,
Ahmedabad,Vejalpur Gam,,
Ahmedabad,Shyamal Cross Road,23.0139664,72.5288636
Ahmedabad,Sanand Sarkhej Road,,
Ahmedabad,Koteshwar Bhat Road,,
Ahmedabad,Bodakdev Road,23.0516211,72.5190509
Ahmedabad,Narmada Canal,23.3450938,72.3130173
Ahmedabad,Satellite Road,23.0272347,72.5071124
Ahmedabad,Subhash Bridge,23.0611627,72.5858628
Ahmedabad,Sarkhej Road,23.0263264,72.5077538
Ahmedabad,Zundal Circle,,
Ahmedabad,S G Highway,,
Ahmedabad,Airport Road,23.0791714,72.6107869
Ahmedabad,Gandhi Nagar,23.0601652,72.5806382
Ahmedabad,GotaOgnaj Road,,
Ahmedabad,Shahibaug Flyover,23.049496,72.5932852
Ahmedabad,Azad Society Road,,
Ahmedabad,Vijay Cross Roads,,
Ahmedabad,Bapunagar,23.0362408,72.630339
Ahmedabad,Bhagwat Vidyapith Road,23.0892382,72.5222394
Ahmedabad,gota SG higway,,
Ahmedabad,Gurukul Road,23.0458688,72.5348755
Ahmedabad,Manekbaugh,,
Ahmedabad,Sindhubhavan Road,23.0439485,72.5067183
Ahmedabad,Virat Nagar Road,,
Ahmedabad,Prahlad Nagar Road,23.0045991,72.5096372
Ahmedabad,Khamasa,23.0212928,72.5847376
Ahmedabad,Kuber Nagar,23.0735173,72.6415892
Ahmedabad,Shahibagh,,
Ahmedabad,SG Highway Service Road,23.1263903,72.5400089
Ahmedabad,Ashram Road,23.0242311,72.5713983
Ahmedabad,Bhattapaldi,,
Ahmedabad,Satellite Extension,,
Ahmedabad,Shivranjani Cross Road,,
Ahmedabad,J 18 TP 44 chandkheda,,
Ahmedabad,Sachana,23.0811398,72.1741575
Ahmedabad,Maninagar East,22.9993547,72.6137203
Ahmedabad,Vastral,22.9948656,72.6624431
Ahmedabad,Wadaj,,
Ahmedabad,Sardar Patel Ring Road,23.1296579,72.5896904
Ahmedabad,NIgam Society,,
Ahmedabad,Chandlodiya Road,23.0751633,72.5440359
Ahmedabad,Naranpura Road,23.0458191,72.5523558
Ahmedabad,Ghatlodia Road,,
Ahmedabad,SAL Hospital,23.0494743,72.5243905
Ahmedabad,Prerna Tirth Road,23.0214082,72.5198974
Ahmedabad,ISCON Cross Road,,
Ahmedabad,Chandlodiya,23.0751633,72.5440359
Ahmedabad,Khokhra Circle,,
Ahmedabad,Shahpur,23.0392105,72.5810327
Ahmedabad,Ambli Bopal Road,23.0274015,72.5064443
Ahmedabad,Hebatpur,22.1398631,72.1004929
Ahmedabad,Amraiwadi,23.0057574,72.6269822
Ahmedabad,South Bopal Road,23.0168635,72.4725529
Ahmedabad,Naroda,23.0854097,72.6580946
Ahmedabad,kolat,22.9552343,72.4222572
Ahmedabad,Ghatlodia,23.0848516,72.5303277
Ahmedabad,Ambapur,,
Ahmedabad,Drive in Rd,23.0459268,72.5368259
Ahmedabad,Parimal Garden,23.020404,72.556059
Ahmedabad,Drive In Cinema Road,23.0484229,72.5288598
Ahmedabad,Hansol,23.0759257,72.630564
Ahmedabad,Zydus Hospital Road,23.0585119,72.5174406
Ahmedabad,Ghoda Camp Road,,
Ahmedabad,Bavla,22.8278859,72.3684741
Ahmedabad,Navrang Circle,23.0474293,72.5566266
Ahmedabad,Koteshwar Road,23.1031114,72.6021329
Ahmedabad,Anjali Cross Road,23.003723,72.5538743
Ahmedabad,India Colony,23.0616704,72.6721767
Ahmedabad,Thakkarbapa Nagar,23.0388616,72.6358575
Ahmedabad,Visalpur,22.9109566,72.4869293
Ahmedabad,Chaloda,22.8032995,72.448175
Ahmedabad,Kiran Park Road,,
Ahmedabad,Vinzol,,
Ahmedabad,Meghani Nagar,,
Ahmedabad,Kalupur,23.0263312,72.601
Ahmedabad,Ghuma Bopal Road,23.016933,72.4729214
Ahmedabad,Ahmedabad Cantonment,,
Ahmedabad,Kathwada,23.0329173,72.6830623
Ahmedabad,Khanderavpura,,
Ahmedabad,Jashoda Nagar,22.9825505,72.6258224
Ahmedabad,Jodhpur Cross Road,23.0256526,72.5265946
Ahmedabad,shyamal,23.0154366,72.5292622
Bangalore,kamakshipalya,12.9858669,77.5331755
Bangalore,Kadugodi Industrial Area,12.9907478,77.7467309
Bangalore,Koramangala,12.9357366,77.624081
Bangalore,Sadduguntepalya,,
Bangalore,Chandapura,12.8009043,77.7114908
Bangalore,Yelahanka New Town,13.0978039,77.5811889
Bangalore,Bommanahalli,12.9034581,77.6230028
Bangalore,Kengeri Satellite Town,12.9229728,77.4842926
Bangalore,T Dasarahalli,13.0427796,77.5129645
Bangalore,Attibele,12.7751249,77.7709216
Bangalore,Kasavanahalli,12.8977737,77.6745075
Bangalore,Nandini Layout,13.0125961,77.5333145
Bangalore,Bharat Nagar,12.9730088,77.5804711
Bangalore,Kodihalli on Old Airport Road,,
Bangalore,Hebbal,13.0382184,77.5919
Bangalore,Whitefield Hope Farm Junction,,
Bangalore,Banaswadi,13.0141618,77.6518539
Bangalore,Whitefield,12.9957428,77.7579489
Bangalore,Kogilu,13.1067228,77.6173956
Bangalore,Hennur,13.037077,77.6413572
Bangalore,hongasandra bangalore,12.8964767,77.6216675
Bangalore,Banashankari,12.9278196,77.556621
Bangalore,Krishnarajapura,12.9999024,77.6776703
Bangalore,Indira Nagar,12.9732913,77.6404672
Bangalore,Harlur,12.9058923,77.675465
Bangalore,J. P. Nagar,12.9109539,77.5978198
Bangalore,Begur,12.8633887,77.6130112
Bangalore,BTM Layout,12.9140008,77.6102821
Bangalore,Basavanagudi,12.9417261,77.5755021
Bangalore,Padmanabhanagar,12.9181024,77.5576638
Bangalore,Kadugodi,12.9957428,77.7579489
Bangalore,Rajajinagar,13.0005232,77.5496166
Bangalore,Bagalakunte,,
Bangalore,Vidyaranyapura,13.0766407,77.5577315
Bangalore,Vibhutipura,12.9676625,77.6761038
Bangalore,Electronic City Phase 1,12.8496783,77.6649749
Bangalore,Kaggadasapura,12.9812262,77.6745845
Bangalore,Kannur,13.1014045,77.6356543
Bangalore,Bendre Nagar,12.910206,77.5639218
Bangalore,Mathikere,13.0333587,77.5581786
Bangalore,Munnekollal,,
Bangalore,Electronic City Phase II,12.8473999,77.6724452
Bangalore,JP Nagar Phase 4,12.9096941,77.5866067
Bangalore,HBR Layout,13.031992,77.6280789
Bangalore,Gnana bharathi,12.9551213,77.5174955
Bangalore,Maruthi Sevanagar,13.0027048,77.6346165
Bangalore,Uttarahalli Hobli,,
Bangalore,Ejipura,12.945245,77.6274776
Bangalore,R T  Nagar,13.0254156,77.5960071
Bangalore,Thanisandra,13.0522499,77.6316152
Bangalore,Jalahalli,13.0394104,77.5197351
Bangalore,Frazer Town,12.9975851,77.6136744
Bangalore,Brookefield,12.9652094,77.717936
Bangalore,Murugeshpalya,12.9589406,77.6555917
Bangalore,Amrutahalli,13.0662319,77.6007646
Bangalore,CV Raman Nagar,12.9855509,77.668072
Bangalore,Jakkur,13.0784743,77.6068938
Bangalore,Richmond Town,12.963555,77.6015856
Bangalore,Konanakunte,12.8792861,77.5697529
Bangalore,hebbal kempapura,13.050194,77.6075951
Bangalore,Varthur,12.9406508,77.746988
Bangalore,Varadharaja Nagar,,
Bangalore,RR Nagar,12.9314733,77.5290964
Bangalore,Kalyan Nagar,13.0221416,77.6403368
Bangalore,Doddathoguru,12.8505644,77.6466948
Bangalore,Cooke Town,13.0021998,77.6251814
Bangalore,Nagarbhavi,12.9512353,77.519054
Bangalore,Bilekahalli,12.9046331,77.6070945
Bangalore,HAL,12.9565103,77.6759082
Bangalore,Abbigere,13.0784176,77.5245316
Bangalore,Yemalur,12.9454643,77.6805505
Bangalore,Kengeri,12.9176571,77.4837568
Bangalore,Budigere Cross,13.0462134,77.7504125
Bangalore,Lingarajapuram,13.0093949,77.6267881
Bangalore,Cox Town,12.9934858,77.6251081
Bangalore,Kammanahalli,13.0148544,77.6382029
Bangalore,Benson Town,12.997343,77.6036815
Bangalore,Koralur,,
Bangalore,Rayasandra,12.8795774,77.6719842
Bangalore,Ganganagar,13.0275463,77.5905718
Bangalore,Chandra Layout Extension,,
Bangalore,Ramamurthy Nagar,13.0120218,77.6777817
Bangalore,Subramanyapura,12.8992578,77.5321721
Bangalore,Sarjapur Road Wipro To Railway Crossing,,
Bangalore,JP Nagar Phase 7,12.9096941,77.5866067
Bangalore,HSR Layout,12.9116225,77.6388622
Bangalore,Kaval Byrasandra,13.0200235,77.6092887
Bangalore,Hoodi,12.9959233,77.7192796
Bangalore,Domlur,12.9624669,77.6381958
Bangalore,JP Nagar Phase 6,12.9096941,77.5866067
Bangalore,NRI Layout,13.0271999,77.6792114
Bangalore,Kumbalgodu,,
Bangalore,Marathahalli,12.9552572,77.6984163
Bangalore,Kodigehalli,13.0031666,77.7272835
Bangalore,Yeshwantpur,13.0221838,77.5530824
Bangalore,Arakere,12.8854515,77.6034249
Bangalore,Electronic City Phase 2,12.8468545,77.6769267
Bangalore,Devinagar,13.0475147,77.5709945
Bangalore,Akshayanagar,12.8750432,77.6164914
Bangalore,Kartik Nagar,12.9783896,77.637303
Bangalore,Sarjapur Road Till Wipro,,
Bangalore,Basaveswarnagar,,
Bangalore,Marsur,12.7678915,77.7043732
Bangalore,Kumaraswamy Layout,12.9150398,77.5678879
Bangalore,Horamavu,13.0273312,77.6601508
Bangalore,Sarvagnanagar,12.9954832,77.6239259
Bangalore,Nelamangala,13.0979667,77.3945591
Bangalore,Jayanagar,12.9292731,77.5824229
Bangalore,Doddanekundi,12.9713194,77.6964768
Bangalore,Kasturi Nagar,13.0015277,77.6512362
Bangalore,Byrathi,13.0578901,77.6721894
Bangalore,Uttarahalli,12.9055682,77.5455438
Bangalore,Nagondanahalli,12.97516,77.7703403
Bangalore,Mahadevapura,12.9965445,77.6927176
Bangalore,Mahadev pura,,
Bangalore,JP Nagar Phase 9,12.9117853,77.5976188
Bangalore,Bellandur,12.9320495,77.6842915
Bangalore,Shanti Nagar,12.9555367,77.5924278
Bangalore,Nagawara,13.0529146,77.6312831
Bangalore,Nagasandra,13.0479536,77.5001422
Bangalore,Sanjay Nagar,12.9578658,77.6958748
Bangalore,Banashankari 6th Stage 6th Block,12.8793396,77.5034003
Bangalore,Annapurneshwari Nagar,12.9770585,77.6318947
Bangalore,Domlur Layout,12.9644251,77.6349677
Bangalore,Nagenahalli,13.1310462,77.574511
Bangalore,Hampapura,12.8291084,77.42703
Bangalore,Electronics City,12.8871751,77.6112689
Bangalore,Dasarahalli on Tumkur Road,,
Bangalore,Muneshwara Nagar,13.0052451,77.7132511
Bangalore,Kithaganur Colony,,
Bangalore,Doddakannelli,12.9115381,77.6934164
Bangalore,Kodathi,12.8905129,77.7133427
Bangalore,Carmelaram,12.9111998,77.7065133
Bangalore,Silk Board,12.9168164,77.6223685
Bangalore,Sahakar Nagar,13.0705182,77.5869662
Bangalore,Ulsoor,12.9778793,77.6246697
Bangalore,Kadubeesanahalli,12.9366109,77.7047316
Bangalore,Mavalli,12.9528478,77.5819643
Bangalore,Lingadheeranahalli,,
Bangalore,Avalahalli Off Sarjapur Road,,
Bangalore,Hulimavu,12.8773486,77.6028031
Bangalore,Devarachikkana Halli,12.8847643,77.6218621
Bangalore,Medahalli,13.0278454,77.7206079
Bangalore,Sir M V Nagar,12.9312736,77.5704231
Bangalore,Singasandra,12.8787382,77.642089
Bangalore,Hosa Road,12.8722557,77.663486
Bangalore,Dasarahalli,13.0464819,77.5176977
Bangalore,Chinnapanna Halli,,
Bangalore,Sanjaynagar,13.0281982,77.5796524
Bangalore,GB Palya,12.9757853,77.6725875
Bangalore,Kadugondanahalli,13.0207029,77.6215464
Bangalore,Chikkabettahalli,13.0894554,77.556171
Bangalore,Khajisonnanahalli,,
Bangalore,Doddabommasandra,13.0544347,77.559327
Bangalore,Choodasandra,12.8883623,77.6799727
Bangalore,Kuvempu Layout on Hennur Main Road,,
Bangalore,New Thippasandra,12.9761264,77.660815
Bangalore,Attiguppe,12.9618581,77.5335932
Bangalore,Kudlu Gate,12.8899174,77.6396808
Bangalore,Bommenahalli,13.0742536,77.7465943
Bangalore,Prakruthi Township,13.0308767,77.6521533
Bangalore,BTM 1st Stage,12.9194108,77.609966
Bangalore,ITPL,12.9846295,77.7377329
Bangalore,Nagavara,13.0374647,77.623602
Bangalore,Harohalli,13.1305028,77.5804603
Bangalore,KPC Layout,12.9041861,77.6778517
Bangalore,Vinayaka Layout Road,13.0155836,77.7063956
Bangalore,Yelahanka Satellite Town,13.0988898,77.5806518
Bangalore,Chikballapur,,
Bangalore,Ashok Nagar,12.9694359,77.6092319
Bangalore,Halanayakanahalli,12.8966653,77.6855489
Bangalore,Bannerghatta,12.9425312,77.6027848
Bangalore,RT Nager,,
Bangalore,Jogupalya,12.9746882,77.628026
Bangalore,Jeevan Bima Nagar,,
Bangalore,Vignana Kendra,13.0705989,77.5867134
Bangalore,Kodihalli,12.9635497,77.6460411
Bangalore,Bennigana Halli,,
Bangalore,Kannamangala,13.015491,77.7631731
Bangalore,Wilson Garden,12.9489339,77.5968273
Bangalore,Yelahanka,13.1006982,77.5963454
Bangalore,Bagaluru Near Yelahanka,,
Bangalore,Narayanapura on Hennur Main Road,,
Bangalore,Amruthahalli,13.0648426,77.5993429
Bangalore,Kaikondrahalli,12.9138348,77.6775268
Bangalore,Murugesh Palya,,
Bangalore,Vimanapura,12.96218,77.6635462
Bangalore,Rustam bagh Layout,,
Bangalore,Kanakapura,12.8591407,77.5284991
Bangalore,Bangalore City Municipal Corporation Layout,,
Bangalore,byatarayanapura,13.068322,77.591006
Bangalore,Seshadripuram,12.9946631,77.5747183
Bangalore,Bettadasapura,,
Bangalore,Bhoganhalli,,
Bangalore,Jigani,12.7764978,77.6326204
Bangalore,Gottigere,12.8565317,77.5877237
Bangalore,Reliaable Tranquil Layout,,
Bangalore,BTM Layout 2nd Stage,12.9140082,77.607945
Bangalore,Ramagondanahalli,12.9558969,77.7405826
Bangalore,Anagalapura Near Hennur Main Road,,
Bangalore,JP Nagar Phase 1,12.9096941,77.5866067
Bangalore,Malleswaram,13.0027353,77.5703253
Bangalore,Kanakapura Road Beyond Nice Ring Road,,
Bangalore,Vijayanagar,12.9709537,77.5373851
Bangalore,Sai Baba Ashram,,
Bangalore,Chansandra,12.982522,77.7605253
Bangalore,Kalkere,13.0344453,77.6766779
Bangalore,Devanahalli,13.142344,77.7339688
Bangalore,Gandhi Nagar,12.9771534,77.5800313
Bangalore,Sanjeevini Nagar,12.9162546,77.5891812
Bangalore,Ramanashree California Gardens Layout,,
Bangalore,Virupakshapura,13.0638109,77.5717581
Bangalore,judicial layout,13.0837692,77.5860438
Bangalore,Sampangiram Nagar,,
Bangalore,Balaji Layout,12.9636169,77.7342959
Bangalore,Sarjapur,12.9694037,77.5870258
Bangalore,Dwarka Nagar,13.0880852,77.4949031
Bangalore,Doddakammanahalli,12.8509089,77.5986785
Bangalore,Panduranga Nagar,12.8930758,77.5961351
Bangalore,Bagaluru,13.1403482,77.671269
Bangalore,Kudlu,12.8889126,77.6555716
Bangalore,Dodda Banaswadi,13.0133522,77.6497417
Bangalore,Mallathahalli,12.969649,77.5023618
Bangalore,Vasanth Nagar,12.9921738,77.591459
Bangalore,Richards Town,13.0042369,77.6170601
Bangalore,Chikkalasandra,12.9121916,77.5476337
Bangalore,Volagerekallahalli,,
Bangalore,Hosur,12.9116225,77.6388622
Bangalore,Kannur on Thanisandra Main Road,,
Bangalore,Panathur,12.9351457,77.7047541
Bangalore,Balagere,12.9377243,77.7280705
Bangalore,Basapura,12.8686664,77.6441741
Bangalore,Chokkanahalli,13.0850788,77.6263539
Bangalore,Meenakshi Layout,12.864332,77.5879452
Bangalore,Kempe Gowda Nagar,12.9730088,77.5804711
Bangalore,Talaghattapura,,
Bangalore,Chikkagubbi on Hennur Main Road,,
Bangalore,Parappana Agrahara,12.8802088,77.6658442
Bangalore,Vittasandra,12.8699226,77.6272278
Bangalore,JP Nagar Phase 8,12.9096941,77.5866067
Bangalore,Bommasandra,12.8160161,77.6892217
Bangalore,Battarahalli,13.015119,77.7094485
Bangalore,5th Phase,13.1051471,77.5714776
Bangalore,Mallasandra,13.0548302,77.5155741
Bangalore,Margondanahalli,13.0302592,77.6935252
Bangalore,Devara Jeevanahalli,,
Bangalore,Jyotipuram,,
Bangalore,Tirumanahalli,,
Bangalore,R.K. Hegde Nagar,,
Bangalore,Hulimangala,12.8226963,77.6495447
Bangalore,Shingapura,,
Bangalore,Kvalasanahalli,,
Bangalore,Narayanapura Hennur Main Road,,
Bangalore,Nehru Nagar,12.9829907,77.5744995
Bangalore,Agara,12.9091524,77.6438684
Bangalore,Kaggalipura,12.8089587,77.5097006
Bangalore,Jnana Ganga Nagar,,
Bangalore,Kothanur,12.8701259,77.5820178
Bangalore,Mailasandra,12.915939,77.4932278
Bangalore,Agrahara Layout,13.0978927,77.62596
Bangalore,Sarjapur Road Post Railway Crossing,,
Bangalore,Tejaswini Nagar,12.8601269,77.6053051
Bangalore,Jaya Chamarajendra Nagar,15.3508066,75.1420273
Bangalore,Sampigehalli,13.0805925,77.6291328
Bangalore,RMV Extension Stage 2,13.0222132,77.5781101
Bangalore,Anantapura,13.1150894,77.5679972
Bangalore,Mallasandra Hoskote,,
Bangalore,RMV,13.0360109,77.5695288
Bangalore,Varanasi,13.0304962,77.6860657
Bangalore,K C Krishna Reddy Layout,,
Bangalore,Maraganahalli,,
Bangalore,Dooravani Nagar,12.9947771,77.676929
Bangalore,Challaghatta,12.9451006,77.651534
Bangalore,Kuthaganahalli,,
Bangalore,Adugodi,12.9440234,77.6088867
Bangalore,Mangammanapalya,12.9070833,77.6351607
Bangalore,Armane Nagar,,
Bangalore,2nd Phase,12.9107357,77.5829631
Bangalore,Sivanchetti Gardens,12.9845768,77.6131984
Bangalore,Nagapura,13.0047061,77.5449492
Bangalore,Gudighattanahalli,,
Bangalore,Kamala Nagar,12.9450536,77.5586486
Bangalore,Yeshwanthpur,13.0176937,77.5555009
Bangalore,Mahalakshmi Layout,13.0113153,77.5446972
Bangalore,Maruthi Nagar,12.9746062,77.6756305
Bangalore,Thurahalli,,
Bangalore,Koti Hosahalli,,
Bangalore,Chamrajpet,12.9584184,77.5629161
Bangalore,Sector 3 HSR Layout,12.9093675,77.6407794
Bangalore,Pattandur Agrahara Road,12.9867445,77.7337049
Bangalore,kaggadaspura,,
Bangalore,Nallurhalli Whitefield,,
Bangalore,OMBR Layout,13.0082113,77.652778
Bangalore,Rammurthi Nagar,,
Bangalore,Devarachikkanahalli,12.8931539,77.6219724
Bangalore,Neeladri Nagar Bengaluru,12.8415946,77.6479125
Bangalore,SARJAPURA ROAD,12.9208486,77.6636577
Bangalore,Nagappa Reddy Layout Main Road,,
Bangalore,Kodichikkenahalli,,
Bangalore,Garudachar Palya Mahadevapura,,
Bangalore,Channasandra,12.9873426,77.7538033
Bangalore,Maithri Layout Kadugodi,12.9848621,77.7559192
Bangalore,hunnur,,
Bangalore,HSR layout,12.9116225,77.6388622
Bangalore,Somasundarapalya,12.8994357,77.6524573
Bangalore,Hosapalaya Garvebhavi Palya,,
Bangalore,gubbalala,12.8856635,77.5416809
Bangalore,Rachenahalli,13.0588586,77.6232576
Bangalore,Suddaguntepalya,12.931045,77.6098888
Bangalore,Srirampuram,,
Bangalore,Bannerughatta,12.7981134,77.5843744
Bangalore,Amruthahalli Main Road,13.0645394,77.6058512
Bangalore,hosa road junction electronics city,,
Bangalore,somsundrapalya bangalore,,
Bangalore,Gunjur Palaya,12.9228378,77.7188315
Bangalore,Kodipalya,12.9004224,77.4871294
Bangalore,Kammmanhalli,,
Bangalore,Lavelle Road,12.9722287,77.5986661
Bangalore,Anjanapura Township,12.8615644,77.5296769
Bangalore,Hoodi Main Road,12.9905037,77.7141324
Bangalore,rajaji nagar,12.9945223,77.5543647
Bangalore,Anekal City,12.898075,77.6452717
Bangalore,B Channasandra Kasturi Nagar,13.0059276,77.6594682
Bangalore,Seva Nagar,13.00317,77.6326118
Bangalore,Kanaka Nagar Main Road,13.0395699,77.6073304
Bangalore,Belathur On Sarjapur Bagalur Road,,
Bangalore,Sarjapur main road,12.9087963,77.6516734
Bangalore,Palace Road,12.9845259,77.5880134
Bangalore,Kodichikkanahalli,12.8966996,77.6124269
Bangalore,St. Marks Road,12.9727668,77.6013071
Bangalore,Sadashiva Nagar,13.0110193,77.5808641
Bangalore,Binnipete,,
Bangalore,Chellikere,,
Bangalore,Haralur Roadd,,
Bangalore,Muneshwara Block,12.9503678,77.546999
Bangalore,State Bank Of India Colony,12.9599648,77.6503055
Bangalore,R R NAGAR,13.0254156,77.5960071
Bangalore,Cunningham Road,12.9870881,77.5949569
Bangalore,MG Road,12.9755264,77.6067902
Bangalore,Chikkathogur Main Rd,,
Bangalore,Belathur,12.9989822,77.7408733
Bangalore,MS Palya Road,13.0806284,77.5528959
Bangalore,Jayanagar 4th T Block East,,
Bangalore,Basaveshwaranagar,12.9937572,77.5391325
Bangalore,Begur Road,12.8742536,77.6260073
Bangalore,Victoria Layout,12.9656579,77.6142682
Bangalore,Srinivasa Nagar,12.9877574,77.5378544
Bangalore,Bangalore,12.9767936,77.590082
Bangalore,Choodasandra Road,12.8902062,77.6813108
Bangalore,Srinagar,12.9484488,77.5514971
Bangalore,Thubarahalli,12.9547872,77.7213154
Bangalore,Nagavara Village,,
Bangalore,Banashankari Stage 2nd,12.9278968,77.5622171
Bangalore,Indiranagar,12.9732913,77.6404672
Bangalore,Kalidasa Layout,12.9483382,77.5527644
Bangalore,Dommasandra Village,12.8777098,77.7534769
Bangalore,Jalahalli West,13.045979,77.5222447
Bangalore,Mathikere Extension,,
Bangalore,Nayandahalli,12.9413253,77.5212118
Bangalore,Domlur II Stage,12.9605997,77.6401168
Bangalore,Herohalli,12.9912345,77.4870119
Bangalore,Manyata Tech Park Road,13.0506091,77.6212545
Bangalore,MC Layout,12.972681,77.5356957
Bangalore,Nagarathpet,,
Bangalore,Doddabidrakallu,,
Bangalore,HSR Layout Silk Board,,
Bangalore,Sahakara Nagar,13.0621474,77.5800614
Bangalore,RK Hegde Nagar Bangalore,13.063945,77.6335951
Bangalore,Kacharakanahalli,13.0222071,77.6319093
Bangalore,Palace Guttahalli,12.999489,77.5843469
Bangalore,5th Phase JP Nagar,12.9010682,77.5859397
Bangalore,Adakamaranahalli,13.0657041,77.4425319
Bangalore,Chikbanavara,,
Bangalore,Guniagrahara,13.0935051,77.5279929
Bangalore,Chikkanayakanahalli at Off Sarjapur,,
Bangalore,Junnasandra,12.9064203,77.6835161
Bangalore,Gunjur,12.9209772,77.7361016
Bangalore,Andrahalli,13.0196883,77.4889451
Bangalore,BTM 2nd Stage,12.9140788,77.6188862
Bangalore,Belathur Kadugodi,12.9849379,77.7509365
Bangalore,Hesaraghatta,13.1042269,77.4730361
Bangalore,K Channasandra Main Road,12.9829027,77.7610972
Bangalore,Begur Woods Layout,,
Bangalore,Sudhama Nagar,12.9627471,77.6610345
Bangalore,Shivaji Nagar,12.9883249,77.6004488
Bangalore,Madanayakahalli,,
Bangalore,Neelasandra,12.9523859,77.6152058
Bangalore,KR Puram Old Madras Road,12.9930575,77.6590555
Bangalore,Akshayanagara East,,
Bangalore,5th Block,12.9599794,77.4821948
Bangalore,RMV 2nd Stage,13.0360109,77.5695288
Bangalore,Bannerghatta Road Bannerughatta,12.8303925,77.5866537
Bangalore,Hanumanthanagar Bangalore,12.9427346,77.558378
Bangalore,Jigala,12.8003482,77.7630096
Bangalore,Gandhi Bazar,12.9457868,77.5706743
Bangalore,Dommsandra,,
Bangalore,Cottonpet,12.9650246,77.5700688
Bangalore,Jayamahal,12.9959881,77.6014036
Bangalore,Malur,,
Bangalore,K Channasandra,13.040022,77.6796248
Bangalore,Doddaballapur,13.12345,77.5752576
Bangalore,Kathriguppe,12.929217,77.549692
Bangalore,Hegde Nagar,13.0720352,77.6333905
Bangalore,Kundalahalli,12.977594,77.7155586
Bangalore,Richmond Road,12.965082,77.5982568
Bangalore,Sadananda Nagar,12.9959987,77.6578762
Bangalore,Yeshwantpur Village,,
Bangalore,Guddadahalli,12.9578934,77.5464445
Bangalore,Off Bannerghatta Road,12.8761073,77.5961821
Bangalore,Tunganagara,12.985503,77.485068
Bangalore,HSR LAYOUT 2ND SECTOR,12.920456,77.6444991
Bangalore,Kr Puram Seegehalli,13.0061898,77.7002059
Bangalore,HRBR Layout,13.0141515,77.6340564
Bangalore,Classic Paradise Layout,,
Bangalore,Shikaripalya,12.8359685,77.6571728
Bangalore,Pai Layout,12.993111,77.6666772
Bangalore,Muddanahalli,,
Bangalore,Belathur Main Road,13.0064742,77.7504155
Bangalore,Manyata Tech Park Nagawara,,
Bangalore,Suryanagar Phase I,12.7930947,77.7000382
Bangalore,Sulikunte,12.8881819,77.7292185
Bangalore,Deepanjali Nagar,12.9520466,77.5370399
Bangalore,Hoskote,13.0318443,77.7618779
Bangalore,Jalahalli East,13.0677872,77.5445642
Bangalore,Kalasipalya,12.9584549,77.5808236
Bangalore,Narayanaghatta,12.8364852,77.7260023
Bangalore,Hunasamaranahalli,13.1398615,77.6230512
Bangalore,Mullur,,
Bangalore,Tigalarapalya,12.9933277,77.7220587
Bangalore,Avalahalli,12.9459464,77.5409354
Bangalore,Raghavendra Colony,13.0645499,77.5275223
Bangalore,Sunkadakatte,12.9951556,77.5022163
Bangalore,Kathriguppe Banashankari 3rd Stage,12.9253801,77.5499916
Bangalore,K.G Govindapura,,
Bangalore,Konappana Agrahara,12.8528618,77.668169
Bangalore,RT Nagar Main Road,13.0203359,77.5924292
Bangalore,Kodipur,,
Bangalore,Bagalur,13.0079918,77.6184726
Bangalore,Mylasandra,12.9160293,77.497544
Bangalore,Kempapura Agrahara,12.9706228,77.5553763
Bangalore,Raja Rajeshwari Nagar 5th Stage,,
Bangalore,Bommasandra Industrial Area,12.8137512,77.6953367
Bangalore,Tippenahalli,13.0368275,77.4882249
Bangalore,Bedarahalli,,
Bangalore,Bharti Nagar,,
Bangalore,Godrej Woodsman Estate,13.0546471,77.596317
Bangalore,Shantipura Main,12.8463294,77.679328
Bangalore,Anchepalya Tumkur Road,13.0550002,77.4789572
Bangalore,Kempegowdanagar,,
Bangalore,9th Block Jayanagar,12.9289702,77.5839921
Bangalore,Jakkasandra Extension,12.927699,77.6409796
Bangalore,Electronic City Flyover,12.9004719,77.6330038
Bangalore,Belur Nagasandra,12.943102,77.6556269
Bangalore,Singasandra AECS B Block,12.8829572,77.6500831
Bangalore,Hulimangala Road,12.8114519,77.6603094
Bangalore,Neeladri Road,12.8525678,77.6436309
Bangalore,Upkar Layout,12.961396,77.4833965
Bangalore,Jayanagar LIC Colony,,
Bangalore,Maruthi Layout,12.9204015,77.6067432
Bangalore,Valliyamma Layout,,
Bangalore,Anjanapura,12.8601312,77.5540587
Bangalore,Wilson Garden Society,,
Bangalore,JP Nagar Phase 5,12.9096941,77.5866067
Bangalore,Basavanapura,13.0093485,77.7108379
Bangalore,"Reliable Residency Layout, Phase 3",,
Bangalore,Syndicate Bank Colony Bangalore,12.9798772,77.5286425
Bangalore,Neo Town Electronics City Pha,,
Bangalore,25th B Main Rd,12.9137089,77.6135724
Bangalore,Sanchar Nagar MCECHS Layout,,
Bangalore,John Avenue Private Road,,
Bangalore,Sanchar Nagar MCECHS Layout Bengaluru,,
Bangalore,KSFC Layout,13.0164987,77.6344298
Bangalore,KNSS colony,,
Bangalore,Hennur Rd,13.032117,77.6363075
Bangalore,Ashwini Layout,12.9396583,77.6288969
Bangalore,Narayana Reddy Layout Bangalore,12.9732141,77.6820532
Bangalore,Excise Layout,12.9746886,77.5310295
Bangalore,Hosapalaya Main Road,12.898075,77.6452717
Bangalore,Borewell Road,12.9693737,77.7416702
Bangalore,Jedara Halli,,
Bangalore,1st stage,12.9393328,77.5539819
Bangalore,Somashetti Halli,,
Bangalore,Maruthi Nagar Madivala,12.9256914,77.615365
Bangalore,3rd Block HBR Layout,13.0314059,77.6355596
Bangalore,Veerasandra Main Road,12.8342646,77.6696262
Bangalore,Gunjur Palya road,12.9228686,77.7169652
Bangalore,Narayanapura,13.0716969,77.6193949
Bangalore,1st Phase JP Nagar,12.9110032,77.5788747
Bangalore,Bellahalli,13.0997677,77.6427148
Bangalore,Neo Whitefield,,
Bangalore,Ashraya Layout Bangalore,12.9828479,77.7083437
Bangalore,Lake View Layout Road,12.9743823,77.6922506
Bangalore,Munneshwara Layout,,
Bangalore,"Maruthi Nagar, Madivala",12.9256914,77.615365
Bangalore,Nagendra Block Bangalore,12.9420196,77.552003
Bangalore,Millers Road,12.9922779,77.594615
Bangalore,Karumariamman Road,12.9564486,77.6207504
Bangalore,Nagareshwara   Nagenahalli,13.0702817,77.6425172
Bangalore,Shakthi Nagar,13.0178699,77.6165505
Bangalore,chokkanahalli Main Road,13.0848014,77.6348471
Bangalore,ITI Layout Main Road,13.0337321,77.5680068
Bangalore,Coles Road,12.9951007,77.6145607
Bangalore,Telecom Layout,12.965528,77.5467051
Bangalore,Ambedkar Nagar,12.9490851,77.6184873
Bangalore,Somasundara Palya,,
Bangalore,Hosakerehalli,12.9299371,77.5374237
Bangalore,Kempegowda Nagar,13.0025745,77.5256814
Bangalore,Kumaraswamy Layout I Stage,,
Bangalore,Ranka Colony,12.9031602,77.6052848
Bangalore,Banashankari II Stage,12.8835602,77.5140959
Bangalore,1st Block Jayanagar,12.9182966,77.5741528
Bangalore,HSR Layout 2nd sector Banglor,,
Bangalore,Kadirenahalli,12.9175011,77.5611573
Bangalore,Banashankari Stage II,12.8849238,77.5154846
Bangalore,Sarakki Nagar 1st Phase,12.9150543,77.5988508
Bangalore,8th Block Jayanagar,12.9381478,77.5828269
Bangalore,Jayanagar 3rd Block East,,
Bangalore,Yediyur,12.9301531,77.5763445
Bangalore,East End A Main Road,12.923008,77.5974581
Bangalore,MG Layout,12.9743212,77.6150015
Bangalore,Chikkanagamangala Road,,
Bangalore,Kasavanhalli,12.9047595,77.6759172
Bangalore,Immadihalli Main Road,,
Bangalore,2nd Block HRBR Layout Bangalore,13.0203163,77.6325425
Bangalore,C S B Layout,13.0694707,77.6112448
Bangalore,RK Township,12.8049438,77.6730314
Bangalore,Kudlu Main Road,12.8921814,77.6483362
Bangalore,Shirdi Sai Nagar Bangalore,12.969801,77.6303775
Bangalore,Laxminarayana Layout,,
Bangalore,MLA Layout Main Road,12.8646608,77.5938797
Bangalore,Defence Colony Shakara Nagar,,
Bangalore,Maruthi HBCS Layout,12.9977407,77.5418368
Bangalore,Sri Krishna Layout,12.9564938,77.4831582
Bangalore,Anand Gokul Layout,,
Bangalore,Wellington Paradise,12.8785082,77.6408228
Bangalore,Hennuru,13.037077,77.6413572
Bangalore,Neeladri Road Neeladri Nagar,,
Bangalore,Koramangala 7th Block,12.9364846,77.6134783
Bangalore,Junior College Road,12.9994155,77.7530895
Bangalore,Abbaiah Reddy Layout Road,12.981538,77.680174
Bangalore,Stage 1,12.9611771,77.6558369
Bangalore,Bollahalli,,
Bangalore,Hemmigepura,12.8819289,77.4854975
Bangalore,Hanuman Nagar,12.9700949,77.6561147
Bangalore,Arkavathy Layout,13.067129,77.621897
Bangalore,Mico Layout,12.9129858,77.6037799
Bangalore,Basavanna Nagar Main,,
Bangalore,Sector 5 HSR Layout,12.9178503,77.6352346
Bangalore,Pushpagiri Nagar,12.9297622,77.5333268
Bangalore,Giri Nagar,,
Bangalore,Kaval Hosahalli,,
Bangalore,Pattandur Agrahara,12.9876393,77.7377718
Bangalore,Venkatadri Layout,12.9479007,77.6994103
Bangalore,Amalodbhavi Nagar,,
Bangalore,Bileshivale,13.0543306,77.6710224
Bangalore,M S R Main Road,12.9039905,77.5859569
Bangalore,Jakkasandra,12.9206827,77.6357104
Bangalore,JC Layout,13.0071308,77.5345214
Bangalore,Seetharampalya,12.9808558,77.7087854
Bangalore,Honasandra,,
Bangalore,Shri Krishna Nagar 8th Phase,,
Bangalore,Glass Factory Layout,12.8762737,77.5668962
Bangalore,Allalasandra,13.090997,77.5868301
Bangalore,Magadi,12.975608,77.5553564
Bangalore,Maragondanahalli Road,12.8197441,77.6556576
Bangalore,Hegganahalli,13.0034737,77.5107376
Bangalore,Prithvi Layout,12.977178,77.7436455
Bangalore,7th Cross,12.8817809,77.5731796
Bangalore,Singasandra AECS Layout A Block,12.8829572,77.6500831
Bangalore,Stage 2 BTM Layout,12.9140008,77.6102821
Bangalore,Banashankari Stage I,12.8849238,77.5154846
Bangalore,SMV Layout,12.8819431,77.6728073
Bangalore,Sampangi Rama Nagara,12.9651927,77.5919645
Bangalore,Kacharakanahalli Hennur Main Road,13.0255533,77.6313982
Bangalore,Moranapalli,,
Bangalore,Kuduregere Colony,13.0625664,77.4929925
Bangalore,MEG Layout,12.9922767,77.677326
Bangalore,LHR Layout,,
Bangalore,Veer Sandra,12.8389813,77.6750305
Bangalore,17th Main Road,12.9633735,77.6419254
Bangalore,Residency Road,12.9728474,77.6087738
Bangalore,Dollars Colony,13.0413668,77.5678155
Bangalore,Deepthi Nagar Bangalore,,
Bangalore,Harlur Road,12.9058923,77.675465
Bangalore,SG Palya Main Rd,,
Bangalore,Cholur Palya,,
Bangalore,Bidare Agraha,,
Bangalore,Madivala,12.9214542,77.6211213
Bangalore,Sathya Sai Layout,12.9327296,77.7039713
Bangalore,Paradise Colony,12.9600263,77.6449347
Bangalore,JP Nagar,12.9096941,77.5866067
Bangalore,Cambridge Layout,13.0076481,77.7258907
Bangalore,Rustum Bagh Main Road,12.956763,77.6488827
Bangalore,Jayanagara 2nd Block,12.9381478,77.5828269
Bangalore,Kurubarahalli on Magadi Road,,
Bangalore,Tata Nagar,12.9358121,77.5150011
Bangalore,Krishnappa Layout,12.9070818,77.6929357
Bangalore,South Bangalore,12.9287596,77.6287122
Bangalore,Sivarampalli,,
Bangalore,Hilalige Road,12.824788,77.7070289
Bangalore,Vakil Whispering Woods,,
Bangalore,Veerabhadra Nagar,12.9682085,77.6823937
Bangalore,Vivek Nagar,12.9529247,77.6231374
Bangalore,Ittamadu,12.9233593,77.5418698
Bangalore,Off Madras Road,,
Bangalore,Ganga Nagar,13.0232471,77.5883569
Bangalore,Bapuji Nagar,12.9556699,77.5402492
Bangalore,Vajarahalli,12.8774369,77.5447414
Bangalore,Kada Agrahara,13.0815052,77.69505
Bangalore,Geddalahalli,13.0367681,77.5675668
Bangalore,S.Bingipura,12.7561242,77.6247388
Bangalore,Seegehalli Magadi Road,,
Bangalore,Sector 7 HSR Layout,12.9105609,77.6271039
Bangalore,Hosa Road Junction,,
Bangalore,Nagarathnamma Layout,13.0673987,77.5004877
Bangalore,Moodalapalya,12.9721131,77.5215397
Bangalore,Kambipura,12.8822711,77.4606466
Bangalore,Lal Bahadur Shastri Nagar,12.9678103,77.6715478
Bangalore,Ekarajapura,,
Bangalore,Ckikkakammana Halli,,
Bangalore,Kaveri Nagar,13.0326126,77.6096168
Bangalore,EPIP Zone,12.9781922,77.7246451
Bangalore,Koramangala 4th Block,12.9327778,77.6294052
Bangalore,Dodda Banaswadi Main Road,13.0133522,77.6497417
Bangalore,Arekere,12.8872086,77.5960493
Bangalore,Arakere Bannerghatta Road,12.8868411,77.5969514
Bangalore,Kodathi Village Road,,
Bangalore,Venkataswara Layout,,
Bangalore,ALF Garden Layout,,
Bangalore,Majestic,12.9779079,77.5723936
Bangalore,Sector 1 HSR Layout,12.9118559,77.6516888
Bangalore,Vinayakanagar,12.9579825,77.609009
Bangalore,Cheemasandra,13.0509021,77.7405306
Bangalore,R T Nagar,13.0254156,77.5960071
Bangalore,RT Nagar HMT Layout,13.0272857,77.5934361
Bangalore,RT Nagar I,13.0227204,77.595715
Bangalore,HBR layout 5th Block,13.0374664,77.628799
Bangalore,Vasatha Vallbha Nagar,,
Bangalore,Happy Valley Layout,12.9794966,77.7498654
Bangalore,East of NGEF Layout,12.9959987,77.6578762
Bangalore,Vijinapura,13.0039028,77.6736303
Bangalore,Bikasipura,,
Bangalore,BTM 4th stage,,
Bangalore,Sevashrama,12.9173302,77.5851029
Bangalore,Marathahalli Village,,
Bangalore,Railway Mens Empyloyees Layout 2nd Stage,,
Bangalore,Jakkasandra Kormangala,12.9287596,77.6287122
Bangalore,Subramani Layout,,
Bangalore,KalkereAgara Main Road,,
Bangalore,Whitefield Hoskote Road,13.0041793,77.7569632
Bangalore,Dhanalakshmi Layout,12.9725282,77.6512284
Bangalore,Thirupalya,12.821203,77.6660463
Bangalore,Kannamangala New Airport Road,,
Bangalore,Sorahunase,12.9472552,77.7538267
Bangalore,Adarsh Palm Retreat,12.9198212,77.6916244
Bangalore,OMBR Layout Chikka Banaswadi,,
Bangalore,Babusa Palya,,
Bangalore,Hennur Road,13.0377061,77.6303636
Bangalore,Mahatma Gandhi Nagar,12.972819,77.6172708
Bangalore,Thyagarajanagar,,
Bangalore,Garudacharpalya,12.993425,77.7005156
Bangalore,Vittal Mallya Road,12.9721432,77.5940073
Bangalore,Malathalli Road,,
Bangalore,Garudachar Palya,12.9899098,77.7011259
Bangalore,Koramangala 6th Block,12.9390255,77.6238477
Bangalore,Bidaraguppe,12.8060574,77.7862873
Bangalore,Jakkuru Layout,13.0763895,77.6057269
Bangalore,Sannatammanahalli,,
Bangalore,Ganigarahalli,13.0890496,77.5109895
Bangalore,Kadaagrahara,13.0806375,77.6916126
Bangalore,Hullahalli,12.8244922,77.6175213
Bangalore,Panathur Main Road,12.9358666,77.7057343
Bangalore,Nagadevanahalli,12.939922,77.4913207
Bangalore,Michael Palaya,12.9844888,77.6467707
Bangalore,Off Cunningham Road,,
Bangalore,Kundalahalli Colony,12.9706554,77.7115645
Bangalore,Kundalahalli Main Road,12.9763601,77.7102993
Bangalore,Rahmath Nagar,13.0173076,77.5917019
Bangalore,NR Colony,12.9388164,77.568326
Bangalore,AECS Layout,12.964118,77.7130369
Bangalore,Austin Town,12.9612736,77.6152935
Bangalore,St Johns Church Rd,,
Bangalore,Amarjyoti Layout,,
Bangalore,MM Layout,13.0011143,77.6123797
Bangalore,Banashankari Temple Ward,12.9117233,77.5707877
Bangalore,Wind Tunnel Road,12.9458982,77.664893
Bangalore,new bel road,13.0317246,77.570076
Bangalore,Brunton Road,12.9719382,77.6148314
Bangalore,Dollars Colony Ashwath Nagar,,
Bangalore,Ayyappa Nagar Main Road,12.995932,77.5664598
Bangalore,Chinana Layout Guddadahalli,,
Bangalore,Indiranagar Defence Colony,12.9754968,77.6413605
Bangalore,Vittal Nagar,12.9012176,77.5550809
Bangalore,Chennammana Kere,,
Bangalore,Ulsoor Road,12.9763044,77.614883
Bangalore,Aga Abbas Ali Road,12.977372,77.6176665
Bangalore,Nandidurga Road Crescent,,
Bangalore,Nagdevanahalli,,
Bangalore,Yelachenahalli,12.9006508,77.569226
Bangalore,Weavers Colony,12.8454948,77.5831295
Bangalore,Vibhutipura Extension,,
Bangalore,Sathnur Village,,
Bangalore,Veerannapalya,13.0424788,77.613342
Bangalore,Kanmanike,,
Bangalore,Chandra Layout,12.955333,77.5238903
Bangalore,Shampura Main Road,13.0288569,77.6157713
Bangalore,Hurulichikanahalli,,
Bangalore,BCC Layout,12.955703,77.5313329
Bangalore,Ittamadu Banashankari,12.9253851,77.5501586
Bangalore,Malleshwaram 11th Cross,13.0028324,77.5711904
Bangalore,Azad Nagar,12.9559212,77.5566879
Bangalore,Sidedahalli,13.0625424,77.4953754
Bangalore,Srinivas Nagar,12.9363569,77.554129
Bangalore,Vidyapeeta Main,,
Bangalore,Banashankari 3rd Stage Banashankari,12.9366883,77.5488033
Bangalore,Immadihalli Whitefield,12.9685413,77.7558269
Bangalore,Thirupalya Road,12.8172812,77.6695529
Bangalore,Near Bellandur,,
Bangalore,Ragigudda Slum,,
Bangalore,1st Cross,12.9258882,77.5270357
Bangalore,Gopalkrishna Nagar,,
Bangalore,Post Office Road,12.9744567,77.5842384
Bangalore,MS Ramaiah North City Bangalore,13.0400516,77.5573893
Bangalore,Bommasandra Jigani Link Rd,12.81114,77.6634021
Bangalore,Gollahalli Electronic City Road,12.8348726,77.666256
Bangalore,Shirdi Sai nagar,12.969801,77.6303775
Bangalore,9th Main Hongasandra GB Palya Road,,
Bangalore,Kodiyalam Road,,
Bangalore,Ganapathipura,12.8921358,77.5720595
Bangalore,Narayana Reddy Layout,12.9732141,77.6820532
Bangalore,Vijaya Bank Colony Extension,,
Bangalore,Ambalipura,12.9173303,77.667161
Bangalore,Kengeri Hobli,,
Bangalore,Karthik Nagar,12.9693761,77.6996751
Bangalore,RPC layout,12.9609115,77.5358407
Bangalore,Mahalaxmipuram,,
Bangalore,Sector 6 HSR Layout,12.9156177,77.6347321
Bangalore,AECS Layout A Block Singasandra,12.8814296,77.6525387
Bangalore,JCR Layout,12.933134,77.7043284
Bangalore,Kattigenahalli,13.1177735,77.6261222
Bangalore,Kanakanagar,13.0353343,77.6094319
Bangalore,Lakeview Residency,12.9125976,77.6639948
Bangalore,Kasturi Nagar Road,13.0014883,77.661624
Bangalore,Lakkasandra,12.9381829,77.6002563
Bangalore,Kammasandra,13.079198,77.7136366
Bangalore,Chikkajala,13.1679234,77.6372834
Bangalore,MS Ramaiah North City Manayata Tech Park,,
Bangalore,Indira Nagar 1st Stage,12.9776666,77.6364638
Bangalore,Lakkasandra Laljinagar,,
Bangalore,Patteghar Palya Main Road,12.9763305,77.5258159
Bangalore,Aavalahalli,,
Bangalore,Muthyala Nagar,,
Bangalore,Hennur Main Road,13.0228893,77.6309458
Bangalore,Raysandara,,
Bangalore,Konadasapura,13.0441926,77.7566409
Bangalore,Madavara,13.0574214,77.4728055
Bangalore,Doddaballapura,13.2458994,77.5526707
Bangalore,NGEF Layout Sadanandanagar,,
Bangalore,Pottery Town,13.001385,77.6079476
Bangalore,Roopena Agrahara,12.91064,77.6238263
Bangalore,Kitthaganahalli,,
Bangalore,AECS Layout Block C,12.8814296,77.6525387
Bangalore,Guttahalli,13.0004165,77.5803858
Bangalore,Akashnagar B Narayanapura,,
Bangalore,TC Palya Road,13.020102,77.7090994
Bangalore,Thirumalashettyhally,,
Bangalore,Chikkabidarakallu,13.0523616,77.4879154
Bangalore,Soladevanahalli,13.0907444,77.4880563
Bangalore,Arasinakunte,13.0824543,77.4161472
Bangalore,Thimmadahalli,,
Bangalore,Annapoorneshwari Nagar,12.9879478,77.5361198
Bangalore,kalkere Bannerghatta Road,12.8303925,77.5866537
Bangalore,Halasuru,12.9778793,77.6246697
Bangalore,Doddakannalli,12.9082413,77.6948847
Bangalore,2nd Phase JP Nagar,12.9104062,77.5951099
Bangalore,CV Raman Nagar Kaggadasapura,12.9855509,77.668072
Bangalore,Basavanagar,12.9864077,77.7183756
Bangalore,Bharath Nagar Anjana Nagar,,
Bangalore,K.Settihalli,,
Bangalore,Varthur Main Road,12.9402212,77.7473001
Bangalore,Venkateshwara layout,12.9933298,77.4885321
Bangalore,Pillagana Halli,12.8493518,77.5819746
Bangalore,Kadabagere,12.9857708,77.4789451
Bangalore,Thotada Guddadhalli Village,,
Bangalore,Dargajogihalli,,
Bangalore,JP Nagar Phase 2,12.9096941,77.5866067
Bangalore,Hosahalli,12.9660431,77.5414979
Bangalore,Baiyappanahalli Road,13.0013162,77.6393491
Bangalore,Manjunatha Layout Munnekollal,,
Bangalore,Vyalikaval,13.0042636,77.5751704
Bangalore,Brookefield AECS Layout A Block,,
Bangalore,Sultan Palya,12.9642313,77.569735
Bangalore,Vidyamanya Nagar,,
Bangalore,Sinthan Nagar,,
Bangalore,Nayanapanahalli Road,,
Bangalore,Srinivaspur,,
Bangalore,Iggalur,12.781144,77.7014486
Bangalore,Vignana Nagar Bengaluru,13.0705989,77.5867134
Bangalore,Whitefield Hagadur,,
Bangalore,Dasanapura,12.7467724,77.7742876
Bangalore,Kodigehalli Nice Ring Road,,
Bangalore,Lingapura,12.7623143,77.6771375
Bangalore,Hegondanahalli,12.9078438,77.7411592
Bangalore,HRBR 1 Block,,
Bangalore,Neraluru,12.7845589,77.7383327
Bangalore,Dasarahalli Road,12.97459,77.5447121
Bangalore,Kaverappa Layout Bangalore,12.9864576,77.5956391
Bangalore,Tirumalapura,,
Bangalore,Kalkere Main Road,13.0276199,77.6768795
Bangalore,Venugopal Reddy Layout,,
Bangalore,Byadarahalli,12.9779094,77.484086
Bangalore,Madagondahalli,,
Bangalore,Green Woods Layout,13.0584954,77.6263659
Bangalore,Jyoti Nagar,12.9883162,77.6699776
Bangalore,Vishveshwarya Layout,,
Bangalore,ISRO Layout,12.8974283,77.5573828
Bangalore,BSK 3rd Stage,12.8957216,77.5549142
Bangalore,Banashankari Stage III,,
Bangalore,MCECHS layout,13.0725802,77.6152451
Bangalore,MSR Nagar Road Extension,,
Bangalore,Chikkabasavanapura,,
Bangalore,B Narayanapura Road,12.9983185,77.6854248
Bangalore,JAYANAGAR 2ND BLOCK,12.9399039,77.5826382
Bangalore,Byadralli,,
Bangalore,Kanaka Layout,13.0865656,77.6508546
Bangalore,Appareddipalya,,
Bangalore,Ramasandra,12.9405735,77.4638884
Bangalore,lbs nagar,13.0657381,77.6400483
Bangalore,Voderahalli,,
Bangalore,Chinnapanahalli,12.9661219,77.7071156
Bangalore,D Group Layout,12.9777008,77.4987763
Bangalore,Harlur Main Road,12.9058923,77.675465
Bangalore,Virat Nagar,12.9036108,77.6208615
Bangalore,B Narayanapura,12.9980556,77.6848622
Bangalore,Neeladri Investment Layout 6th Main Road,,
Bangalore,TC Palya Main,12.9763666,77.5284996
Bangalore,Hutchins Road,13.0048574,77.6232065
Bangalore,MEI Layout,13.0611892,77.5038993
Bangalore,1st block Kalyan Nagar,,
Bangalore,Chikka Banaswadi Banasawadi,13.0064054,77.6455841
Bangalore,Ananthapura main,13.1143694,77.5692582
Bangalore,KAS Officers Colony,,
Bangalore,Huskur,12.8607674,77.7071019
Bangalore,Chickpete,12.9697837,77.5756901
Bangalore,gattahalli,12.8685628,77.7026913
Bangalore,Bethel Nagar Road,,
Bangalore,Electronics City Phase 1 Doddathoguru,12.8500983,77.660325
Bangalore,Nandi Hills,,
Bangalore,vignan nagar,,
Bangalore,Sarjapur  Road,12.9243414,77.6448784
Bangalore,Ranganathan Colony,,
Bangalore,Bellary Road Hebbal Kempapura,13.041662,77.5899438
Bangalore,Magadi Road,12.975608,77.5553564
Bangalore,Ranka Nagar,12.9922249,77.6156808
Bangalore,Laggere Main Road,12.9978135,77.5222628
Bangalore,Okalipuram,12.9852006,77.5645066
Bangalore,Gangondanahalli,13.0292813,77.4846821
Bangalore,Mohan Kumar Nagar,13.0310241,77.5511385
Bangalore,Kaveri Pura,12.9769861,77.5255041
Bangalore,koramangla 1st block,,
Bangalore,Byraveshwara Industrial Estate,,
Bangalore,Sriranganagar,,
Bangalore,Attibele Industrial Area,12.7812983,77.742266
Bangalore,Chelekare,,
Bangalore,Kommasandra,12.8328533,77.6917222
Bangalore,Badamanavarthekaval,12.8447309,77.5001765
Bangalore,Srinivaspura,,
Bangalore,Magrath Road,12.9704955,77.610006
Bangalore,8th Block Koramangala,12.9287596,77.6287122
Bangalore,Bettahalli,13.0173894,77.4373676
Bangalore,Navodaya Nagar Bangalore,12.8824311,77.5838923
Bangalore,Madhura Nagar,13.0201988,77.569176
Bangalore,Chikkabana Halli,,
Bangalore,Thammenahalli Village,,
Bangalore,SK Garden,13.0045682,77.6069927
Chennai,Ambattur,13.1189668,80.150864
Chennai,Kelambakkam,12.7862487,80.221994
Chennai,Adyar,13.00645,80.2577791
Chennai,Sembakkam,12.9163642,80.1922349
Chennai,Mogappair,13.0835142,80.1840779
Chennai,Choolaimedu,13.0666515,80.230974
Chennai,Medavakkam,12.9202141,80.1872156
Chennai,Vadapalani,13.0503839,80.2117695
Chennai,Perumbakkam,12.9050095,80.1968629
Chennai,Thirumullaivoyal,13.1309288,80.131225
Chennai,Ambattur INDUSTRIAL ESTATE,13.0952439,80.1671663
Chennai,Urapakkam,,
Chennai,Palavakam,,
Chennai,Kolathur,13.1241127,80.2046276
Chennai,Madhanandapuram,,
Chennai,Perungudi,12.9710239,80.2418051
Chennai,Kilpauk,13.0832149,80.2379864
Chennai,Sholinganallur,12.9174426,80.2164902
Chennai,Valasaravakkam,13.0413233,80.1724294
Chennai,Mylapore Devandavakkam,,
Chennai,Ramavaram,,
Chennai,Ayanavaram,13.0946157,80.23541
Chennai,Guduvancheri,12.8439997,80.0603546
Chennai,Kattupakkam,13.0419785,80.1253816
Chennai,Chromepet,12.9575007,80.1435066
Chennai,Vinayagapuram,13.1263166,80.1508413
Chennai,Besant Nagar,12.9996907,80.2682259
Chennai,T Nagar,13.0378289,80.231836
Chennai,West Mambalam,13.0428296,80.2270184
Chennai,Pallikaranai,12.9304748,80.2077692
Chennai,Nanganallur,12.9801242,80.184902
Chennai,Thiruvanmiyur,12.9858948,80.2644215
Chennai,Royapettah,13.0554718,80.2639706
Chennai,Periyamet,,
Chennai,Potheri,,
Chennai,Virugambakkam,13.052264,80.1916925
Chennai,Poonamallee,13.0344253,80.1592048
Chennai,Maduravoyal,13.0601732,80.1665988
Chennai,Perambur,13.1121242,80.245022
Chennai,Velachery,12.9801655,80.2228506
Chennai,Iyappanthangal,13.0365426,80.1346
Chennai,Mugalivakkam,13.0205798,80.1685163
Chennai,Madipakkam,12.9611348,80.2001292
Chennai,Aminjikarai,13.0721399,80.2205453
Chennai,Chetpet,13.0717448,80.2437973
Chennai,Mogappair East,13.0835142,80.1840779
Chennai,Avadi,13.1015119,80.2074046
Chennai,George Town,13.0920917,80.2822426
Chennai,Purasawalkam,13.0893275,80.2550331
Chennai,Alwarpet,13.0338602,80.2545491
Chennai,Alandur,13.0028216,80.1719186
Chennai,Saidapet,13.020817,80.2239536
Chennai,Kovilambakkam,12.9397621,80.1818236
Chennai,Teynampet,13.0443237,80.2498455
Chennai,Pallavan Nagar,13.057293,80.1799027
Chennai,Madambakkam,,
Chennai,Ekkatuthangal,,
Chennai,Padur,12.8054706,80.2247264
Chennai,Kodambakkam,13.049207,80.2242829
Chennai,Padi,13.1035851,80.1920425
Chennai,Jamalia,13.1062169,80.250519
Chennai,Anna Nagar East,13.0846503,80.2195323
Chennai,Rajakilpakkam,,
Chennai,Nungambakkam,13.0620626,80.240487
Chennai,Gopalapuram,13.0497324,80.2582028
Chennai,Korattur,13.1115484,80.1846272
Chennai,Egmore,13.0728321,80.2576906
Chennai,Pammal,13.0347902,80.1994677
Chennai,Porur,13.0320131,80.158304
Chennai,Nandanam,13.0317092,80.2411957
Chennai,Arumbakkam,13.074371,80.2081312
Chennai,Raja Annamalai Puram,13.0244783,80.253937
Chennai,Mahabalipuram,12.8581117,80.2262771
Chennai,Anna Nagar West Extension,,
Chennai,Abiramapuram,13.0304402,80.2567984
Chennai,Neelankarai,12.9454955,80.2574692
Chennai,Kottivakkam,12.9705053,80.2615033
Chennai,Anakaputhur,,
Chennai,Villivakkam,13.1125875,80.2081378
Chennai,Annanagar West,13.0851247,80.2141968
Chennai,Kotivakkam,12.96954,80.2575889
Chennai,Puzhal,13.1591141,80.2031147
Chennai,Vyasarpadi,13.1130472,80.258722
Chennai,Kundrathur,13.0306501,80.1529176
Chennai,Palavakkam,12.95999,80.2560268
Chennai,Navallur,,
Chennai,Mangadu,13.0209113,80.1259365
Chennai,Siruseri,12.8012826,80.1991871
Chennai,Vengathur Panchayat,,
Chennai,Washermanpet,13.1089648,80.2820095
Chennai,Thaiyur,,
Chennai,Adambakam,,
Chennai,Vengaivasal,12.8985106,80.1809212
Chennai,Jalladianpettai,,
Chennai,tambaram west,12.9256549,80.10437
Chennai,Old Pallavaram,12.9971511,80.1960766
Chennai,Perungalathur,12.9256549,80.10437
Chennai,Irumbuliyur,12.9246286,80.1087409
Chennai,Ponniammanmedu,,
Chennai,Ashok Nagar,13.0400731,80.2159247
Chennai,Kodungaiyur West,,
Chennai,Thiruvidandhai,,
Chennai,Kanathur Reddikuppam,,
Chennai,Anna Nagar,13.0872004,80.2164421
Chennai,Mahindra World City,,
Chennai,Maraimalai Nagar,13.0177793,80.224953
Chennai,Singaperumal Koil,,
Chennai,Kilkattalai,,
Chennai,Semmancheri,12.8751861,80.2106332
Chennai,Kovalam,12.7867576,80.2496014
Chennai,SEMMENCHERY,12.9008558,80.2280156
Chennai,Balavinayagar Nagar,,
Chennai,Tharamani,12.9851573,80.2409748
Chennai,Chengalpattu,12.9521755,80.1860309
Chennai,Mylapore,13.0316473,80.2700166
Chennai,Kamaraj Nagar,12.9942424,80.2569278
Chennai,Manapakkam,13.0147531,80.1744935
Chennai,K K Nagar,13.0407966,80.2029798
Chennai,T Nagar 3,13.0378289,80.231836
Chennai,Camp,,
Chennai,Kotturpuram,13.0193703,80.2435512
Chennai,Tharapakkam,,
Chennai,Thoraipakkam,12.9491762,80.2406875
Chennai,Injambakkam,12.9189367,80.251295
Chennai,Thoraipakkam OMR,12.9209254,80.2299723
Chennai,Thalambur,12.8469006,80.2271771
Chennai,Iyyappanthangal,,
Chennai,Pudupakkam,13.06124,80.27017
Chennai,Chitlapakkam,12.9409671,80.1377244
Chennai,Kolapakkam,13.0097074,80.1528994
Chennai,Papanthangal,,
Chennai,Sithalapakkam,12.8917047,80.1851133
Chennai,Selaiyur,,
Chennai,Guindy,13.0086685,80.2126063
Chennai,Uthandi,12.8687677,80.247209
Chennai,Kottavakkam,,
Chennai,Chikkarayapuram,,
Chennai,Pallavaram,12.9675742,80.1520504
Chennai,Karapakkam,12.9117073,80.2277203
Chennai,Thiruverkadu,13.0983878,80.1349581
Chennai,Padur On Arakkonam Hwy,,
Chennai,Shenoy Nagar,13.0789409,80.2251326
Chennai,Nandhampakkam,,
Chennai,Pazavanthangal,,
Chennai,Sriperumbudur,13.0347051,80.156023
Chennai,CIT Nagar,13.0293843,80.2342825
Chennai,J Nagar,12.8875913,80.2483865
Chennai,Koyambedu,13.0697422,80.2000921
Chennai,Avvai Nagar,12.9773778,80.2538832
Chennai,Kodambakkam Chennai West,13.0246097,80.2155874
Chennai,Egatoor,12.8330267,80.228884
Chennai,Nesapakkam,13.0336193,80.1873092
Chennai,Customs Colony,13.0012111,80.2668615
Chennai,Kovur,13.0125315,80.1211467
Chennai,Vanagaram,13.1572874,80.2041174
Chennai,Kazhipattur,12.8304206,80.2295685
Chennai,Thirumudivakkam,,
Chennai,West Tambaram,12.9256549,80.10437
Chennai,Santhome,13.0298372,80.275738
Chennai,Marudeeswarar Nagar,12.9853009,80.2596367
Chennai,Madanankppam,,
Chennai,Sunnambu Kolathur S Kolathur,12.9463536,80.1973913
Chennai,Vengambakkam,,
Chennai,Peerakankaranai,,
Chennai,Kannathur Reddy Kuppam,,
Chennai,Santhosapuram,12.9100538,80.1727961
Chennai,Ayapanthangal,,
Chennai,Thousand Lights,13.0585155,80.2587833
Chennai,Marakkanam,12.9826371,80.2594385
Chennai,Triplicane,13.0604285,80.2750704
Chennai,mELAKOTTAIYUR,,
Chennai,Vettuvankeni,12.9504769,80.2550489
Chennai,Adambakkam,12.9822215,80.209121
Chennai,Kandigai,,
Chennai,Moulivakkam,13.0222692,80.1413929
Chennai,Manimangalam,,
Chennai,East Tambaram,12.9454304,80.1186599
Chennai,Chintadripet,13.0761258,80.270781
Chennai,Madhavaram Milk Colony,13.1554081,80.2425246
Chennai,Velappanchavadi,13.0610323,80.1386139
Chennai,Thandalam,,
Chennai,Jeth Nagar,13.027831,80.262238
Chennai,Tondiarpet,13.1275202,80.2819242
Chennai,Panayur,,
Chennai,Madhavaram,13.1421473,80.2323786
Chennai,Royappa Nagar,,
Chennai,Nolambur,13.0747182,80.1682206
Chennai,Vellakkal,,
Chennai,Nerkundram,13.0688386,80.1838987
Chennai,Devendra Nagar,12.9787571,80.25546
Chennai,Akkarai,,
Chennai,MGR Nagar Velachery,12.9802012,80.2138442
Chennai,Oragadam,13.1307573,80.1532831
Chennai,Ashta Lakshmi Nagar,,
Chennai,Gowrivakkam,,
Chennai,Okkiyam,12.9203443,80.2343866
Chennai,Urapakkam West,,
Chennai,Philomina Nagar,,
Chennai,East Coast Road Injambakkam,12.9390859,80.2528304
Chennai,Kovilpathagai,,
Chennai,Tnagar,,
Chennai,Mambakkam Medavakkam Main Road,,
Chennai,Thirunindravur,,
Chennai,Pattabiram,13.1247765,80.0609489
Chennai,Tiruvallur,13.1085782,80.2114995
Chennai,Thiruneermalai,12.9454304,80.1186599
Chennai,Nagalkeni,,
Chennai,Madipakkam Kuberan Nagar Extention,,
Chennai,Cuddalore,,
Chennai,Jafferkhanpet,13.0299401,80.2056195
Chennai,Pozhichalur,12.9905297,80.1440498
Chennai,Nanmangalam,12.9353253,80.1773204
Chennai,Pulianthope,13.1008425,80.2626247
Chennai,NGO Colony,13.064553,80.2199644
Chennai,Kulattur,,
Chennai,Tiruvottiyur,13.1565668,80.3006508
Chennai,Kolathur R.F.,,
Chennai,Ramapuram,13.0298609,80.1780333
Chennai,Kallikuppam East Balaji Nagar,,
Chennai,Veppampattu,13.1258146,80.010147
Chennai,Kumananchavadi,13.0446829,80.1189086
Chennai,Thiruvika Nagar,,
Chennai,Maran Nagar,13.1076087,80.2420316
Chennai,Mannivakkam,,
Chennai,Kalipathur,,
Chennai,Periyar Nagar,13.1157422,80.2249267
Chennai,Saligramam,13.0569892,80.2037301
Chennai,Old Washermanpet,13.1122762,80.2893812
Chennai,200 Feet Road,13.0704755,80.1608412
Chennai,Vijaya Nagar,13.0479474,80.176314
Chennai,Jalladian Pet,,
Chennai,Thirumazhisai,,
Chennai,Nemam,,
Chennai,Thirumangalam,13.085335,80.201518
Chennai,Sea Cliff Conclave Akkarai,,
Chennai,East Coast Road Panaiyur,12.8925673,80.2462275
Chennai,Muttukadu,12.8063999,80.2422292
Chennai,Kamakoti Nagar,12.9410358,80.2132684
Chennai,Pudupakkam Village,,
Chennai,Puzhudhivakkam,,
Chennai,Mudichur,12.9560991,80.2129152
Chennai,Padapai,,
Chennai,Keelkattalai,12.9521755,80.1860309
Chennai,Nellikuppam,,
Chennai,Ayapakkam,13.0990884,80.1425236
Chennai,Raj Nagar,13.0410337,80.185043
Chennai,Kailash Nagar,13.006241,80.2470822
Chennai,East Coast Road Kottivakkam,12.9683291,80.2573726
Chennai,Subham Nagar,,
Chennai,Kodungaiyur,13.1308188,80.2561816
Chennai,Karayanchavadi,13.0467114,80.1109051
Chennai,Sulur,,
Chennai,Pallavan Salai,13.1218075,80.240576
Chennai,Mandaveli,13.0258445,80.2627877
Chennai,Bharathiyar Nagar,13.1858089,80.3155515
Chennai,Kubera Nagar,13.1217263,80.1497081
Chennai,Vazhayila,,
Chennai,Thatchoor,,
Chennai,Ramakrishna Nagar Extension,,
Chennai,Sholinganallur ECR Link Road,,
Chennai,Anand Nagar Main,13.0849504,80.2036178
Chennai,old pallavaram jeya lakhsminagar,,
Chennai,Choolaima Nagar,,
Chennai,Dummingkuppam,,
Chennai,Karappakam,,
Chennai,Ayanambakkam,13.0906649,80.1464852
Chennai,Sakthi Nagar,13.0323105,80.1632027
Chennai,Bella Tuscany,,
Chennai,Tiruporur Near Kelambakkam,,
Chennai,Velachery Road,13.0140338,80.2246488
Chennai,Kambar Nagar Kolathur,13.1167801,80.2178199
Chennai,Kattankulathur,,
Chennai,Moolacheri,,
Chennai,IIT Colony Pallikaranai,,
Chennai,Kattankolatur R.F.,,
Chennai,Choolai,13.0906283,80.2621417
Chennai,Tambaram Sanatoruim,,
Chennai,Kil Ayanambakkam,,
Chennai,Ennaikaran,,
Chennai,Gerugambakkam,13.0152345,80.1368538
Chennai,Gem Nagar,,
Chennai,Purasaiwakkam,,
Chennai,NehruNagar,,
Chennai,Perambur Paper Mills Road,13.1177888,80.2287099
Chennai,Jaya Nagar,13.0118869,80.1549019
Chennai,Puzhuthivakkam,12.9691428,80.2062626
Chennai,Thillai Ganga Nagar,12.989843,80.1936624
Chennai,Kandanchavadi,12.9665741,80.2478057
Chennai,Tambaram to Mudichur road,,
Chennai,St Thomas Mount,12.9947654,80.1993715
Chennai,Francis Colony,13.0294805,80.2508079
Chennai,Nemilichery,,
Chennai,Vandalur,12.9716299,80.2192726
Chennai,Konathi Village,,
Chennai,Mappedu Junction,,
Chennai,Cholambedu,,
Chennai,Dhanalakshmi Nagar,13.0568087,80.1832513
Chennai,Minjur,13.2878195,80.2558605
Chennai,Vignarajapuram 3rd Cross St,,
Chennai,Nungambakkam Thiruvallur,13.0681138,80.233244
Chennai,MGR Nagar,12.9795827,80.2494441
Chennai,Selaivayal,,
Chennai,Padalam,,
Chennai,Jai Nagar,13.0690679,80.207869
Chennai,Manali,13.1810602,80.2694192
Chennai,Varadharajapuram,12.9275987,80.2057473
Chennai,Gummudipoondi,,
Chennai,Arcot Road Valasaravakkam,13.0404123,80.1707697
Chennai,Adambakkam NGO Colony,,
Chennai,Friends Nagar,12.9962725,80.2678267
Chennai,Vignarajapuram 4th Extension Road,,
Chennai,Vettuvankani,,
Chennai,Pallavan Nagar Main Road,12.9120009,80.197371
Chennai,Adhanur,,
Chennai,Surapet,13.1441943,80.1872166
Chennai,Meenambakkam,12.9866009,80.1726357
Chennai,Irugur,,
Chennai,mylapore,13.0316473,80.2700166
Chennai,Coonoor,,
Chennai,Surappattu,,
Chennai,Vadanemmeli,,
Chennai,SITHALAPAKKAMM,,
Chennai,Kanchipuram,12.8483107,79.705073
Chennai,Varadharajapuram Main,,
Chennai,Nandambakkam,13.0166484,80.1911885
Chennai,Pazhavanthangal,12.9883524,80.1891324
Chennai,Royapuram,13.1042898,80.2936125
Chennai,Jagathy,,
Chennai,Guduvancherry,12.8768075,79.6160108
Chennai,Katrambakkam,,
Chennai,Chettipunyam,,
Chennai,Pavendar Nagar,13.0794625,80.2217745
Chennai,Arakkonam North,,
Chennai,Nemilicheri,13.1249292,80.032941
Chennai,Ambattur Red Hills Road,13.1580752,80.2033313
Chennai,Plammoodu,,
Chennai,Chettipunniyam,,
Chennai,kanakpura,,
Chennai,Sastri Nager,,
Chennai,Mappedu,,
Chennai,Agaram,13.1158479,80.2295822
Chennai,Pothur,,
Chennai,Vasantham Nagar,13.1189649,80.2172822
Chennai,Senganmal,,
Chennai,Seven Wells North,,
Chennai,Iyyapa Nagar,,
Chennai,Mannanthala,,
Chennai,Mannivakkam Extension,,
Chennai,Krishna Nagar,13.0152993,80.1717656
Chennai,Mevalurkuppam,,
Chennai,Banu Nagar,13.1338872,80.1578922
Chennai,Cholavaram,,
Chennai,Perumalpattu,,
Chennai,Border Thottam,,
Chennai,Kalikunram,12.9983015,80.2432965
Chennai,KK Nagar,13.0386493,80.2052158
Chennai,New Gummidipoondi,,
Chennai,Navalur,12.8445841,80.2264618
Chennai,Sri Iyappa Nagar,,
Chennai,Radha Nagar,13.0521369,80.1743025
Chennai,Kolapakkam Vandalur,,
Chennai,Pottakkuzhi,,
Chennai,Thiruporur,12.8714615,80.2265709
Chennai,Kattavakkam,,
Chennai,Vasantha Nagar,13.010193,80.2621323
Chennai,Annai Meenakshi Nagar,,
Chennai,Kanjirampara,,
Chennai,Tellus avenue,,
Chennai,Kuthambakkam,,
Chennai,Agaramthen,,
Chennai,Sekkadu,13.1559251,80.257231
Chennai,Mettukuppam Kanchipuram,,
Chennai,ennore,13.2258262,80.3243551
Chennai,VSM Garden,13.0273265,80.2141532
Chennai,Valarkundram,,
Chennai,Ottiyabakkam,,
Chennai,Raghava Reddy Colony,,
Chennai,Paruthipattu Road,,
Chennai,Oragadam Village Ambattur Talu,,
Chennai,Radha Nagar Main,13.0521369,80.1743025
Chennai,Oragadam Industrial Corridor,,
Chennai,Chembarambakkam,13.016769,80.1367942
Chennai,West Saidapet,13.0252576,80.2204237
Chennai,SRR Colony,,
Chennai,Veppampatttu,,
Chennai,Palani Andavar Koil Street,,
Chennai,Park Town,13.0863491,80.2727321
Chennai,Jawahar Nagar,13.1225201,80.245785
Chennai,RedHill,,
Chennai,Srinivasa Puram,,
Chennai,Mettukuppam,13.0592324,80.1746118
Chennai,Dharmapuri,,
Chennai,Kamarajapuram,13.1933419,80.2612852
Chennai,Annai Sathya Nagar,13.0357157,80.1884526
Chennai,Attipattu,,
Chennai,Hastinapuram,,
Chennai,Mogappair West,13.0825352,80.1709175
Chennai,Nallambakkam,,
Chennai,Vannanthurai,12.9968645,80.2616099
Chennai,Katankulathur,,
Delhi,Vasant Kunj,28.5292495,77.1541335
Delhi,Sector-B Vasant Kunj,28.5261914,77.1570839
Delhi,Saket,28.521168,77.2022237
Delhi,New Ashok Nagar,28.5890885,77.3015085
Delhi,laxmi nagar,28.6305974,77.277523
Delhi,Malviya Nagar,28.5339201,77.2124474
Delhi,Sector-17 Rohini,28.7342799,77.1135027
Delhi,Khanpur,28.5127982,77.2323949
Delhi,Pitampura,28.7032676,77.1322497
Delhi,Uttam Nagar,28.6215226,77.0611064
Delhi,Janakpuri,28.6219272,77.0874757
Delhi,vikaspuri,28.638643,77.0731382
Delhi,Shadipur,28.6515829,77.1582587
Delhi,Karol Bagh,28.6529982,77.1890227
Delhi,Palam,28.5918933,77.0828242
Delhi,Baprola,28.6403835,77.0128901
Delhi,Burari,28.7536438,77.2016511
Delhi,Pochanpur Colony,,
Delhi,Kalkaji,28.5469476,77.258801
Delhi,Munirka,28.554886,77.1710841
Delhi,Lajpat Nagar,28.5660924,77.2432851
Delhi,Dr Mukherji Nagar,28.7057279,77.213725
Delhi,Vasant Vihar,28.557827,77.1611168
Delhi,Sector 22 Dwarka,28.5579591,77.0580701
Delhi,Sector 6 Dwarka,28.5936077,77.0664075
Delhi,Model Town,28.707334,77.1885231
Delhi,Ghitorni,28.4931214,77.1424868
Delhi,Sector 23 Dwarka,28.5924998,77.0652003
Delhi,Dwarka Mor,28.61931,77.0332792
Delhi,Chattarpur,28.4971399,77.1812506
Delhi,Sector 8 Dwarka,28.5711087,77.0730945
Delhi,Wazirabad,28.7297608,77.2212803
Delhi,Mahavir Enclave,28.600032,77.0789777
Delhi,Neeti Bagh,28.5592511,77.2161665
Delhi,mayur vihar phase 1,28.6035543,77.2899208
Delhi,Panchsheel Park,28.5423747,77.2210916
Delhi,Defence Colony,28.5713575,77.2330402
Delhi,Mayur Vihar Phase 3,28.6018747,77.3259814
Delhi,Aya Nagar,28.4764911,77.1329132
Delhi,Tilak Nagar,28.6365265,77.096482
Delhi,Shalimar Bagh,28.7019574,77.1654317
Delhi,Sector 1 Dwarka,28.5968507,77.0735024
Delhi,Ramesh Nagar,28.6527444,77.1316496
Delhi,Jaunapur,,
Delhi,Ashok Vihar,28.6885171,77.1739339
Delhi,Sector 8 Rohini,28.6997763,77.1091863
Delhi,West Shalimar Bagh,,
Delhi,Samalka,28.5320512,77.0931081
Delhi,Vijay Nagar,28.6313702,77.0471177
Delhi,Neb Sarai,28.5055007,77.2014964
Delhi,Moti Bagh,28.5819215,77.1727967
Delhi,Manglapuri,28.5893101,77.0876296
Delhi,Karampura,28.6646486,77.1472319
Delhi,Greater Kailash,28.5419077,77.2384925
Delhi,Sahibabad,,
Delhi,SULTANPUR,28.4991235,77.1613745
Delhi,Green Park,28.5564421,77.2038699
Delhi,Sector 13 Dwarka,28.6058267,77.0363145
Delhi,Sector-7 Rohini,28.7079332,77.1239996
Delhi,Safdarjung Enclave,28.56502,77.1925584
Delhi,Sector 3 Dwarka,28.6096158,77.0370442
Delhi,Patparganj,28.6115923,77.2905644
Delhi,Sheikh Sarai,28.5368964,77.2222387
Delhi,Khirki Extension,28.5150686,77.2548357
Delhi,Maharani Bagh,28.5720013,77.2633718
Delhi,Sector 19 Dwarka,28.5649787,77.0510412
Delhi,Panchsheel Enclave,28.5440522,77.2291407
Delhi,Patel Nagar,28.6450127,77.1692817
Delhi,Jangpura,28.5830386,77.2393151
Delhi,Tagore Garden Extension,28.6518058,77.1150797
Delhi,rohini sector 5,28.7081851,77.1241964
Delhi,Sector 25 Rohini,28.7273157,77.0981584
Delhi,Rajpur,28.6818027,77.2188175
Delhi,Jamia Nagar,28.5687308,77.2848272
Delhi,Rajinder Nagar,28.6357855,77.1841395
Delhi,Gharoli,28.6165864,77.3319912
Delhi,Rangpuri,28.5400349,77.1197754
Delhi,South Extension 1,28.5586158,77.2323716
Delhi,Sector 14 Dwarka,28.6041966,77.029238
Delhi,Bindapur,28.6126708,77.0721766
Delhi,Chirag Dilli,28.5393325,77.2320028
Delhi,Nawada,28.6202758,77.0450787
Delhi,Kapashera,28.527295,77.0823049
Delhi,Rajouri Garden,28.6511896,77.1242597
Delhi,Sunlight Colony,28.576544,77.2577293
Delhi,Najafgarh,28.6124504,76.9865067
Delhi,Kamla Nagar,28.6806752,77.2039504
Delhi,Sarita Vihar,28.5334785,77.2935232
Delhi,DLF Phase 5,28.5037407,77.0954113
Delhi,Pushpanjali Farms,28.5422399,77.0704637
Delhi,Sultan Puri,28.708008,77.0748195
Delhi,Goyla Khurd,28.585716,77.0101945
Delhi,Ganesh Nagar,28.6250692,77.2851699
Delhi,Ghevra,28.6852384,76.9961591
Delhi,Hari Nagar Ashram,,
Delhi,Madangir,28.5209605,77.2319455
Delhi,Kirti Nagar,28.655746,77.1506635
Delhi,Sector 9 Dwarka,28.5790689,77.0654186
Delhi,Hauz Khas,28.5498087,77.2077638
Delhi,Sector 12 Dwarka,28.5974584,77.0423682
Delhi,Sector 11 Dwarka,28.5895514,77.0499983
Delhi,Sector 10 Dwarka,28.5843113,77.0576933
Delhi,Sector-18 Dwarka,28.5696878,77.0643221
Delhi,Sector 18A Dwarka,28.5711087,77.0730945
Delhi,dwarka sector 17,28.5987579,77.0266503
Delhi,Jor bagh,28.5865094,77.2125273
Delhi,Connaught Place,28.6317695,77.2193804
Delhi,South Extension 2,28.5102599,77.2010415
Delhi,Greater kailash 1,28.5534151,77.2381363
Delhi,Rohini sector 16,28.7342799,77.1135027
Delhi,Mayur Vihar II,28.6185287,77.3026578
Delhi,Mayur Vihar,28.6098555,77.2926318
Delhi,Sainik Farm,28.503746,77.2160725
Delhi,Soami Nagar,28.5425871,77.2242898
Delhi,Sarvpriya Vihar,,
Delhi,New Friends Colony,28.5671008,77.2697643
Delhi,Safdarjung Development Area,28.549364,77.1990557
Delhi,East of Kailash,28.5570322,77.2446139
Delhi,Gulmohar park,28.5571011,77.2130055
Delhi,Sector 5 Dwarka,28.5949579,77.0615912
Delhi,Sector 7 Dwarka,28.5861818,77.0711318
Delhi,Sector 6 Rohini,28.7118426,77.1110711
Delhi,Sector 4 Dwarka,28.601669,77.0489574
Delhi,Sri Niwaspuri,28.5637969,77.2556368
Delhi,Chittaranjan Park,28.5376883,77.2516536
Delhi,Sector 15 Rohini,28.721424,77.1367138
Delhi,Sector 3 Rohini,28.7140551,77.1159961
Delhi,Lajpat Nagar IV,28.561184,77.2398036
Delhi,Sector 1 Rohini,28.7028468,77.094764
Delhi,Sector 28 Dwarka,28.5452737,77.0325541
Delhi,Anand Niketan,28.5785457,77.1638649
Delhi,Mansarover Garden,,
Delhi,Sector 2 Rohini,28.6986277,77.1006232
Delhi,Mansa Ram Park,28.6167988,77.0440934
Delhi,Alaknanda,28.5293364,77.2516323
Delhi,Sector 17 Dwarka,28.5987579,77.0266503
Delhi,Paschim Vihar,28.6695782,77.095956
Delhi,Adchini,28.537024,77.1981891
Delhi,West End,28.5747614,77.1630662
Delhi,DLF Farms,28.4823661,77.1724534
Delhi,Naraina,28.6264562,77.1349668
Delhi,Inderpuri,28.6286841,77.1470979
Delhi,Sector 4 Rohini,28.7075742,77.1025918
Delhi,Shanti Niketan,28.5731509,77.1644656
Delhi,Sadiq Nagar,28.5574491,77.2262683
Delhi,Sundar Nagar,28.61893,76.961584
Delhi,Golf Links,28.5959698,77.2311628
Delhi,Nizamuddin East,28.5896671,77.2503854
Delhi,Sector 2 Dwarka,28.5978439,77.0520021
Delhi,Sector 18B Dwarka,28.5711087,77.0730945
Delhi,Punjabi Bagh,28.672995,77.1461239
Delhi,Sector 9 Rohini,28.7118315,77.1238141
Delhi,Shanti Park Dwarka,,
Delhi,Rohini sector 24,28.7269918,77.0834877
Delhi,Sector 14 Rohini,28.7144056,77.1296923
Delhi,Garhi,28.6798074,77.0926793
Delhi,Central Ridge Reserve Forest,28.6194521,77.1668619
Delhi,Ashok Nagar,28.6360207,77.101822
Delhi,Subhash Nagar,28.6404593,77.1051815
Delhi,Raja garden,28.652182,77.1263056
Delhi,Sector-8 Dwarka,28.5711087,77.0730945
Delhi,Sector 23B Dwarka,28.5713646,77.0588753
Delhi,Mehrauli,28.5218262,77.1783232
Delhi,Lodhi Estate,28.5952424,77.2262907
Delhi,Sarvodaya Enclave,28.5374084,77.2018601
Delhi,Lajpat Nagar III,28.5678755,77.2404914
Delhi,Krishna Nagar,28.6578127,77.2901199
Delhi,Vasundhara Enclave,28.6017308,77.3211059
Delhi,Chhawla,28.5623044,77.0037102
Delhi,C R Park,,
Delhi,Niti Bagh,28.5579007,77.2175785
Delhi,IP Extension,28.6319012,77.3107328
Delhi,Anand Vihar,28.6466157,77.3155317
Delhi,Sat Bari,,
Delhi,Masjid Moth Village,,
Delhi,Malcha,28.6039358,77.1834133
Delhi,Greater Kailash II,28.5338204,77.242467
Delhi,Lajpat Nagar II,28.5700938,77.2431796
Delhi,greater kailash Enclave 1,28.5438154,77.2236292
Delhi,Sector 23 Rohini,28.7425945,77.0588611
Delhi,Sukhdev Vihar,28.5597477,77.2749004
Delhi,Vikas Puri,28.6301441,77.0682683
Delhi,Rohini Sector 9,28.7118315,77.1238141
Delhi,Sector 13 Rohini,28.7236228,77.1277781
Delhi,Sector 21 Rohini,28.735763,77.108652
Delhi,Sector 22 Rohini,28.7192546,77.0652677
Delhi,Shahdara,28.6734298,77.2898858
Delhi,Ansari Nagar West,,
Delhi,Madanpur Dabas,28.7152034,77.0253445
Delhi,Yusuf Sarai,28.559678,77.207742
Delhi,Sector 11 Rohini,28.7313339,77.1158944
Delhi,Central Secretariat,28.6158794,77.2122822
Delhi,Nilothi,28.6504282,77.0622744
Delhi,Hari Nagar,28.6296489,77.1119344
Delhi,Preet Vihar,28.6414409,77.2952594
Delhi,Swasthya Vihar,28.6403307,77.288905
Delhi,Ajmeri Gate,28.6462517,77.2240002
Delhi,Rajokri,28.5131702,77.1107659
Delhi,Kirari Suleman Nagar,28.700001,77.0555546
Delhi,Fateh Nagar,28.6315015,77.1006012
Delhi,Gautam Nagar,28.5621177,77.2124515
Delhi,Shakurbasti,28.6807999,77.1273399
Delhi,Radhey Mohan Drive,,
Delhi,Jasola,28.5427353,77.2913342
Delhi,Gujranwala Town,,
Delhi,Tri Nagar,,
Delhi,Dera Mandi,28.4406931,77.1505465
Delhi,Shakurpur,28.6857668,77.1496094
Delhi,Bahapur,,
Delhi,Daheli Sujanpur,,
Delhi,Govindpuri,28.5351561,77.2637936
Delhi,Ladosarai,,
Delhi,Om Vihar,28.6194334,77.0515098
Delhi,Maidan Garhi,28.4987734,77.1944475
Delhi,Kaushambi,28.6452857,77.3243429
Delhi,Shastri Nagar,28.6700885,77.1818589
Delhi,Dilshad Garden,28.6758864,77.321446
Delhi,Dabri,28.6100971,77.0888864
Delhi,Sector 16A Dwarka,28.5939822,77.0237771
Delhi,Matiala,28.609631,77.0467536
Delhi,Qutab Enclave,28.5261624,77.1995771
Delhi,Badarpur,28.4932633,77.3030303
Delhi,Katwaria Sarai,28.5418938,77.1862772
Delhi,Madanpur Khadar,28.53493,77.3005184
Delhi,Qutab Institutional Area,28.5398146,77.1840572
Delhi,Vishnu Garden,28.6524333,77.1000592
Delhi,Vivek Vihar,28.6691641,77.312267
Delhi,Jhil Mil Colony,,
Delhi,AGCR Enclave,28.6511811,77.2971799
Delhi,Pragati Vihar,28.5876702,77.2292692
Delhi,Sangam Vihar,28.5057128,77.2484672
Delhi,Surajmal Vihar,28.6608095,77.3075455
Delhi,Zone L Dwarka,28.5884944,77.0714169
Delhi,Roop Nagar,28.6852212,77.2007247
Delhi,Sector 16B Dwarka,28.6030005,77.0203476
Delhi,Dwarka Sector 15,28.5874163,77.0231568
Delhi,Bali Nagar,28.6541384,77.128178
Delhi,Sewak Park,28.6166042,77.0353853
Delhi,Siri Fort,28.5521464,77.2246983
Delhi,Gulabi Bagh,28.6749486,77.1882302
Delhi,Nizamuddin West,28.588365,77.2449546
Delhi,Sector 28 Rohini,28.7371252,77.1095611
Delhi,Ranjeet Nagar,28.6459661,77.162929
Delhi,Hastsal,28.6359648,77.0487636
Delhi,New Mustafabad,,
Delhi,Dichaon Kalan,28.6405697,76.9827287
Delhi,Sarojini Nagar,28.575817,77.1980786
Delhi,Geeta Colony,28.6510892,77.2749996
Delhi,Kalyan Puri,28.6159271,77.317636
Delhi,Delhi Cantonment,28.5982897,77.1234689
Delhi,Pandav Nagar,28.619553,77.2830355
Delhi,Dayanand Colony,28.5621997,77.2476131
Delhi,Jail Road,28.6116059,77.111781
Delhi,Saket delhi,28.5182748,77.2152203
Delhi,Sainik nagar 1,28.6176973,77.0427618
Delhi,South Extension II,28.5668357,77.2200829
Delhi,Sector 8,28.5711087,77.0730945
Delhi,Khushi Ram Park Delhi,28.6168781,77.0515867
Delhi,Jangpura Extension,28.5821286,77.2434423
Delhi,Westend DLF Chattarpur Farms,,
Delhi,Friends Colony,28.5667513,77.2619181
Delhi,Uday Park,28.5603016,77.219519
Delhi,Green Park Extension,28.5607037,77.2036565
Delhi,Navjeevan Vihar,28.5330653,77.2003358
Delhi,Shivalik,28.5353753,77.2081104
Delhi,Geetanjali Enclave,28.5299358,77.2022965
Delhi,PANCHSHEEL VIHAR,28.5341211,77.2203833
Delhi,Shivalik Block C,,
Delhi,Khirki Extension Panchsheel Vihar,,
Delhi,Green Park Extension Road,,
Delhi,Malviya Nagar Savitri Nagar,,
Delhi,Sunder Nagar,28.6016454,77.2421181
Delhi,Malviya Nagar Block G,,
Delhi,South Extension Part 1,28.5681089,77.2221923
Delhi,Green park Extn,,
Delhi,Raj Nagar Part II,,
Delhi,dwarka sector 3,28.6077066,77.0402808
Delhi,Green Park Main,,
Delhi,Aurungzeb Road,,
Delhi,Laxmi Nagary,,
Delhi,KHIRKI VILLAGE,28.5302569,77.2183932
Delhi,New Rajendra Nagar,28.6357403,77.1810326
Delhi,Old Rajender Nagar,,
Delhi,Khanpur Krishna Park,,
Delhi,Shivalik Block B,,
Delhi,Soami Nagar South,28.5433901,77.2242036
Delhi,VAISHALI SEC 4,,
Delhi,Savitri Nagar,28.5395472,77.2187735
Delhi,Sunder Vihar,28.6630127,77.0883983
Delhi,Main Chhatarpur Road,,
Delhi,Hemkunt Colony,,
Delhi,Guru Angad Nagar,28.6423058,77.2837942
Delhi,Kailash Colony,28.5553298,77.2419637
Delhi,Block D Lajpat Nagar I,,
Delhi,Asian Games Village Complex,,
Delhi,Kalkaji Extension,28.5295646,77.2634622
Delhi,Hauz Khas Enclave,28.548804,77.2012358
Delhi,West Patel Nagar,28.6519279,77.162923
Delhi,Tooth Sarai,,
Delhi,Meera Bagh,28.658844,77.0908475
Delhi,Greater kailash enclave II,28.5466117,77.2435404
Delhi,Vikas Marg,28.6330762,77.2811782
Delhi,Freedom Fighters Enclave,28.5094555,77.1986538
Delhi,Freedom Fighter Enclave,,
Delhi,Prakash Mohalla Amritpuri,,
Delhi,laxmi nagar near metro station,,
Delhi,A1 Block Paschim Vihar Delhi,28.6695782,77.095956
Delhi,Block RU Uttari Pitampura,,
Delhi,Santnagar,,
Delhi,SECTOR 7 DWARKA NEW DELHI,28.5757083,77.1151895
Delhi,Paryavaran Complex,28.5152395,77.1980041
Delhi,Kapil Vihar,28.6990083,77.1366212
Delhi,Gurudwara Road,28.5403256,77.251959
Delhi,Kishan Ganj,28.6627442,77.1979077
Delhi,Vikram Vihar,28.564122,77.2372705
Delhi,Kundan Nagar,28.62363,77.1160615
Delhi,Amritpuri,,
Delhi,Sector-14 Rohini,28.7144056,77.1296923
Delhi,Dwarka New Delhi 110075,28.5649787,77.0510412
Delhi,Greater kailash III,,
Delhi,i p extension patparganj,,
Delhi,Jawahar Park,28.5067947,77.2291106
Delhi,Guru Ram Das Nagar,,
Delhi,Priyadarshini Vihar Priya Priyadarshini Vihar,,
Delhi,Kailash hills,,
Delhi,Sriniwas Puri,,
Delhi,Nehru Enclave,28.5460584,77.2515057
Delhi,Moti Nagar,28.657859,77.1424288
Delhi,South Delhi,28.4992605,77.1743624
Delhi,DWARKA SEC 23,28.6077066,77.0402808
Delhi,SECTOR-7 DWARKA,28.5861818,77.0711318
Delhi,Saraswati Vihar,28.7002238,77.1249359
Delhi,Uttam Nagar west,28.621757,77.0557122
Delhi,Sant Nagar,28.5548352,77.2495194
Delhi,Vasant Kunj Sector A,28.5114719,77.1666504
Delhi,Samta Enclave,28.6218268,77.1103138
Delhi,Jasola Vihar Sector 8 Road,,
Delhi,SectorB Vasant Kunj,,
Delhi,Dwarka 12 Sector,28.593856,77.0448862
Delhi,Dwarka Sector 7,28.5861818,77.0711318
Delhi,Sector18 Dwarka,,
Delhi,Amar colony,28.5615391,77.2431499
Delhi,Okhla,28.5636616,77.2890546
Delhi,Sector 18 Rohini,28.7413557,77.1323967
Delhi,Lajpat Nagar 4,28.5668681,77.2458971
Delhi,Pamposh Enclave,28.5459137,77.245621
Delhi,Engineer Enclave,28.6923333,77.2148667
Delhi,Dwarka sec 6,28.5936077,77.0664075
Delhi,Chhattarpur Enclave Phase1,,
Delhi,DLF City Phase 1,,
Delhi,East of Kailash C Block,,
Delhi,Rajpur Khurd Extension,,
Delhi,Pandwalan Khurd,28.5590323,76.9641034
Delhi,B 5 Block,28.7055605,77.1904352
Delhi,Netaji Subhash Place,28.6947146,77.1542607
Delhi,Vasant Kunj Enclave,,
Delhi,south delhi apartment sector 4,,
Delhi,Okhla Phase I,28.5273409,77.2794327
Delhi,Nehru Place,28.5492574,77.2529526
Delhi,Prithviraj Road,28.5950015,77.2161372
Delhi,Block E Pandav Nagar Road,,
Delhi,Rohit Kunj Sandesh Vihar,,
Delhi,Abul Fazal Enclave Jamia Nagar,,
Delhi,Raju Park,28.5402415,77.2490221
Delhi,Deoli Khanpur,,
Delhi,Poorvi Pitampura,,
Delhi,R.K. Puram,28.5503805,77.1855231
Delhi,Tilak Marg,28.6223066,77.2394313
Delhi,India Gate,28.6129332,77.2294928
Delhi,Shiva Enclave,28.6769454,77.1116376
Delhi,Malcha Marg,28.6016026,77.1856802
Delhi,CR Park Main Road,28.6158554,77.0660965
Delhi,Khanpur Deoli,,
Delhi,Devli Nai Basti,,
Delhi,Kohat Enclave,28.6980415,77.1405393
Delhi,Pushpanjali Enclave,28.6541826,77.3079346
Delhi,Tarun Enclave,,
Delhi,Shalimar Bagh AG Block,,
Delhi,Uttari Pitampura,28.7150779,77.1389885
Delhi,Sector-8 Rohini,28.6997763,77.1091863
Delhi,South Extension,28.5685664,77.2205677
Delhi,Mahipalpur,28.544537,77.1279229
Delhi,Jangpura A,28.5855907,77.2469638
Delhi,Nihal Vihar Delhi,28.6593089,77.0744632
Delhi,Palam Vihar,28.5115274,77.0420264
Delhi,Block ED Dakshini Pitampura,,
Delhi,Kishangarh Mehrauli Road,,
Delhi,Batla House Jamia Nagar,28.5654288,77.2870651
Delhi,Sector 18 Sector 18A Dwarka,28.5863292,77.0348886
Delhi,dwarka sector 12,28.5922362,77.0407315
Delhi,Mandawali,28.628772,77.2939554
Delhi,Fatehpur Beri,28.4573589,77.1825027
Delhi,Kamruddin Nagar,,
Delhi,East Guru Angad Nagar,28.6423058,77.2837942
Delhi,Adarsh Nagar,28.7165805,77.1704223
Delhi,Rajouri Garden Extension,28.6399027,77.1167449
Delhi,Block DU Uttari Pitampura,,
Delhi,Prashant Vihar Sector 14,28.7095816,77.1345873
Delhi,Radhe Mohan Drive,28.467567,77.1695162
Delhi,Jahangirpuri,28.7259717,77.162658
Delhi,Jharoda Majra Burari,28.7292215,77.2073254
Delhi,Sector C Vasant Kunj,28.5104442,77.1703286
Delhi,Sector 8 Dwarka Block B,,
Delhi,Basai Dara pur,,
Delhi,Tughlakabad,28.5025432,77.2993825
Delhi,Shakti Nagar,28.6793047,77.19448
Delhi,Batla House Okhla,,
Delhi,Yamuna Vihar,28.700372,77.2727728
Delhi,Sagar Pur,,
Delhi,Madhu Vihar,28.636056,77.3043835
Delhi,Block AP Poorvi Pitampura,,
Delhi,Lajpat Nagar Vinoba Puri,,
Delhi,Block E Lajpat Nagar I,28.5616755,77.2414831
Delhi,Munirka Enclave,,
Delhi,Central Market Lajpat Nagar II,28.5691345,77.2416245
Delhi,F Block Lajpat Nagar I,,
Delhi,Sector 38 Rohini,28.732808,77.0538033
Delhi,Vinod Nagar North,28.712504,77.2626857
Delhi,Malka Ganj,28.6764176,77.2089386
Delhi,Chattarpur Enclave,28.5006921,77.192383
Delhi,Ramesh Nagar Road,28.6527444,77.1316496
Delhi,Paryavaran Complex Main,,
Delhi,IGNOU Road,28.4985012,77.1979389
Delhi,D1C Block Lajwanti Garden,,
Delhi,Mangolpuri,28.6873187,77.0960253
Delhi,Sector 37 Rohini,28.7548507,77.0560234
Delhi,Gokalpur,28.7049901,77.2925731
Delhi,Kailash Puri,28.596153,77.0960431
Delhi,New Kondli,28.6069838,77.3388992
Delhi,Duggal Colony,,
Delhi,Sadulajab,,
Delhi,Block H Lajpat Nagar I,,
Delhi,Karala,28.73514,77.0325105
Delhi,Paharganj,28.6414989,77.2140607
Delhi,Jaitpur,28.5001194,77.308183
Delhi,Mundka,28.6824341,77.0305741
Delhi,DDA Flats Kalkaji,28.5294314,77.252225
Delhi,SFS Flats Saket,28.5243233,77.2030699
Delhi,Tihar Village,,
Delhi,Begumpur Road,28.7197543,77.0592344
Delhi,Kalyan Vihar,28.6917865,77.1971156
Delhi,Sewa Nagar,28.5789548,77.2276886
Delhi,GTB Enclave,28.6891341,77.3100198
Delhi,Tilangpur Kotla,28.6471138,77.0285632
Delhi,Suraj Vihar,28.6128277,77.0318333
Delhi,Gurgaon Delhi Expressway,28.5036518,77.0956354
Delhi,Gagan Vihar,28.6454552,77.2939962
Delhi,Babarpur,28.6874305,77.2797551
Delhi,East Patel Nagar,28.645649,77.1725666
Delhi,Hargobind Enclave,28.6453071,77.3002976
Delhi,Dayanand Vihar,28.6461167,77.3040272
Delhi,Saini Enclave,28.6522939,77.3055303
Delhi,Vigyan Vihar,28.6605415,77.3126204
Delhi,Residential Flat Malviya Nagar Extension,,
Delhi,Sidharth Ext,,
Delhi,Siddhartha Extension,28.5810163,77.2594423
Delhi,BF Block,,
Delhi,48 Sector 22 Road,,
Delhi,Sector 35 Rohini,28.7612894,77.0692068
Delhi,Mukhram Garden,28.6428721,77.0961506
Delhi,Block SU Uttari Pitampura,,
Delhi,QU Block Uttari Pitampura,,
Delhi,Indra Enclave,28.5949795,77.0990394
Delhi,Dev Nagar,28.7518125,77.1751866
Delhi,Noida,28.617251,77.2805705
Delhi,Ramesh Nagar raja garden bali nagar,,
Delhi,Paschim Vihar Block A 5,,
Delhi,Ansari Nagar East,,
Delhi,Block I Lajpat Nagar II,28.5691561,77.2439134
Delhi,Vinod Nagar West,28.6232401,77.2989383
Delhi,Narela,28.8464766,77.0856631
Delhi,Madanpur Khadar Village,,
Delhi,Mahipalpur Extention,,
Delhi,South Patel Nagar,28.6444737,77.1684662
Delhi,Panchshila Park South,28.5420794,77.2149158
Delhi,Pocket 4 Sector C,,
Delhi,GTB Nager,,
Delhi,Anand Lok,28.5572924,77.2191223
Delhi,Diplomatic Enclave,,
Delhi,Sector 15A,28.6664535,77.2169781
Delhi,Gupta Enclave,28.6477984,77.0412553
Delhi,Greater Kailash N Block,,
Delhi,Block D Kailash Colony,,
Delhi,Sheikh Sarai Village,28.5395472,77.2187735
Delhi,Mayur Vihar Phase 2,28.6185752,77.3013137
Delhi,Gazipur,28.6232992,77.3266629
Delhi,Shahabad Mohammadpur,28.5616265,77.0669252
Delhi,Mukherji Park,28.6425517,77.1020573
Delhi,Budh Vihar,28.5512592,77.1709353
Delhi,Kotla Mubarakpur,28.5759348,77.2251127
Delhi,Sector 4,28.601669,77.0489574
Delhi,Vaishali,28.6407652,77.0676646
Delhi,Sector 5,28.597408,77.0566944
Delhi,Sector 6,28.5925436,77.0646719
Delhi,Om Enclave Mithapur Extension,,
Delhi,Ram Prastha Colony,,
Delhi,Sector 9,28.5790689,77.0654186
Delhi,Delhi,28.6664535,77.2169781
Delhi,Aya Nagar Bandh Road,,
Delhi,Westend,28.7106328,77.1028595
Delhi,Jain Road,28.5942141,77.121144
Delhi,Sant Nagar East Of Kailash Road,,
Delhi,Major Bhola Nath Colony,,
Delhi,Anand Kunj,28.6378229,77.0804159
Delhi,60 Feet Road,28.4989691,77.291991
Delhi,Sector B Pocket 8,28.8318742,77.1095988
Delhi,Block UU Uttari Pitampura,,
Delhi,Madhu Vihar Delhi,28.636056,77.3043835
Delhi,Ratan Park,28.6993143,77.1938864
Delhi,Bijwasan,28.5369587,77.0512889
Delhi,Sudarshan Park,28.6614996,77.1339838
Delhi,Baljit Nagar,28.6723046,77.1084277
Delhi,Hari Enclave,28.74103,77.1337622
Delhi,Sabzi Mandi Old,28.6459363,77.2385409
Delhi,Gharoli Dairy Farm,28.6121846,77.3369789
Delhi,Anarkali Colony South Anarkali Colony,,
Delhi,Radhey Shyam Park,,
Delhi,South Anarkali Anarkali Colony,,
Delhi,best residency apartment delhi dwarka sector 19,,
Delhi,Shakarpur Khas,,
Delhi,Bawana,28.79966,77.0328847
Delhi,Block C Lajpat Nagar I,,
Delhi,New Moti Nagar,28.6637213,77.142878
Delhi,Double Storey New Rajinder Nagar,,
Delhi,Shakarpur,28.6294888,77.2810607
Delhi,Brijwasan,,
Delhi,Deenpur,,
Delhi,Rama Vihar,28.6058619,77.2987023
Delhi,Vigyan Lok,28.6562324,77.3152398
Delhi,Yojna Vihar,,
Delhi,Jitar Nagar,,
Delhi,South Anarkali Delhi,,
Delhi,Naveen Kunj Society,,
Delhi,Chattarpur Enclave Phase 2,28.5035712,77.1884511
Delhi,east delhi,28.6252148,77.2960034
Delhi,Samay Pur,,
Delhi,Jagat Ram Park,,
Delhi,Delhi Metropolitan Area Bhawani Kunj,,
Delhi,Jawahar Nagar,28.7246509,77.289906
Delhi,Prakash Mohalla,,
Delhi,West Vinod Nagar,28.6231348,77.2966849
Delhi,Sector 26 Dwarka,28.5447896,77.051083
Delhi,Dwarka More,28.5927817,77.0795025
Delhi,East Kidwai Nagar,28.5716096,77.2131433
Delhi,Razapur Khurd,28.6380731,77.0315269
Delhi,West Patel Nagar Road,28.657434,77.142548
Delhi,Ismailpur,,
Delhi,Chand Nagar,28.6469915,77.0975914
Delhi,Govindpura,,
Delhi,Vivek Vihar Phase I,,
Delhi,Vivek Vihar Phase II Delhi,28.6712484,77.314651
Delhi,Gadaipur Bandh Road,28.475186,77.168244
Delhi,Vikram Nagar,28.564122,77.2372705
Delhi,Phase 2 Chattarpur Enclave,28.5006921,77.192383
Delhi,Azadpur,28.7070448,77.1803722
Delhi,Delhi Meerut Expressway,28.619445,77.2936795
Delhi,Nangloi,28.6824007,77.0647319
Delhi,S D A New,,
Delhi,Old Delhi,28.6652543,77.2043261
Delhi,Punjabi Bagh Bhagwan Das Nagar,,
Delhi,Ratan Park Delhi,28.6993143,77.1938864
Delhi,Block WZ Basai Dara pur,,
Delhi,Mansarovar garden,28.6432658,77.1322572
Delhi,Sector 16 Dwarka,28.6163607,77.0240517
Delhi,Ansal Satbari,,
Delhi,Dwarka Sec6 Market,,
Delhi,Nasirpur,28.6003415,77.0904236
Delhi,Sector 10 Rohini,28.7194201,77.1096302
Delhi,Anand Parbat,28.6602309,77.1704149
Delhi,Chilla Sarda Bangar Chilla Sarda Bangar Village,,
Delhi,Trilokpuri,28.6056473,77.3066482
Delhi,Chanakya Puri,,
Delhi,Sector 21 Dwarka,28.5696878,77.0643221
Delhi,New Ashok Nagar Block E,,
Delhi,Tagore Garden,28.6437265,77.11282
Delhi,Lodhi Road,28.5926365,77.2393452
Delhi,Block DP Poorvi Pitampura,,
Delhi,Block MP Poorvi Pitampura,,
Delhi,Mahavir Enclave Bengali Colony,28.5981655,77.0776819
Delhi,Pitampura Block NP,,
Delhi,Rama Park Block B,,
Delhi,Saidabad,,
Delhi,Sector 7 Rohini,28.7140551,77.1159961
Delhi,Kabool Nagar,28.6765636,77.2917477
Delhi,Shahabad Daulatpur Village,,
Delhi,New Rajinder Nagar,28.6357855,77.1841395
Delhi,Ibrahimpur,28.7756976,77.1766202
Delhi,Prem Nagar,28.5785161,77.2195112
Delhi,B K Dutt Colony,28.5831348,77.216628
Delhi,Prashant Vihar,28.7141868,77.136731
Delhi,Kailash Enclave Harsh Vihar,,
Delhi,Civil Lines,28.6806862,77.2225999
Delhi,Sherpur,,
Delhi,Dr Mukherjee Nagar West Bhai Parmanand Colony,,
Delhi,Block QP Poorvi Pitampura,,
Delhi,Pitampura KP Block,,
Delhi,Naraina Vihar,28.6243852,77.1364438
Delhi,Naraina Village,28.6220547,77.1386441
Delhi,CP Block Road,28.6066659,77.1043769
Delhi,Mandoli,28.7007705,77.3104821
Delhi,Khera Khurd,28.7756713,77.0984424
Delhi,Pant Nagar,28.5852986,77.2435654
Delhi,dwarka sector 19,28.5649787,77.0510412
Delhi,Bharthal,28.5437276,77.048947
Delhi,Chandan Hola,28.4680311,77.1823025
Delhi,Ram Datt Enclave,28.6207586,77.0675714
Delhi,Uttam Nagar Vani Vihar,,
Delhi,GTB Nagar,28.6981333,77.2063998
Delhi,Nirankari Colony,28.7165712,77.2064187
Delhi,Vani Vihar New Uttam Nagar,,
Delhi,Burari Kamal Vihar,,
Delhi,Colonelganj,,
Delhi,Mukundpur,28.7172545,77.1818101
Delhi,Baljeet Nagar,28.6563217,77.1605162
Delhi,Model Town Phase3,,
Delhi,Loni,28.7019652,77.2908013
Delhi,param puri,28.6098608,77.2944391
Delhi,Uttam Nagar Subhash Park Extn,,
Delhi,Sadar Bazaar,28.6499077,77.2261794
Delhi,Vinod Nagar East,28.6232401,77.2989383
Delhi,Gold Valley,,
Delhi,Sector 24 Rohini,28.7269918,77.0834877
Delhi,Shanti Mohalla,,
Delhi,Uttam Nagar East,28.6248465,77.0652861
Delhi,Club Road Flyover,28.6638543,77.1312039
Delhi,Sector17 Rohini,,
Delhi,Mandi,28.4397525,77.1434049
Delhi,Kalkaji Main,,
Delhi,West Sagarpur,28.605046,77.1006018
Delhi,Ashok Vihar Phase-1,28.6914402,77.1681153
Delhi,Dilshad Colony,,
Delhi,Karawal Nagar,28.7311406,77.2747898
Delhi,Govindpuri Extension,,
Delhi,Chhajjupur,,
Delhi,Sarai Rohilla,28.6644729,77.1838135
Delhi,Okhla Industrial Area,28.5475409,77.2828271
Delhi,New Rohtak Road Karol Bagh,28.6624722,77.1853223
Delhi,Shakarpur Extension,28.6432525,77.2971835
Delhi,Chandni Chowk,28.6559834,77.2321937
Delhi,Begampur Park,,
Delhi,Mahavir Enclave Part 2,,
Delhi,Krishan Vihar,28.7096362,77.0812368
Delhi,Siraspur,28.7580543,77.1297995
Delhi,Mithapur,,
Delhi,Kishangarh Village New Delhi,,
Delhi,Shaheen Bagh Jasola Vihar,28.5458279,77.2966578
Delhi,Block C4F,,
Delhi,Vikram Vihar Lajpat Nagar IV,28.564122,77.2372705
Delhi,Avantika Sector 1,28.7102332,77.1134816
Delhi,Model Town Phase-1,28.7096367,77.1885986
Delhi,jangpura bhogal,28.5829515,77.2507873
Delhi,Satyawati nagar,28.682989,77.2006879
Delhi,Shivalik Colony,,
Delhi,Qutub Vihar,28.5748741,77.0273995
Delhi,Subzi Mandi,28.6355124,77.3214822
Delhi,Laxmi Bai Nagar,28.576794,77.2062778
Delhi,Laxmi Vihar,28.6466355,77.0761638
Delhi,Kishangarh Gaushala Marg,,
Delhi,Delhi Gymkhana Club,28.5978388,77.2045315
Delhi,Bharat Vihar,28.6085248,77.0286097
Delhi,Sector 34 Rohini,28.7116845,77.0416675
Hyderabad,Serilingampally,17.4667166,78.340421
Hyderabad,Sri Nagar Colony,17.3768805,78.5117854
Hyderabad,Shaikpet,17.4057955,78.4006536
Hyderabad,Nanakramguda,17.4217796,78.3379784
Hyderabad,Kondapur,17.4587912,78.3730556
Hyderabad,manneguda,,
Hyderabad,Manikonda,17.3999951,78.3861689
Hyderabad,Jubilee Hills,17.4308362,78.4102882
Hyderabad,Gajularamaram,17.5271759,78.4200077
Hyderabad,Narsingi,,
Hyderabad,Begumpet,17.446195,78.463016
Hyderabad,Kukatpally,17.4930841,78.4054408
Hyderabad,LB Nagar,17.3501617,78.5510938
Hyderabad,Banjara Hills,17.4177464,78.4399014
Hyderabad,Nallagandla Gachibowli,17.469582,78.3095514
Hyderabad,Trimalgherry,,
Hyderabad,Meerpet,17.4546432,78.5715499
Hyderabad,Gachibowli,17.4436222,78.3519638
Hyderabad,AS Rao Nagar,17.4798689,78.5509653
Hyderabad,Nizampet,17.497127,78.3768831
Hyderabad,Kapra,17.4846356,78.5610095
Hyderabad,Puppalaguda,17.3999951,78.3861689
Hyderabad,Chandanagar,17.4872976,78.3322142
Hyderabad,Aminpur,,
Hyderabad,Hitech City,17.469728,78.3852406
Hyderabad,Madhapur,17.4408924,78.3916304
Hyderabad,Hastinapuram,17.3291354,78.5542145
Hyderabad,Mehdipatnam,17.3942627,78.4342514
Hyderabad,Hyderabad Shah Guda,,
Hyderabad,Moosapet,17.4685307,78.4206695
Hyderabad,Syed Ali Guda,17.3884988,78.4462402
Hyderabad,Kothapet,17.3679097,78.5401625
Hyderabad,Rani Gunj,17.4321793,78.4914903
Hyderabad,Suraram,17.5360946,78.4186386
Hyderabad,Hafeezpet,17.4834409,78.3611316
Hyderabad,Sanath Nagar,17.4522594,78.4446705
Hyderabad,Pocharam,,
Hyderabad,Old Bowenpally,17.4772245,78.4849389
Hyderabad,Attapur,17.3672244,78.4307278
Hyderabad,Abids,17.3894783,78.477182
Hyderabad,Nagaram Hyderabad South,,
Hyderabad,Miyapur,17.4981608,78.3567628
Hyderabad,West Marredpally,17.45121,78.5020964
Hyderabad,Bandlaguda Jagir,17.372604,78.4054428
Hyderabad,Saroornagar,17.3611655,78.5387443
Hyderabad,Dilsukh Nagar,17.3688679,78.5256198
Hyderabad,Alwal,17.5022292,78.5088584
Hyderabad,BHEL,17.5051308,78.4895401
Hyderabad,Amberpet,17.3861776,78.5114709
Hyderabad,Quthbullapur,17.4966655,78.4606445
Hyderabad,Bapu Nagar,17.4201763,78.5081639
Hyderabad,Adibatla,,
Hyderabad,Toli Chowki,,
Hyderabad,Nagole,17.3775306,78.5601231
Hyderabad,Shamshabad,17.257207,78.3451039
Hyderabad,Mettuguda,17.4355036,78.5195573
Hyderabad,Medchal,17.3630295,78.5768953
Hyderabad,Old Malakpet,17.3787081,78.4988983
Hyderabad,Boduppal,17.3988408,78.5366218
Hyderabad,Vijaya Nagar Colony,17.3304768,78.5768552
Hyderabad,Madhura Nagar,17.4386754,78.4390961
Hyderabad,Jagadgiri Gutta,,
Hyderabad,Rasoolpura,17.443612,78.4764053
Hyderabad,Narapally,17.4249113,78.6202968
Hyderabad,Yapral,17.5030543,78.5407976
Hyderabad,Khajaguda Nanakramguda Road,17.4186232,78.3718374
Hyderabad,Yousufguda,17.4387499,78.4279866
Hyderabad,B N reddy nagar,17.321914,78.5597937
Hyderabad,Gandipet,17.4042541,78.3305213
Hyderabad,Mahendra Hills,,
Hyderabad,Masab Tank,17.4029622,78.450754
Hyderabad,Qutub Shahi Tombs,17.3956054,78.396923
Hyderabad,Bolarum,17.529823,78.5155062
Hyderabad,Kothaguda,17.458705,78.3638803
Hyderabad,Chinthal Basthi,17.4069072,78.4544528
Hyderabad,Kokapet,17.4042541,78.3305213
Hyderabad,Saroor Nagar,17.3564017,78.5318948
Hyderabad,Ameerpet,17.4375012,78.4482505
Hyderabad,Erragadda,17.4487999,78.4356074
Hyderabad,Shanthi Nagar,17.4380969,78.5361971
Hyderabad,BalajiNagar,,
Hyderabad,Punjagutta,17.4286964,78.4519072
Hyderabad,Narayanguda,17.3981159,78.4885006
Hyderabad,Gowlidody,,
Hyderabad,Borabanda,17.4590687,78.4078664
Hyderabad,Patancheru,17.5286092,78.2674254
Hyderabad,raidurgam,17.4233422,78.380577
Hyderabad,Osman Nagar,17.4418133,78.2782231
Hyderabad,Raghavendra Colony Manikonda,,
Hyderabad,Neknampur,,
Hyderabad,Bollaram Industrial Area,,
Hyderabad,Bahadurpally,17.5591556,78.4368697
Hyderabad,Lakdikapul,17.4038757,78.4642706
Hyderabad,Shilpa Hills,17.4089646,78.4508183
Hyderabad,Kanchan Bagh,17.3401943,78.5099445
Hyderabad,Pragathi Nagar Kukatpally,17.5070218,78.3960917
Hyderabad,Botiguda,,
Hyderabad,Ramachandra Puram,,
Hyderabad,Upparpally,17.3564216,78.411298
Hyderabad,Badesahebguda,,
Hyderabad,Bowenpally,17.465169,78.4729384
Hyderabad,Appa Junction Peerancheru,,
Hyderabad,Himayat Nagar,17.4039678,78.483456
Hyderabad,Chintalmet,17.3498405,78.4218874
Hyderabad,Bachupally,17.536648,78.3644736
Hyderabad,Hyder Nagar,17.5014133,78.3842003
Hyderabad,Indramma Nagar,,
Hyderabad,Cherlapalli,17.4590351,78.6043469
Hyderabad,Gopanpally,17.4272135,78.3289302
Hyderabad,Tellapur,17.4503205,78.3009176
Hyderabad,Adikmet,17.4095495,78.5130943
Hyderabad,Asif Nagar,17.3857483,78.4505083
Hyderabad,Sanjeeva Reddy Nagar,17.4403506,78.4419837
Hyderabad,Kachiguda,17.3900402,78.4946205
Hyderabad,Nallakunta,17.3975005,78.50557
Hyderabad,Officers Colony,17.3707037,78.4997216
Hyderabad,Moti Nagar,17.4508069,78.422242
Hyderabad,Uppal Kalan,,
Hyderabad,Habsiguda,17.4154761,78.5426918
Hyderabad,Somajiguda,17.4255053,78.4585197
Hyderabad,Vanasthalipuram,17.3303179,78.568278
Hyderabad,Uppal,17.4025091,78.5612562
Hyderabad,Hyderguda,17.4012791,78.4804894
Hyderabad,Balakampet,,
Hyderabad,Yellareddy Guda,,
Hyderabad,Sunder Nagar,17.3877537,78.5008559
Hyderabad,Nacharam,17.4284936,78.5528098
Hyderabad,Tarnaka,17.4285479,78.5379433
Hyderabad,Balkampet,17.4469233,78.4504513
Hyderabad,Ramanthapur,17.3885044,78.5371677
Hyderabad,Padmarao Nagar,17.4256007,78.5085153
Hyderabad,Jawahar nagar,17.4076626,78.4928021
Hyderabad,Hanuman Nagar,17.3412815,78.4812819
Hyderabad,Koti,17.3847309,78.4836642
Hyderabad,East Marredpally,17.4469418,78.5107535
Hyderabad,Moosarambagh Road,17.3851613,78.5170714
Hyderabad,Kavadiguda,17.4227022,78.4917695
Hyderabad,Malakpet,17.3736706,78.4996484
Hyderabad,Chanakyapuri,17.3606758,78.5601419
Hyderabad,Karwan,17.376013,78.4331894
Hyderabad,Sainikpuri,17.4892154,78.5424889
Hyderabad,Karkhana,17.4732138,78.5115017
Hyderabad,Friends Colony Hyderabad,17.3776865,78.5187513
Hyderabad,Prayathi Nagar,,
Hyderabad,Medinaguda,,
Hyderabad,Jagruthi Colony Raghavendra Colony,,
Hyderabad,Telecom Nagar,17.4331364,78.3668158
Hyderabad,KTR Colony Road Number 2,,
Hyderabad,Indira Nagar,17.3920529,78.4513242
Hyderabad,KTR Colony Hyderabad,17.4187817,78.4305909
Hyderabad,Gajilaramavaram,,
Hyderabad,sriram nagar kondapur,17.4619212,78.3548628
Hyderabad,Anjaiah Nagar,17.4710561,78.4932292
Hyderabad,Malkajgiri,17.4511764,78.5368997
Hyderabad,Ayyappa Society,17.44582,78.3924173
Hyderabad,Krishna Nagar,17.4330523,78.4246746
Hyderabad,Madhavapuri Hills PJR Layout,,
Hyderabad,PJR Nagar,17.4358788,78.3617951
Hyderabad,Malaysian Township Hyderabad,17.4793451,78.391366
Hyderabad,Kompally,17.5354868,78.5096979
Hyderabad,Rein Bazaar,17.353058,78.4950133
Hyderabad,Gurram Guda,,
Hyderabad,Kushaiguda,17.4825451,78.5726444
Hyderabad,Santoshnagar,17.3467185,78.5081947
Hyderabad,Suchitra,17.5024582,78.4839794
Hyderabad,Chinthal,17.4387962,78.5327444
Hyderabad,Moula Ali,17.46171,78.5571396
Hyderabad,Salarjung Colony,17.3946906,78.4221116
Hyderabad,Jai Bharat Nagar,17.5036299,78.3864025
Hyderabad,financial District,17.4042541,78.3305213
Hyderabad,Gaddi Annaram,17.3916207,78.5600446
Hyderabad,Deepthisri Nagar,,
Hyderabad,Hayathnagar,17.3281147,78.6045399
Hyderabad,Gowlipura,17.3462321,78.4799077
Hyderabad,Alkapur,,
Hyderabad,Jai Suryapatnam,,
Hyderabad,Gandi Maisamma,,
Hyderabad,SR Nagar,17.4452312,78.4449117
Hyderabad,A C Guards,17.4028042,78.4594873
Hyderabad,Hakimpet,17.4098051,78.4050926
Hyderabad,Tatianaram,,
Hyderabad,Banjara Hills Road Number 10,17.4159349,78.4361907
Hyderabad,7 Tombs Road,17.3979102,78.4049204
Hyderabad,Kismatpur,17.3316182,78.4033571
Hyderabad,Lingampally,17.4881832,78.316112
Hyderabad,Edi Bazaar,17.3512358,78.4911005
Hyderabad,Shivaji Nagar,17.3392935,78.4737879
Hyderabad,Ramnas Pura,,
Hyderabad,Patel Guda,,
Hyderabad,Begumpet Road,17.4444022,78.467713
Hyderabad,Rambagh Colony,17.3623778,78.4310366
Hyderabad,Raja Rajeswari Nagar,,
Hyderabad,Chengicherla,17.4114477,78.6070518
Hyderabad,Kousalya Colony Road,,
Hyderabad,Telecom Nagar Extension,,
Hyderabad,Kamalaprasad Nagar,,
Hyderabad,Buddha Nagar,17.4063505,78.5933319
Hyderabad,Madaram,,
Hyderabad,Nampally,17.3923995,78.4701477
Hyderabad,Madhapur Ayyappa Society,17.4411062,78.3920739
Hyderabad,Falaknuma,17.3326604,78.4751984
Hyderabad,Khairatabad Road,17.413049,78.4599395
Hyderabad,Venkataramana Colony,17.4153286,78.4537168
Hyderabad,Botanical Garden Road Kondapur,17.4555018,78.3639955
Hyderabad,Gundlapochampalli,,
Hyderabad,Chanchalguda,17.3673732,78.4965799
Hyderabad,Venkatagiri,17.4331269,78.4212974
Hyderabad,Balanagar,17.4768224,78.4219645
Hyderabad,Chaitanya Enclave,17.4644816,78.4844578
Hyderabad,Skandagiri,17.4228249,78.5110752
Hyderabad,Rajapur,,
Hyderabad,Military Dairy Farm Road,17.4846086,78.497226
Hyderabad,Kartik Enclave New Bowenpally,,
Hyderabad,Pocharam South Hyderabad,,
Hyderabad,New Bowenpally X Road,,
Hyderabad,Gopanapalli,,
Hyderabad,Gajulramaram Kukatpally,,
Hyderabad,Vediri Township,,
Hyderabad,Jillelguda,17.3307561,78.5408455
Hyderabad,Rajendra Nagar,17.3200305,78.4020096
Hyderabad,Jeedimetla,17.519687,78.4468876
Hyderabad,Karmanghat,17.3410061,78.5329747
Hyderabad,Ghatkesar,,
Hyderabad,Khajiguda,,
Hyderabad,Gopal Reddy Nagar,,
Hyderabad,Zamistanpur,17.41526,78.5014979
Hyderabad,Sri Venkateshwara Colony,17.3294747,78.5799204
Hyderabad,ISB Ring Road,17.436552,78.3401454
Hyderabad,Chitrapuri Colony,17.419494,78.3798412
Hyderabad,Pasha Colony,17.4280616,78.4545981
Hyderabad,vivekananda Nagar,17.3627254,78.5293456
Hyderabad,Baghdad Nagar,,
Hyderabad,Gopalnagar Society,,
Hyderabad,Vinayak Nagar Colony Hyderabad,17.4929361,78.3525923
Hyderabad,Mallapur,17.4405369,78.5788551
Hyderabad,Bowrampet,,
Hyderabad,MLA Colony Road Number 12,,
Hyderabad,HS Darga Hyderabad,17.3899006,78.4632361
Hyderabad,Czech Colony Hyderabad,,
Hyderabad,Kowkur,17.5248934,78.5355319
Hyderabad,Domalguda,17.4078455,78.4850003
Hyderabad,Golden Heights Road,,
Hyderabad,Komatikunta,,
Hyderabad,Aparna Hill Park,17.5063342,78.3270564
Hyderabad,Sathya Colony,17.3809197,78.5445541
Hyderabad,Khizra Enclave,,
Hyderabad,kondapur jankshan,,
Hyderabad,100 Feet Road,17.4425339,78.3953526
Hyderabad,Balram Nagar,17.4602725,78.4524033
Hyderabad,Madhava Hills Estates,,
Hyderabad,Defence Colony,17.3176682,78.6117136
Hyderabad,Galaxy,17.4034981,78.4092359
Hyderabad,Bagath Singh Nagar Phase 2,,
Hyderabad,Phase VI LIG Flats,,
Hyderabad,Balaji Colony,17.3239429,78.5600237
Hyderabad,Vikrant Residency,,
Hyderabad,Srinivasa Nagar Colony Hyderabad,17.4917993,78.4155435
Hyderabad,Kollur,,
Hyderabad,Mansoorabad,17.3541765,78.5652906
Hyderabad,Boiguda,17.4286363,78.4969962
Hyderabad,BK Guda Road,17.4473707,78.4485105
Hyderabad,New Hafeezpet Hyderabad,,
Hyderabad,Ameenpur Plots,,
Hyderabad,Zaheerabad,17.686771,77.5880974
Hyderabad,Nehru Nagar,17.4506092,78.5825306
Hyderabad,Jam Bagh,17.3835866,78.4774067
Hyderabad,Hanamkonda,,
Hyderabad,Upperpally,17.35768,78.4200013
Hyderabad,Road No7 NIN Colony,,
Hyderabad,Weaker Section Colony,17.3328487,78.4273382
Hyderabad,Pragathi Nagar Main,17.3984668,78.5883272
Hyderabad,Nawab Saheb Kunta,17.3397918,78.4578365
Hyderabad,Neeladri Nagar,,
Hyderabad,Trimulgherry,17.4639543,78.4837317
Hyderabad,3rd Phase KPHB,17.4879512,78.3953922
Hyderabad,Banjara Hills Main Road,17.4171036,78.4504213
Hyderabad,kukatpally housing board,17.4877382,78.399687
Hyderabad,Alluri Seetaramaraju Nagar,17.5398048,78.4356145
Hyderabad,Nagaram,17.4910113,78.613677
Hyderabad,Chintalakunta,,
Hyderabad,Saptagiri Colony,17.4828598,78.5339636
Hyderabad,Venkatadri Colony,17.3959788,78.4474053
Hyderabad,New Mallepally,,
Hyderabad,Medak,17.5442507,78.4009688
Hyderabad,6th Phase KPHB,17.4796142,78.394392
Hyderabad,VIP Hills,,
Hyderabad,Hitex,17.4708109,78.3749145
Hyderabad,Mallampet,,
Hyderabad,Avanti Nagar,,
Hyderabad,Tolichowki Road,17.3986736,78.4157928
Hyderabad,9th Phase Road,17.4850435,78.3790177
Hyderabad,Thumkunta,17.5643539,78.5517143
Hyderabad,Sri Durga Colony,17.497822,78.3399655
Hyderabad,Sri Sai Nagar,17.4257451,78.5545582
Hyderabad,Puppalguda,,
Hyderabad,Methodist Colony,17.3286867,78.5632273
Hyderabad,Begumpet Main Road,,
Hyderabad,Uma Nagar,17.4397094,78.4593791
Hyderabad,Ameerpet Road,17.4342641,78.4464948
Hyderabad,Banjara Hills Road Number 12,,
Hyderabad,Kundan Bagh Road,17.4357772,78.4613029
Hyderabad,Warasiguda,17.4182415,78.5113365
Hyderabad,Toopran,,
Hyderabad,Allwyn Colony,17.5043618,78.4149849
Hyderabad,Adarsh Nagar,17.4835578,78.3213131
Hyderabad,Neredmet X Road Vayupuri Sainikpuri X Road,,
Hyderabad,Kistareddypet,,
Hyderabad,Balapur,17.3055067,78.5042041
Hyderabad,Bairagiguda,,
Hyderabad,Whisper Valley,17.4191477,78.3888943
Hyderabad,Rampally,17.4644896,78.6489825
Hyderabad,Nalanda Nagar Srimallenagar Colony,,
Hyderabad,Raja Rajeshwara Nagar,,
Hyderabad,Deen Dayal Nagar,17.4115794,78.4094296
Hyderabad,Mayuri Nagar,17.5116535,78.3676991
Hyderabad,Deluxe Colony,17.4025665,78.4148085
Hyderabad,Peeramcheru,,
Hyderabad,Auto Nagar,17.342946,78.5785756
Hyderabad,Alkapur township,,
Hyderabad,Vengalarao Nagar,,
Hyderabad,Old Nallakunta,,
Hyderabad,Beeramguda,17.5091218,78.3004614
Hyderabad,Laxmiguda,17.3068831,78.4502374
Hyderabad,Yamnampet,17.4560057,78.6660623
Hyderabad,Rudraram,,
Hyderabad,muthangi,,
Hyderabad,Neredmet,17.470446,78.5360054
Hyderabad,Mettakanigudem,,
Hyderabad,Aziz Bagh Colony,17.4033145,78.4086572
Hyderabad,Bahadurpura,17.3570672,78.4545419
Hyderabad,Sun City,17.3650805,78.3957009
Hyderabad,Badangpet,17.3383467,78.5222127
Hyderabad,Safilguda,17.46162,78.5331229
Hyderabad,Kompally Road,17.5354868,78.5096979
Hyderabad,Venkat Nagar Colony,17.4906044,78.4158051
Hyderabad,Saidabad,17.359533,78.5147979
Hyderabad,Gunrock Enclave,17.457471,78.4964302
Hyderabad,Gandhinagar,17.4077928,78.4925707
Hyderabad,Jubille Hills Road,,
Hyderabad,Bhagyanagar Colony Kukatpally,17.4974865,78.403275
Hyderabad,Shadnagar,17.0784896,78.2031982
Hyderabad,Kondapur Police Colony Road,17.465377,78.3640181
Hyderabad,Bapu Bagh Colony Road,17.4406414,78.4808181
Hyderabad,Pragathi Nagar,17.5200154,78.3968876
Hyderabad,Saraswathi Colony,17.3916207,78.5600446
Hyderabad,Rail Vihar,17.4836502,78.312489
Hyderabad,Rajiv Gandhi Nagar Colony,17.4413689,78.3627758
Hyderabad,Krishna Reddy Pet,,
Hyderabad,Moinabad,17.2778869,78.2926325
Hyderabad,Kondakal,,
Hyderabad,Neredmet Sainikpur X Road,,
Hyderabad,Golconda Qila,,
Hyderabad,Tilak Nagar,17.3926401,78.5083876
Hyderabad,Shivam Road  Amberpet,17.3983274,78.5125609
Hyderabad,Dammaiguda,17.4992875,78.5837185
Hyderabad,Appa Junction,,
Hyderabad,Navodaya Colony,17.500301,78.4096616
Hyderabad,Green Hills Road,17.4691766,78.4031923
Hyderabad,East Anand Bagh,17.4612741,78.5634592
Hyderabad,Anjaneya Nagar,17.3639081,78.5287084
Hyderabad,Mahadevpur Colony,17.5238346,78.4140552
Hyderabad,Vijay Nagar Colony Road,17.3946017,78.4517402
Hyderabad,P Janardhan Reddy Nagar,17.4947961,78.3282759
Hyderabad,Chinthal Quthbullapur,17.514435,78.447485
Hyderabad,CBCID Colony,17.4962648,78.3805348
Hyderabad,Talab Katta,17.3540378,78.4850098
Hyderabad,Almasguda,17.3383467,78.5222127
Hyderabad,Tirumalgiri,,
Hyderabad,Langer House,17.37331,78.41387
Hyderabad,Dharam Karam Road Ameerpet,,
Hyderabad,Whitefield,,
Hyderabad,Road No 10 Banjara Hills,17.4169372,78.4265916
Hyderabad,chandrayangutta,17.3246955,78.4813558
Hyderabad,Ameenpur Village Patancheru,,
Hyderabad,Azamabad,17.4040194,78.5043767
Hyderabad,Babamma Colony,,
Hyderabad,Pragati Nagar,17.3995282,78.5417093
Hyderabad,Siddhi Vinayak Nagar,17.4567717,78.3865084
Hyderabad,Bhagath Singh Nagar,17.4949119,78.4455096
Hyderabad,Ravindra Nagar Colony,17.4253542,78.5183201
Hyderabad,Kismatpur Road,17.3342354,78.3895798
Hyderabad,Kurmaguda,17.3607708,78.5024039
Hyderabad,Madinaguda,17.4917948,78.342306
Hyderabad,Champapet,17.3445706,78.5169717
Hyderabad,TurkaYamjal,,
Hyderabad,Gowdavalli,,
Hyderabad,Venkatraya Nagar,,
Hyderabad,Krishna Nagar Colony,17.4390853,78.4826973
Hyderabad,Gouri Shankar Nagar Colony,,
Hyderabad,Nallagandla Road,17.4841858,78.3120693
Hyderabad,Maruthi Nagar,17.3138317,78.5779533
Hyderabad,Gayatri Nagar Borabanda,,
Hyderabad,Korremula Road,,
Hyderabad,Patancheru Mandal,17.5280261,78.2670248
Hyderabad,Pathar Gatti,,
Hyderabad,Bollaram,17.4971242,78.3616033
Hyderabad,Hafiz Baba Nagar,17.3265375,78.4911022
Hyderabad,Thorrur Village,,
Hyderabad,Jalapalli,,
Hyderabad,Alair,,
Hyderabad,Jayanagar New Bowenpally,,
Hyderabad,Chaitanyapuri Colony,17.3686524,78.5273062
Hyderabad,BHEL Vidyut Nagar,,
Hyderabad,Maheshwaram,17.3158544,78.4828417
Hyderabad,Sadashivpet,,
Hyderabad,Shalivahana Nagar,17.344452,78.5469569
Hyderabad,Mokila,,
Hyderabad,Laxmi Nagar Colony,17.3686784,78.5414614
Hyderabad,Kanajiguda,17.4863625,78.4970799
Hyderabad,Munganoor,,
Hyderabad,Nadergul,,
Hyderabad,Gatkeshwar,,
Hyderabad,Janachaitanya Colony,,
Hyderabad,NFC Nagar,17.493049,78.40946
Hyderabad,Raviryal,,
Hyderabad,Hussaini Alam,17.361886,78.4667506
Hyderabad,Devatabowli,,
Hyderabad,Nallagandla Fly over,,
Hyderabad,Chandanagar Vill,,
Hyderabad,Mahbubnagar,,
Hyderabad,Happy Homes Colony,17.3467372,78.4141612
Hyderabad,Migh Colony,,
Hyderabad,Asif Nagar North,,
Hyderabad,Rakshapuram,17.3398864,78.4944313
Hyderabad,Huda Colony,17.3819519,78.4489041
Hyderabad,KPHB Phase 2,17.4963244,78.3816053
Hyderabad,Ramachandrapuram,17.5086345,78.3018685
Hyderabad,Ferozguda,17.4646179,78.4616333
Hyderabad,Uppal Bus Stop Road,17.5125871,78.339186
Hyderabad,Sri Krishna Nagar,17.5105245,78.4571841
Hyderabad,Sitaphalmandi,17.4297326,78.5174265
Hyderabad,Panchavati Colony,,
Hyderabad,Golconda Fort,17.3833665,78.4010991
Hyderabad,Masjid Banda,17.4670374,78.3415168
Hyderabad,Bachupally Road,17.5457451,78.3970359
Hyderabad,Neeraj Colony,17.3978353,78.4139018
Hyderabad,Dabeerpura,17.367843,78.4871899
Hyderabad,Gachibowli Miyapur Road,17.486976,78.3569838
Hyderabad,Ramgopalpet,17.4325722,78.4886026
Hyderabad,Bongloor,,
Hyderabad,NEW MALAKPET,17.3688126,78.5131912
Hyderabad,BHEL OLD MIG,17.4842051,78.2995091
Hyderabad,HMT Swarnapuri Colony Hyderabad,17.5166401,78.3467914
Hyderabad,K P H B 9 Phase,,
Hyderabad,Secunderabad Railway Station Road,17.4339579,78.5018052
Hyderabad,Peerzadiguda,17.4013579,78.5815697
Hyderabad,Hakimpet Hyderabad Karimnagar Highway,17.5497096,78.5241331
Hyderabad,Sangareddy,17.5280261,78.2670248
Hyderabad,PJR Layout,17.5039872,78.3353375
Hyderabad,Linghampally,,
Hyderabad,Ahmedguda,,
Hyderabad,Q City Road,17.4274197,78.3318771
Hyderabad,Jayanagar Colony,17.3585073,78.5177466
Hyderabad,BegumpetBrahmanvadi Road,,
Hyderabad,Bachupaly Road Miyapur,,
Hyderabad,Korremula,,
Hyderabad,Regimental Bazaar,17.4390256,78.4990037
Hyderabad,Vinay Nagar,17.3515414,78.5111106
Hyderabad,Humayunagar,,
Hyderabad,Naveen Nagar,17.4155027,78.4516998
Hyderabad,Mangalpally,,
Hyderabad,Budvel,17.33298,78.406191
Hyderabad,Manikonda Road,17.4093399,78.3947067
Hyderabad,Annojiguda,17.4332336,78.6571795
Hyderabad,Isnapur,,
Hyderabad,Secretariat Colony,17.3886429,78.3822256
Hyderabad,Pocharam Near Muthangi,,
Hyderabad,KPHB,17.4939602,78.4008412
Hyderabad,Sindhi Colony Road,17.440659,78.4807884
Hyderabad,Vattinagulapally,,
Hyderabad,Manchirevula,17.3806032,78.3456848
Hyderabad,Punjagutta Market,,
Hyderabad,Umdanagar,,
Hyderabad,Medipally,17.4158985,78.6018454
Hyderabad,Chenna Reddy Nagar,17.3914696,78.5266278
Hyderabad,Gudimalkapur,17.3879203,78.4371165
Hyderabad,Dwarakapuri,,
Hyderabad,Dundigal,17.5062095,78.5051076
Hyderabad,Ameenpur,17.5236905,78.3317297
Hyderabad,Hasmathpet,17.4758254,78.4847371
Hyderabad,Kistamma Enclave,17.5036267,78.4932856
Hyderabad,Tukaram Gate,17.4410718,78.5222061
Hyderabad,Musheerabad Zamistanpur,17.4192999,78.5267548
Hyderabad,silpa park,17.4679981,78.3678185
Hyderabad,Srinivasa Colony,17.4791192,78.5628517
Hyderabad,PJR Enclave Road,,
Hyderabad,Venkatapuram Alwal Secundrabad,,
Kolkata,Sodepur,22.6999347,88.3799386
Kolkata,south dum dum,22.6210749,88.3992451
Kolkata,Sector 22,22.5726459,88.3638953
Kolkata,Lake Gardens,22.5080547,88.3533289
Kolkata,Dhapa,22.5478233,88.4002314
Kolkata,Dum Dum,22.6520597,88.4360417
Kolkata,Kankurgachi,22.5804642,88.3907047
Kolkata,Mukundapur,22.4956263,88.398449
Kolkata,Joka,22.4440967,88.3017146
Kolkata,Jadavpur,22.495499,88.3709006
Kolkata,Santoshpur,22.4960484,88.3822296
Kolkata,Jodhpur Park,22.5056055,88.363674
Kolkata,Ganguly Bagan,22.4798775,88.3893197
Kolkata,Panihati,22.6950342,88.4073585
Kolkata,New Town,22.5882834,88.4734476
Kolkata,Rahara,22.7240621,88.3867065
Kolkata,Bansdroni,22.4735865,88.3606732
Kolkata,Salt Lake City,22.590425,88.41692
Kolkata,Santragachi,22.5939709,88.2800968
Kolkata,Madhyamgram,22.6947839,88.4530183
Kolkata,Picnic Garden,22.9827423,88.4234023
Kolkata,Dankuni,22.6820899,88.2907444
Kolkata,New Barrakpur,,
Kolkata,Sarsuna,22.4809986,88.284838
Kolkata,Tollygunge,22.498636,88.3453908
Kolkata,Kasba,22.5044355,88.3721663
Kolkata,Haltu,22.506758,88.3817559
Kolkata,Uluberia,22.4700318,88.1011108
Kolkata,Baguihati,22.6120368,88.4400247
Kolkata,Maniktala,22.5880896,88.3852834
Kolkata,Konnagar,22.69972,88.3519784
Kolkata,Bhowanipore,22.5325844,88.3454429
Kolkata,Kamalgazi,22.4495236,88.3955392
Kolkata,Kamdahari,,
Kolkata,Jagadishpur,22.4409911,88.4562793
Kolkata,Agarpara,22.6828782,88.3853645
Kolkata,Thakurpukur,22.4643677,88.3075322
Kolkata,Beliaghata,22.5506557,88.4039172
Kolkata,Madurdaha Hussainpur,,
Kolkata,Kaikhali,22.6344209,88.4346171
Kolkata,Gupta Colony,22.4817043,88.3249417
Kolkata,birati,22.6632119,88.4271269
Kolkata,Gariahat,22.5196384,88.3656241
Kolkata,Ward No 113,22.9428583,88.6404803
Kolkata,Shibpur,22.5685792,88.2942109
Kolkata,Howrah Railway Station,22.5833648,88.3403452
Kolkata,Behala,22.501572,88.3209435
Kolkata,New Alipore,22.5111648,88.3281116
Kolkata,Rajarhat,22.6286173,88.44061
Kolkata,Ichhapur Defence Estate,,
Kolkata,Uttarpara Kotrung,22.6675463,88.3437177
Kolkata,Sector 25,22.5726459,88.3638953
Kolkata,Keshtopur,22.5973333,88.4338521
Kolkata,Nayabad,22.477646,88.4399813
Kolkata,Garia,22.4726577,88.3977506
Kolkata,Bhawanipur,22.5261133,88.3478009
Kolkata,Topsia,22.5330009,88.3963939
Kolkata,Howrah,22.5736296,88.3251045
Kolkata,Bramhapur,,
Kolkata,Netaji Nagar,22.770816,88.541759
Kolkata,Regent Park,22.4884467,88.3560125
Kolkata,Tagore Park,22.5215953,88.39564
Kolkata,Alipore,22.5264928,88.3323692
Kolkata,kalikapura,,
Kolkata,Paschim Putiary,22.4803617,88.3377899
Kolkata,Baghajatin,22.4827391,88.3866708
Kolkata,Patuli,,
Kolkata,VIP Nagar,22.5236955,88.3988632
Kolkata,Dunlop,22.6524964,88.3773002
Kolkata,Tiljala,22.5360688,88.3720085
Kolkata,Barrackpore,22.7641623,88.3776088
Kolkata,Chinar Park,22.6235932,88.441046
Kolkata,Lake Town,22.6057276,88.4029611
Kolkata,Kamardanga,,
Kolkata,East Kolkata Township,,
Kolkata,sahakara nagar,,
Kolkata,Saha Para,22.9416232,88.6351344
Kolkata,Pancha Sayar,,
Kolkata,Narendrapur,22.4539009,88.4184898
Kolkata,Kalighat,22.5153313,88.3477052
Kolkata,Ballygunge,22.5280337,88.3659084
Kolkata,Barasat,22.7191072,88.4826229
Kolkata,Elgin,22.5373748,88.3475617
Kolkata,Hussainpur,,
Kolkata,Bhatpara,22.8464418,88.3856781
Kolkata,Tangra,22.5565107,88.3795946
Kolkata,Kustia,22.5290324,88.3791725
Kolkata,Golf Green,22.4913328,88.3618382
Kolkata,Park Street Area,22.5550448,88.3506726
Kolkata,Airport,22.5054448,88.2940087
Kolkata,Peenya,,
Kolkata,Dhakuria,22.5091067,88.3711314
Kolkata,Bhatenda,22.6291913,88.4975278
Kolkata,Barisha Purba Para Road,,
Kolkata,Maheshtala,22.5060294,88.2501665
Kolkata,Sonarpur,22.4739055,88.4052276
Kolkata,Kalikapur,22.5053017,88.4009957
Kolkata,Ashok Nagar,22.4845459,88.3469837
Kolkata,Sant Nagar,,
Kolkata,Baguiati,22.609668,88.4276832
Kolkata,Phool Bagan,22.6796053,88.3710907
Kolkata,Belghoria,22.6532616,88.3296743
Kolkata,Ariadaha,22.6674338,88.3672058
Kolkata,Dakshineswar,22.654827,88.3575776
Kolkata,Kamarhati on BT Road,,
Kolkata,Purba Putiary,22.4768118,88.3485022
Kolkata,Garfa,22.5008683,88.3840456
Kolkata,Ghosh Para,22.6244374,88.4019362
Kolkata,Entally,,
Kolkata,Ram Nagar,22.543479,88.2946904
Kolkata,Liluah,22.6209027,88.3394035
Kolkata,Pansila,,
Kolkata,raghunathpur,22.4093984,88.37909
Kolkata,Chingrighata Flyover,22.5579073,88.4119068
Kolkata,Sector IV Salt Lake,22.5685465,88.4144383
Kolkata,Sector 5,22.5949542,88.4058906
Kolkata,deshbandhu nagar,,
Kolkata,Dum Dum Metro,,
Kolkata,New Garia,22.4726577,88.3977506
Kolkata,Lake View Road,22.5143486,88.3558518
Kolkata,Shreebhumi,,
Kolkata,Chingrighata,22.5586562,88.4108018
Kolkata,Prince Anwar Shah Rd,22.5021753,88.3624899
Kolkata,Parnashree,22.5090184,88.2991427
Kolkata,Radhanath Chowdhury Road,22.5591361,88.3794521
Kolkata,Nayabad Daspara,,
Kolkata,Convent Road,22.5606248,88.3738505
Kolkata,Selimpur,22.5056768,88.3682854
Kolkata,Camac Street,22.5432828,88.3520869
Kolkata,Parnasree Pally,,
Kolkata,Sector II - Salt Lake,22.5844654,88.42385
Kolkata,Behala Thana,22.5035284,88.3190032
Kolkata,Sealdah,22.5673793,88.3710192
Kolkata,Nager Bazar,,
Kolkata,Elliot Road,22.5525664,88.3561356
Kolkata,Bosepukur,22.5191703,88.3847542
Kolkata,Nr Ballygunge circular road,22.5364801,88.3576578
Kolkata,Sunny Park,22.5315802,88.3632719
Kolkata,Elgin Road,22.5380537,88.3477884
Kolkata,Minto Park,22.5419474,88.3547135
Kolkata,Khidirpur,22.5376181,88.3158211
Kolkata,East Topsia,,
Kolkata,Action Area I,22.5807042,88.4623797
Kolkata,Jadavpur Central Road,22.4959545,88.3704675
Kolkata,Behala Sakher Bazar,,
Kolkata,Bijoygarh,22.4872704,88.3685589
Kolkata,Budge Budge,22.4736567,88.173933
Kolkata,Action Area I Newtown,,
Kolkata,Picnic Garden Road,22.5260827,88.3890458
Kolkata,Southern Avenue,,
Kolkata,Rash Behari,22.5178618,88.3868841
Kolkata,Hindustan Park,22.5176859,88.3633438
Kolkata,Sulekha,22.4915547,88.3726729
Kolkata,Dasnagar,22.5981344,88.3048369
Kolkata,Anandapur,22.5142557,88.4098863
Kolkata,Dhakuria Station Road,22.5095876,88.3697226
Kolkata,Golpark,22.5134321,88.4017445
Kolkata,Mudially,,
Kolkata,E M Bypass,,
Kolkata,Baranagar,22.6530765,88.3805962
Kolkata,Naktala,22.4738701,88.3619683
Kolkata,Naktala Road,22.472842,88.3674436
Kolkata,Shyamnagar,22.8285164,88.3801893
Kolkata,Salkia,22.598926,88.3475695
Kolkata,Noapara,22.6398418,88.3941343
Kolkata,Dum Dum Cantonment,22.6364899,88.4120228
Kolkata,James Long Sarani Behala,22.5055869,88.3224831
Kolkata,Barisha,22.4792468,88.3118473
Kolkata,Old Seemapuri,,
Kolkata,EM Bypass South East,,
Kolkata,Bonhooghly on BT Road,,
Kolkata,Dhadka,,
Kolkata,Bangur avenue,22.6059189,88.4111091
Kolkata,rajarhat newtown,22.5655396,88.5141561
Kolkata,Mahisbathan Kolkata,,
Kolkata,Survey Park,22.4922795,88.3923094
Kolkata,Kuldiha,,
Kolkata,Bijoygarh Sree Colony,,
Kolkata,Ichlabad,,
Kolkata,Botanical Garden Area,22.5529137,88.3006821
Kolkata,Kona Expressway,22.5853479,88.2848811
Kolkata,Park Circus,22.5407799,88.3738814
Kolkata,Kestopur,22.5973333,88.4338521
Kolkata,Bow Bazaar,,
Kolkata,Lake Terrace Road,22.5151883,88.3645512
Kolkata,Dum Dum Park,22.603428,88.4230377
Kolkata,Kabardanga,,
Kolkata,Rishra,22.7247059,88.3434353
Kolkata,Ultadanga,22.5961275,88.3852833
Kolkata,Andul,22.5757025,88.2394462
Kolkata,Behala Manton,22.4948331,88.3164005
Kolkata,Behala Chowrasta,22.4873548,88.3133794
Kolkata,Serampore,22.7549951,88.3416672
Kolkata,Kalyani,22.9749723,88.4345915
Kolkata,Hridaypur,22.7109969,88.4699989
Kolkata,Salap,,
Kolkata,Mourigram,22.5802652,88.2560296
Kolkata,M G ROAD Haridevpur,,
Kolkata,Selimpur Road,22.5052279,88.368102
Kolkata,Baguiati Hela Battala,,
Kolkata,Jagatdal,,
Kolkata,Baishali Park,,
Kolkata,Ripon street,22.5503588,88.3598938
Kolkata,Dum Dum Road,22.622191,88.4089888
Kolkata,Sheoraphuli,22.7791604,88.3227463
Kolkata,Topsia Road,22.5333241,88.3857621
Kolkata,Beleghata Main Road,22.5642242,88.3893174
Kolkata,Bhadreswar,22.8310988,88.3570138
Kolkata,Bally,22.6469581,88.343612
Kolkata,Bapuji Nagar,22.4884855,88.3717539
Kolkata,Rodkol Road,,
Kolkata,Shyamnagar Road,,
Kolkata,Kasba Siemens,,
Kolkata,R B Connector,,
Kolkata,Jessore Road,22.6080961,88.3942426
Kolkata,Ichapur,22.7998264,88.3739103
Kolkata,Durganagar,22.6504966,88.4192153
Kolkata,Paikpara,22.6120515,88.3855648
Kolkata,GARIA STATION ROAD,22.4637529,88.3864655
Kolkata,Basuri Bagan,,
Kolkata,College Square,22.5745254,88.3644645
Kolkata,Anandapuri,22.7585125,88.3774386
Kolkata,salt lake sec iii,22.5685465,88.4144383
Kolkata,Sector V,22.5754543,88.4322569
Kolkata,Metropolitan CoOperative Housing Society Limited Tangra,,
Kolkata,Khalisha Kota,,
Kolkata,Baruipur,22.3607154,88.4325575
Kolkata,North Dumdum,22.6660837,88.4211986
Kolkata,Nawapara,,
Kolkata,Bondal Gate,,
Kolkata,Bikramgarh,22.4966412,88.3616098
Kolkata,Rajbari,22.5968262,88.3671932
Kolkata,Jorabagan,22.5903989,88.3571238
Kolkata,Parui Mauza,,
Kolkata,Gauranganagar,,
Kolkata,VIP Haldiram,,
Kolkata,Narayanpur,22.4843866,88.5657246
Kolkata,Chandannagar,22.8639237,88.3703496
Kolkata,Jodhpur Gardens,22.5048704,88.3649242
Kolkata,Katju Nagar,22.4990796,88.3640131
Kolkata,Poddar Nagar,22.4988417,88.3662447
Kolkata,Nazirabad,22.5102985,88.4201079
Kolkata,Kumarkhali,,
Kolkata,Bediadanga,,
Kolkata,Buroshibtala,,
Kolkata,Kudgat,,
Kolkata,Park Side Road,,
Kolkata,Residential Flat Haridevpur,,
Kolkata,Nimta,22.6659799,88.3906586
Kolkata,Purba Sinthee Bye Lane,,
Kolkata,Metiabruz,22.54357,88.2679343
Kolkata,Hedua,22.5880064,88.3689403
Kolkata,Raja Bazar,22.5727779,88.3716794
Kolkata,Action Area II,22.6129078,88.4665536
Kolkata,City Centre 1,22.5881858,88.4076548
Kolkata,Nazrul Islam Avenue,22.6198553,88.4319746
Kolkata,Rajarhat Gopalpur,22.6286173,88.44061
Kolkata,Dash Drone,,
Kolkata,Action Area 1B,,
Kolkata,Airport road,22.5054448,88.2940087
Kolkata,Kolkata Airport Road,22.6564623,88.4467245
Kolkata,VIP Road,22.6309793,88.4344131
Kolkata,Ruby Hosp Main Road,22.513245,88.4025652
Kolkata,Halisahar Station Road,,
Kolkata,Hanapara,,
Kolkata,Action Area 1A,,
Kolkata,Raja Basanta Roy Road,22.5137651,88.3510421
Kolkata,Haridebpur,,
Kolkata,Kudghat Bridge,,
Kolkata,Halisahar,22.9322475,88.4248587
Kolkata,Sangareddy,,
Kolkata,Bandel,22.9226381,88.3877415
Kolkata,Baidyabati,22.7949104,88.3317725
Kolkata,Titagarh,22.7419198,88.379201
Kolkata,Bipin Pal Road,22.5192486,88.3511347
Kolkata,Bangur,22.6059189,88.4111091
Kolkata,Jadubabur Bazar,22.5337583,88.3531583
Kolkata,Tikiapara,22.598577,88.324035
Kolkata,Garden Reach,22.5492997,88.2851307
Kolkata,Duillya,,
Kolkata,Sukanta Nagar Sector IV,,
Kolkata,Balia Garia Road,22.4661595,88.4001629
Kolkata,Digberia,22.6935831,88.4924943
Kolkata,Diamond Park,22.4523378,88.3045283
Kolkata,Balitikuri,,
Kolkata,Manikpur Rajbari,,
Kolkata,City Center,22.5764162,88.4141452
Kolkata,Shyambazar,22.601335,88.3724974
Kolkata,Ballygunge Place East,,
Kolkata,Metropolitan,22.5525577,88.4063762
Kolkata,Narkel Bagan New Town,22.5785751,88.4716695
Kolkata,Andul Mauri,,
Kolkata,Chunavati,22.5680844,88.2680662
Kolkata,Sector 5 Road,22.4868942,88.3054213
Kolkata,Rabindra Sarovar,,
Kolkata,Ekdalia,22.5209912,88.3687046
Kolkata,Swiss Park,22.5043139,88.3486225
Kolkata,Indian Institute Of Engineering Science And Technology,,
Kolkata,Phoolbagan Crossing,,
Kolkata,Bedia Danga Kasba,,
Kolkata,Akra,22.5147366,88.2492787
Kolkata,Belgachia,22.6059241,88.3863913
Kolkata,Milk Colony,22.5709658,88.412696
Kolkata,Pailan,,
Kolkata,Kadam Tala,,
Kolkata,Mudialy Road,22.5469365,88.2826141
Kolkata,Rabindra Sarova Metro,,
Kolkata,Pallisree,,
Kolkata,Beniapukur,22.5490749,88.3683399
Kolkata,Mahamayatala,,
Kolkata,purbalok,22.4960295,88.401984
Kolkata,Ajay Nagar,,
Kolkata,Barabazar Market,,
Kolkata,Lal Bazar,22.5977814,88.3650003
Kolkata,Sahid Nagar Road,22.5033938,88.3804229
Kolkata,Bidhan Pally,,
Kolkata,Prince Anwar Shah Road Tollygunge,22.5013103,88.3483751
Kolkata,Purbachal Road,22.5072341,88.393512
Kolkata,Baishnabghata Patuli Township,,
Kolkata,Babu Bagan,22.508452,88.3691207
Kolkata,Sukanta Nagar,22.7060606,88.4633037
Kolkata,Banamalipur,22.763107,88.1957544
Kolkata,Chetla,22.5143251,88.3369583
Kolkata,Park Street,22.5551591,88.3501171
Kolkata,Ritchie Road,,
Kolkata,Mayfair Road,,
Kolkata,Ballygunge Circular Rd,22.5317548,88.3564789
Kolkata,Sarat Bose Road,22.5244349,88.3524652
Kolkata,Gurusaday Road,22.5347917,88.3614931
Kolkata,Iron Side Road,,
Kolkata,Ballygunge Park,22.5352649,88.3566292
Kolkata,Hastings,22.5489776,88.3280129
Kolkata,Shyam Bazar,22.5979916,88.3694857
Kolkata,Mahisbathan Road,,
Kolkata,Patipukur,22.6065505,88.3952451
Kolkata,Mohisbathan,,
Kolkata,Harinavi,22.4125168,88.4185772
Kolkata,Mauza Panchpota,,
Kolkata,New Town Rajarhat,22.582139,88.4472979
Kolkata,Kanchrapara Loco,,
Kolkata,Tiljala Road,22.5458331,88.3737361
Kolkata,Mandirtala,22.5696052,88.3170772
Kolkata,Ponmar,,
Kolkata,Narayantala West,22.608802,88.4237745
Kolkata,Belur,22.6357323,88.3398223
Kolkata,Newtown Action Area 1A,,
Kolkata,Action Area IIB New Town,,
Kolkata,Bablatala Kalipark,,
Kolkata,Makardah,,
Kolkata,Bangur Block C,22.6059189,88.4111091
Kolkata,Syed Amir Ali Avenue,22.5403419,88.3655209
Kolkata,Basak Bagan,22.5843396,88.3631411
Kolkata,Beliaghata Main Road,22.5656805,88.3821551
Kolkata,Rashbehari,22.5171723,88.3455638
Kolkata,Chkravarti Para,,
Kolkata,Eastend Park Kalikapur,,
Kolkata,Sector 1 Salt Lake City,22.5700255,88.4347847
Kolkata,Sector II Salt Lake,22.5844654,88.42385
Kolkata,Bagbazar,22.6055529,88.3655888
Kolkata,Bangur Park,22.7195756,88.3477021
Kolkata,Tala,22.6063508,88.3784257
Kolkata,Science City,22.5400604,88.3958472
Kolkata,FC Block Sector III,22.578925,88.4096934
Kolkata,Sector III,22.5770567,88.4136879
Kolkata,Kankurgachi Main Road,,
Kolkata,Mominpore,22.5270528,88.3260988
Kolkata,Nepalgange,,
Kolkata,Hazra,22.5227232,88.3499241
Kolkata,Bondel Road,22.5292635,88.3741834
Kolkata,Khardah,22.7206162,88.373306
Kolkata,Taltala,22.47421,88.3551263
Kolkata,Jorasanko,22.5834141,88.3562514
Kolkata,Bhojerhat,,
Kolkata,Russa Road South,22.499166,88.3487677
Kolkata,Howrah Maidan,22.5838585,88.3339983
Kolkata,Aurobindo Park,22.436108,88.4423244
Kolkata,Chinar park Rajharhat,,
Kolkata,Panchpota,22.4681162,88.4196482
Kolkata,Rajarhat Chowmatha,22.6266867,88.4889817
Kolkata,Hooghly Chinsurah,22.9052114,88.3760639
Kolkata,Nabapally,22.5147581,88.3904034
Kolkata,muchipara,22.566664,88.3653411
Kolkata,Dakshindari,22.5998736,88.4008791
Kolkata,Reckjoani Hospital Road,,
Kolkata,Natagarh,23.1536323,88.419904
Kolkata,Airport Area,22.653524,88.4390752
Kolkata,Jagacha,22.5918828,88.281562
Kolkata,Middleton street,22.548977,88.3511498
Kolkata,Palta,22.7826288,88.3702748
Kolkata,Uttar Panchanna Gram,,
Kolkata,Srirampur,22.7549951,88.3416672
Kolkata,Lansdown,,
Kolkata,Chitpur,22.6161562,88.3711362
Kolkata,Rasapunja,22.4380591,88.267537
Kolkata,Anandapally,,
Kolkata,Action Area III Of New Town Rajarhat,,
Kolkata,Thakurpukur Bazar,,
Kolkata,Rajarhat main road,22.6235932,88.441046
Kolkata,Paschim Barisha,22.4621691,88.2856024
Kolkata,Beliaghata Baruipur Canning Road,,
Kolkata,Bansdroni Metro Station Road,,
Kolkata,Mali Panchghara,,
Kolkata,Jaffarpur Panchanantala,22.7788971,88.384076
Kolkata,Tribeni,22.990303,88.3982606
Kolkata,Dharampur,22.8963376,88.6689298
Kolkata,Chotto Chandpur,,
Kolkata,Thakurpukur 3A Bus Stand,,
Kolkata,Banerjee Para Road,22.7531048,88.3759528
Mumbai,Andheri West,19.1172495,72.833968
Mumbai,Andheri East,19.1158835,72.854202
Mumbai,Mira Road East,,
Mumbai,Goregaon East,19.1692623,72.8552548
Mumbai,Ville Parle West,19.1159409,72.8312863
Mumbai,Koper Khairane,,
Mumbai,Malad West,19.1852851,72.8358611
Mumbai,Borivali West,19.2298129,72.8471376
Mumbai,Malad East,19.1860219,72.8563181
Mumbai,Juhu,19.1070215,72.8275275
Mumbai,Kalyan West,19.2500963,72.8533941
Mumbai,Dahisar,19.2493572,72.8596302
Mumbai,Thane West,19.2596635,72.9690861
Mumbai,Powai,19.1187195,72.9073476
Mumbai,Lower Parel,18.99568,72.8302756
Mumbai,Chembur,19.054818,72.8979713
Mumbai,Rabale,19.1366355,73.0027824
Mumbai,Dombivali East,,
Mumbai,Goregaon West,19.1633281,72.8411995
Mumbai,Ulwe,,
Mumbai,Airoli,19.1585147,72.9994019
Mumbai,Ghansoli,19.1163797,73.0069928
Mumbai,Bhandup East,19.1378308,72.9361964
Mumbai,Panvel,19.0585888,72.9572689
Mumbai,Parel,18.988459,72.8393913
Mumbai,Santacruz East,19.0803934,72.8553306
Mumbai,Agripada,18.97504,72.8250555
Mumbai,Bhandup West,19.1462636,72.9339461
Mumbai,Vikhroli,19.1114795,72.928021
Mumbai,Vasai West,,
Mumbai,Belapur,19.0051696,73.0282853
Mumbai,Kalwa,19.1960956,72.9880109
Mumbai,Ghatkopar East,19.0833438,72.9123246
Mumbai,Mulund West,19.1719717,72.9511956
Mumbai,Jogeshwari East,19.1429467,72.8551559
Mumbai,Kandivali West,19.2140036,72.8373054
Mumbai,kasaradavali thane west,,
Mumbai,Mahim,19.0423145,72.8398344
Mumbai,Karanjade,,
Mumbai,Mulund East,19.1704719,72.9610447
Mumbai,Bandra West,19.0583358,72.8302669
Mumbai,Dahisar Navi mumbai,,
Mumbai,Seawoods,19.0216748,73.0186236
Mumbai,Naigaon East,19.0137704,72.846317
Mumbai,Ghatkopar West,19.0897439,72.9048035
Mumbai,Bandra East,19.0616565,72.8498111
Mumbai,Worli,19.0117388,72.8178706
Mumbai,Mira Road West,19.1878962,72.8365955
Mumbai,Karal,,
Mumbai,Dahisar West,19.248875,72.852959
Mumbai,Kurla,19.0652797,72.8793805
Mumbai,Nerul,19.0335938,73.018164
Mumbai,Sarsole,19.042472,73.0131985
Mumbai,Thakurli,,
Mumbai,lokgram,,
Mumbai,Ville Parle East,,
Mumbai,Kanjurmarg,19.124102,72.9385562
Mumbai,Dadar East,19.0162531,72.8522274
Mumbai,Greater Khanda,,
Mumbai,Virar West,,
Mumbai,Virar,19.5091723,72.8458201
Mumbai,Marine Lines,18.945764,72.8237193
Mumbai,vile parle west,19.103908,72.840301
Mumbai,Khar West,19.0698569,72.829799
Mumbai,Kharodi,19.1921813,72.820581
Mumbai,Mahalaxmi,18.9825203,72.8242196
Mumbai,Prabhadevi,19.0148811,72.8279556
Mumbai,Sion,19.0465213,72.8632834
Mumbai,Mazagaon,18.9652232,72.8388636
Mumbai,Jogeshwari West,19.136394,72.8373817
Mumbai,Dadar West,19.0238887,72.8382236
Mumbai,Thane East,19.0434868,73.0240782
Mumbai,Taloja,,
Mumbai,Kamothe,19.0164338,73.0806552
Mumbai,Kharghar,19.025773,73.0591845
Mumbai,Girgaon,18.9543165,72.8179082
Mumbai,Ambernath West,,
Mumbai,Byculla,18.9766219,72.8327936
Mumbai,Dombivali,,
Mumbai,Nilje Gaon,,
Mumbai,Bhayandar West,,
Mumbai,Boisar,19.1911418,72.8729089
Mumbai,Colaba,18.915091,72.8259691
Mumbai,Sanpada,19.0659774,73.0095329
Mumbai,Vashi,19.0632481,72.9987966
Mumbai,Dahisar East,19.2599822,72.8598732
Mumbai,Wadala,19.0269192,72.8759337
Mumbai,Khar,19.0682411,72.8400412
Mumbai,Neral,,
Mumbai,Santacruz West,19.0844004,72.8372899
Mumbai,Taloje,,
Mumbai,Kandivali East,19.2051958,72.8626165
Mumbai,Palava,,
Mumbai,Kalu Nagar,19.0035933,72.8175824
Mumbai,Dombivli (West),,
Mumbai,Kumbharkhan Pada,,
Mumbai,Kalamboli,19.0235062,73.1106092
Mumbai,Borivali East,19.2187187,72.8654856
Mumbai,Deonar,19.0475502,72.9051895
Mumbai,matunga east,19.0261579,72.8520846
Mumbai,Bandra Kurla Complex,19.0606629,72.8546797
Mumbai,Nala Sopara,,
Mumbai,Vasai,19.3508311,72.8938078
Mumbai,Vasai east,,
Mumbai,Kanjurmarg East,19.124102,72.9385562
Mumbai,Usarghar Gaon,,
Mumbai,Kalyan East,19.0511604,72.9293364
Mumbai,Shivaji Park,19.0272788,72.8383977
Mumbai,Mazgaon,18.9697337,72.8406201
Mumbai,Cuffe Parade,18.9129204,72.8201377
Mumbai,Kurla West,19.0686026,72.876583
Mumbai,Wadala East,19.0210175,72.8568955
Mumbai,Malabar Hill,18.9581616,72.8033665
Mumbai,Mankhurd,19.0482086,72.9317136
Mumbai,Matunga,19.0314768,72.8468509
Mumbai,Sector 20 Ulwe,,
Mumbai,Mumbai Central,18.9695855,72.8193152
Mumbai,Tardeo,18.9722351,72.8203423
Mumbai,Kamathipura,18.9650659,72.8261833
Mumbai,Pali Hill,19.0649126,72.8270326
Mumbai,Sector 19 Kamothe,19.0173837,73.0954838
Mumbai,MATUNGA WEST,19.0317259,72.8433917
Mumbai,Tilak Nagar,19.0692377,72.8978464
Mumbai,Sector 23 Ulwe,,
Mumbai,Govandi,19.0553688,72.9150702
Mumbai,Vikroli East,19.1248799,72.9354946
Mumbai,Nariman Point,18.927089,72.8235859
Mumbai,Cumballa Hill,18.968623,72.8068368
Mumbai,Churchgate,18.9354797,72.8271741
Mumbai,Napeansea Road,,
Mumbai,mumbai,19.0592671,72.861326
Mumbai,Khar East,,
Mumbai,Fort,18.9332665,72.8345146
Mumbai,Gamdevi,18.9584855,72.8122522
Mumbai,Sector 20 Kamothe,19.0173837,73.0954838
Mumbai,Vichumbe,18.9904678,73.1279357
Mumbai,Antarli,,
Mumbai,Hariyali,19.1136865,72.929775
Mumbai,Chandivali,19.1091482,72.8945793
Mumbai,Chinchpokli,18.9871984,72.8326716
Mumbai,Shil Phata,19.1440528,73.0455731
Mumbai,Pestom Sagar Colony,19.0692541,72.9019227
Mumbai,Nehru Nagar,19.0010485,72.8194265
Mumbai,Kurla East,19.0628944,72.8825604
Mumbai,Sector 17 Vashi,19.0318761,72.8882146
Mumbai,Hiranandani Estates,,
Mumbai,Daighar Gaon,,
Mumbai,Santosh Nagar,19.0526081,72.9094457
Mumbai,VidyaVihar,19.0795422,72.8971169
Mumbai,Sector 15 Kopar Khairane,19.1056227,72.9988648
Mumbai,Virar East,,
Mumbai,Dronagiri,,
Mumbai,Juhu Scheme,19.1097455,72.8365427
Mumbai,Mahape,19.1093012,73.0235724
Mumbai,Chedda Nagar,19.0687175,72.904372
Mumbai,Sewri,18.9987796,72.8544218
Mumbai,Beturkar Pada,,
Mumbai,Rasayani,,
Mumbai,Sector 16 A,19.054999,72.8692035
Mumbai,Ghodbander,,
Mumbai,Mumbra,19.1899425,73.0230752
Mumbai,Shilgaon,,
Mumbai,Vangani,,
Mumbai,kanjurmarg west,19.1254396,72.9252587
Mumbai,Sahkar Nagar,19.1293951,72.8396709
Mumbai,Titwala,,
Mumbai,Khar Danda,19.0759684,72.824731
Mumbai,Anushakti Nagar,19.0395778,72.9221562
Mumbai,Sector 22 Kamothe,19.0173837,73.0954838
Mumbai,Badlapur West,,
Mumbai,Karjat,19.0072207,73.1155902
Mumbai,Sector 30 Kharghar,,
Mumbai,Desale Pada,,
Mumbai,Owale,,
Mumbai,Bhiwandi,,
Mumbai,Sector 19 Ulwe,,
Mumbai,Sector 17 Ulwe,,
Mumbai,Bhayandar East,,
Mumbai,Kalbadevi,18.9492575,72.8279382
Mumbai,Mira Road,19.1878962,72.8365955
Mumbai,Badlapur East,,
Mumbai,Sector-9 Ulwe,,
Mumbai,New Balaji Nagar,,
Mumbai,Sector 21 Kamothe,19.0173837,73.0954838
Mumbai,Sector-19 Airoli,19.1593193,72.9906831
Mumbai,Uttan,19.2532885,72.7904864
Mumbai,LBS Marg,19.0840726,72.8835101
Mumbai,Ambernath East,,
Mumbai,Ambarnath,19.136208,72.816827
Mumbai,Suvarna Krida,,
Mumbai,Additional M.I.D.C,,
Mumbai,Umerkhadi,18.9601592,72.8345489
Mumbai,Grant Road,18.9633549,72.8158261
Mumbai,Ambivali,19.1331195,72.8251336
Mumbai,Murarbaug,,
Mumbai,Vikhroli West,19.114541,72.9257184
Mumbai,pakhadi,19.0963204,72.8643595
Mumbai,Nalasopara West,19.012455,72.835058
Mumbai,Friends Colony,19.0787903,72.8799992
Mumbai,Saphale,,
Mumbai,Nalasopara East,,
Mumbai,hiranandani meadows,,
Mumbai,hanuman nagar off akurli road near western express highway kandivali west,,
Mumbai,kavesar,,
Mumbai,Bhoirwadi,,
Mumbai,Thane west,19.2596635,72.9690861
Mumbai,"Majiwada,Thane west",,
Mumbai,panvel,19.0525087,72.87938
Mumbai,hiranandani estate,,
Mumbai,G B Road,18.9562681,72.8057401
Mumbai,Western Express Highway Santacruz East,,
Mumbai,KOPERKHAIRANE,19.0972015,72.9981497
Mumbai,Sector9 Ghansoli,19.1193307,72.9995096
Mumbai,Kopargaon,,
Mumbai,Kopar Khairane Sector 19A,,
Mumbai,Koproli,,
Mumbai,Sector 5 Ghansoli,19.1175161,73.0033906
Mumbai,Sector 21 Ghansoli,19.1295931,72.9968264
Mumbai,dombivli west,,
Mumbai,Marine Drive,18.9308302,72.8226137
Mumbai,Swapna Nagari Mulund West,,
Mumbai,Andheri,19.1196976,72.8464205
Mumbai,Sector15 Ghansoli,,
Mumbai,St Andrew Rd,19.0596913,72.8265675
Mumbai,Chunabhatti East,19.0520886,72.8674141
Mumbai,Byculla East,18.9736935,72.8367795
Mumbai,byculla west,18.9750879,72.8282502
Mumbai,Prabhadevi mumbai,19.0148811,72.8279556
Mumbai,lower parel west,,
Mumbai,worli sea Fase,,
Mumbai,Anand Nagar,19.0810765,72.8485939
Mumbai,Kasar vadavali,,
Mumbai,L I C Colony,19.2426204,72.8520198
Mumbai,Yari Road,19.1395251,72.8083428
Mumbai,Veera Desai Road,19.1361399,72.8375662
Mumbai,versova,19.1302521,72.8213775
Mumbai,DNNagar,,
Mumbai,juhu versova link road,19.1219328,72.8257301
Mumbai,Jp road,19.1365801,72.8120769
Mumbai,Sher E Punjab Colony,19.1276887,72.8627819
Mumbai,Old Nagardas Road,19.1218684,72.8505831
Mumbai,Sher E Punjab Society,,
Mumbai,Lokhandwala Circle,19.1396155,72.8257126
Mumbai,Chembur West,19.0734855,72.8823214
Mumbai,Sector5 Kopar Khairane,,
Mumbai,Koparkhairane Station Road,19.1049759,73.0038923
Mumbai,Sector20 Koparkhairane,,
Mumbai,Sector2A Kopar Khairane,,
Mumbai,Sector3 Ghansoli,,
Mumbai,Marol Millitary Road,,
Mumbai,Off Carter Road,,
Mumbai,Rizvi Complex,19.0662286,72.822963
Mumbai,Thakur complex,19.2112442,72.8643107
Mumbai,Samtanagar Thakur Village,,
Mumbai,Saravali Village,,
Mumbai,Milan Subway,19.0904503,72.8428331
Mumbai,Bandstand,19.0504556,72.8218606
Mumbai,Vashi Kopar Khairane Road,,
Mumbai,Lokhandwala Township Kandivali East,,
Mumbai,Sector 11 Koparkhairane,19.106806,73.0009987
Mumbai,Chembur East,19.0734855,72.8823214
Mumbai,Nagpada,18.9681782,72.8286009
Mumbai,Vile Parle East,19.1097455,72.8365427
Mumbai,juhu tara,19.0902467,72.8276638
Mumbai,Jaywant Sawant Road,,
Mumbai,Thakur Village Road,19.214504,72.8769601
Mumbai,Marol andheri east,19.1084781,72.8697541
Mumbai,Chakala MIDC,19.1136556,72.8585799
Mumbai,Reclamation,19.0512275,72.8326014
Mumbai,Marol Andheri east mumbai,19.1133952,72.8736034
Mumbai,Nargis Dutt Road,19.0670591,72.8285881
Mumbai,Sector6 Airoli,,
Mumbai,nallasopara W,,
Mumbai,Ghansoli Gaon,19.1257356,72.9998659
Mumbai,Bhawani Nagar Society,,
Mumbai,thakur village kandivali east,19.1939583,72.8607549
Mumbai,Versova,19.1302521,72.8213775
Mumbai,Casa Bella Gold,,
Mumbai,vile parle east,19.1097455,72.8365427
Mumbai,nahar amrit shakti Chandivali,19.1049242,72.8985884
Mumbai,10 Sector Number 6 Road,,
Mumbai,Peddar Road,18.9680167,72.8082732
Mumbai,Rizvi Complex Chuim,,
Mumbai,Almeida Park,19.0575631,72.8314731
Mumbai,10 Sector Number 3 Road,,
Mumbai,11 Sector Number 6 Road,,
Mumbai,6 Sector Number 3 Road,,
Mumbai,Altamount Road,18.9662492,72.8089909
Mumbai,Navpada Vile Parle East,,
Mumbai,Jankalyan Malad West,,
Mumbai,Sector-16 Ulwe,,
Mumbai,JB Nagar Tarun Bharat,,
Mumbai,Sector8A Airoli,,
Mumbai,karanjade panvel,,
Mumbai,Lokhandwala complex,19.1430985,72.8246055
Mumbai,Malpa Dongri,19.1231523,72.8599912
Mumbai,Jijamata Colony,19.1253367,72.86432
Mumbai,Kalyan,19.0511604,72.9293364
Mumbai,Juhu Tara Rd,19.0875686,72.8273041
Mumbai,Near Check Naka,,
Mumbai,kandivali west charkop sector 5,,
Mumbai,Western Express Highway Kandivali East,19.196772,72.8603751
Mumbai,South Avenue,19.0752431,72.8358501
Mumbai,14 Road,19.0573495,72.8271059
Mumbai,7 Bunglow,,
Mumbai,Carter Road,19.061761,72.8222815
Mumbai,Boisar West,,
Mumbai,Parel Village,18.9999313,72.8447176
Mumbai,Saki Naka,19.108206,72.8828404
Mumbai,Goregaon,19.1648688,72.8495492
Mumbai,Sector 2 Ulwe,,
Mumbai,Mulund,19.1721366,72.9566971
Mumbai,7 Sector Number 3 Road,,
Mumbai,Deonar Road,19.0549204,72.9169194
Mumbai,14TH ROAD,19.06516,72.8325545
Mumbai,Worli Hill Road,19.0005156,72.8139135
Mumbai,Mount Marry,,
Mumbai,J u h u Versova Link Road,,
Mumbai,Sector 36 Kamothe,,
Mumbai,Hill Road,19.0554338,72.8751508
Mumbai,Seven Bunglow,,
Mumbai,Four Bungalows,19.1287942,72.8255543
Mumbai,Thakur Village,19.2113199,72.8710472
Mumbai,St Paul Rd,19.057121,72.8252328
Mumbai,St Domnic Rd,,
Mumbai,Samata Nagar Thakur Village,19.2068605,72.8697453
Mumbai,Elphinstone Road,19.0074717,72.8358965
Mumbai,Sector4 Kopar Khairane,,
Mumbai,Sector14 Koparkhairane,,
Mumbai,Sector6 Kopar Khairane,,
Mumbai,5 Sector Number 6 Road,,
Mumbai,Waghbil,,
Mumbai,Pali Danda Road,,
Mumbai,Breach Candy,18.9714363,72.8051492
Mumbai,Saki Vihar Road,19.1326946,72.8966869
Mumbai,Andheri East Takshila Colony,19.127716,72.8675588
Mumbai,Marol Vijay Nagar,19.1172198,72.882342
Mumbai,Marol,19.1172198,72.882342
Mumbai,khadakpada,,
Mumbai,Bandstand Road,19.0509908,72.8216174
Mumbai,Mulund East Gavanpada,,
Mumbai,90 Feet Road,19.0958495,72.8877186
Mumbai,asha nagar thakur complex kandivali east,19.2117164,72.8646991
Mumbai,Dattani Park Thakur Village,19.2113199,72.8710472
Mumbai,Sector16 Koparkhairane,,
Mumbai,Western Express Highway Goregaon East,19.171044,72.859023
Mumbai,Mindspace,19.1847848,72.834135
Mumbai,Dhobhi Ali Charai,,
Mumbai,Lokhandwala Township,,
Mumbai,Borivali West Old MHB Colony,,
Mumbai,gokuldham,19.1738527,72.8670935
Mumbai,Lokhandwala Twp,,
Mumbai,Thane diva,19.1474514,72.9957483
Mumbai,Naigaon West,,
Mumbai,Sector 12 Kharghar,19.0429946,73.0806733
Mumbai,Shimpoli,19.2238836,72.8476854
Mumbai,Tilak Nagar Mumbai,19.0692377,72.8978464
Mumbai,Vishnu Nagar,19.0250002,72.9061681
Mumbai,Anjurdive,,
Mumbai,Century Bazaar,,
Mumbai,Sai Section,,
Mumbai,Diva Gaon,19.1471224,72.991425
Mumbai,vakola santacuz e,,
Mumbai,Vishveshwar Nagar,,
Mumbai,Orlem Lourdes Colony,,
Mumbai,Anand Nagar Thane West,,
Mumbai,Kemps Corner,18.9637535,72.8068617
Mumbai,Manpada,19.2356062,72.9583946
Mumbai,Haranwali,,
Mumbai,Collectors Colony Chembur,19.0435059,72.8921791
Mumbai,8 Sector Number 3 Road,,
Mumbai,Worli South Mumbai,,
Mumbai,juhu lane,19.1147466,72.8397574
Mumbai,Shastri Nagar Road Number 2,19.1380387,72.8280164
Mumbai,Nahur East,19.1546402,72.9466525
Mumbai,Carmicheal Road,,
Mumbai,Mirashi Nagar Kanjurmarg East,,
Mumbai,Asalpha,19.097,72.8945
Mumbai,Vitthalwadi,,
Mumbai,Sector 11 Kharghar,,
Mumbai,Ekta Nagar,18.9674951,72.843985
Mumbai,Sector17 Kopar Khairane,,
Mumbai,Airoli Gaothan,,
Mumbai,Kakartale,,
Mumbai,Sabe Gaon,,
Mumbai,Jankalyan Nagar,19.1068579,72.8671624
Mumbai,Chincholi Bunder,19.1788433,72.8444648
Mumbai,Kolshet Road Thane West,,
Mumbai,Kandivali West Charkop,19.2157147,72.8251499
Mumbai,Gulmohar Road,19.1136366,72.8368659
Mumbai,Gauripada,,
Mumbai,Kapurbawadi,,
Mumbai,Bhoiwada Kalyan,,
Mumbai,Mahim West,19.0390722,72.8501829
Mumbai,Manish Nagar Four Bungalows,19.1283029,72.8269639
Mumbai,23 Sector Number 3 Road,,
Mumbai,Walkeshwar,18.9524203,72.8038935
Mumbai,Ghodbunder thane west,,
Mumbai,New Prabhadevi Marg,19.0135886,72.8276962
Mumbai,Sayani Road,19.0139092,72.8322785
Mumbai,Forjett Hill Road,,
Mumbai,Dharamveer Nagar,18.9861851,72.8109586
Mumbai,Sindhi Society Chembur,19.050289,72.8915885
Mumbai,Four Bunglows,,
Mumbai,Thane,19.117493,72.9644013
Mumbai,jvpd scheme,19.1111705,72.8304076
Mumbai,Chunabhatti,19.0520886,72.8674141
Mumbai,Adharwadi,,
Mumbai,Nehru Nagar Kurla,19.0617135,72.8837422
Mumbai,Kalher Bhiwandi Road,,
Mumbai,Near Mhada Colony Mulund E,,
Mumbai,Gorai 1,19.054999,72.8692035
Mumbai,Military Road,19.1235835,72.887405
Mumbai,Sector-14 Koparkhairane,19.1074355,72.9984805
Mumbai,Bharat Nagar,19.0629912,72.8566638
Mumbai,4 Bunglows,19.0448096,72.9101374
Mumbai,Juinagar,19.0559456,73.0182495
Mumbai,Union Park,19.0702474,72.8223173
Mumbai,Bevarly Park,,
Mumbai,Sector 35I Kharghar,,
Mumbai,Sector 36 Kharghar,,
Mumbai,Sector34 A Kharghar,,
Mumbai,Sector 21 Kharghar,,
Mumbai,Hiranandani Gardens Powai,19.1191245,72.9136382
Mumbai,Sector9A Vashi,,
Mumbai,marol maroshi,19.118049,72.8798104
Mumbai,Vakola,19.0813635,72.853893
Mumbai,Mira Bhayander E,,
Mumbai,26 Sector 15 Road,,
Mumbai,Sector 9 Kopar Khairane Road,19.1069664,73.0095196
Mumbai,Sector 16 Vashi,19.0318761,72.8882146
Mumbai,Sector-14 Sanpada,19.0610336,73.0032979
Mumbai,Mumbai Highway,17.494103,78.3527499
Mumbai,Andheri Kurla Road,19.0827847,72.8805307
Mumbai,Mumbai Goa Highway,15.644673,73.83631
Mumbai,film city road goregaon east,,
Mumbai,5th Rd,19.0713356,72.8381315
Mumbai,Sector 44 Seawoods,19.015057,73.0123022
Mumbai,Powai Lake,19.1277203,72.9062142
Mumbai,Madh Marve Road,19.1576166,72.7865772
Mumbai,MHADA Colony 20,19.167997,72.967884
Mumbai,dadar,19.0192269,72.8428479
Mumbai,Eastern Express Highway Vikhroli,19.1211612,72.9373292
Mumbai,Turbhe,19.0761648,73.0176615
Mumbai,Dharavi,19.044463,72.8586177
Mumbai,Kherwadi,19.0612177,72.8448733
Mumbai,Charkop Gaon,19.2088598,72.820816
Mumbai,Sector 11 Vashi,19.0318761,72.8882146
Mumbai,Sector 9 Vashi,19.0318761,72.8882146
Mumbai,Ghodbunder Road,,
Mumbai,Charkop,19.2141193,72.8258652
Mumbai,Oshiwara,19.1502437,72.8342294
Mumbai,Lodha Heaven,,
Mumbai,Sector 10 Kamothe,19.0173837,73.0954838
Mumbai,Sector 15 Kharghar,19.038895,73.080393
Mumbai,Sector 19 Kharghar,,
Mumbai,Sector35D Kharghar,,
Mumbai,Western Express Highway Malad East,19.1834164,72.8584879
Mumbai,Sector4 Airoli,,
Mumbai,Gokhale Road South,,
Mumbai,Palghar,19.3183904,72.8991697
Mumbai,Dhokali,,
Mumbai,Basant Garden,19.051141,72.9058598
Mumbai,Evershine Nagar,19.0661859,72.8306386
Mumbai,Maharashtra Nagar,19.0483928,72.9387147
Mumbai,Sector 20 Kharghar,,
Mumbai,ahimsa marg,,
Mumbai,Shastri Nagar Lane 2,19.1386506,72.8274885
Mumbai,Chikan Ghar,,
Mumbai,Kalina Shastri Nagar,,
Mumbai,Amboli,19.132229,72.8498595
Mumbai,Valmik Nagar,,
Mumbai,Panchamrut Society,,
Mumbai,New LIC Colony,,
Mumbai,Kanjur Marg West,19.1286526,72.9280394
Mumbai,Sector14 Sanpada,,
Mumbai,P And T Colony,,
Mumbai,Hiranandani Meadows,,
Mumbai,Majiwada thane,,
Mumbai,vasant vihar thane west,,
Mumbai,raheja vihar,19.1191663,72.8951234
Mumbai,Juhu Tara Road,19.0844406,72.83457
Mumbai,Juhu Koliwada,19.0859241,72.8276105
Mumbai,Vithaldas Nagar,19.076153,72.8319138
Mumbai,Sector-8A Airoli,19.1427827,72.9934041
Mumbai,Sector 29C,19.1418141,72.9986329
Mumbai,Sector 10A,19.0411865,72.9477071
Mumbai,Insralok Phase 7,,
Mumbai,Charkop Sector 8,19.215001,72.8119695
Mumbai,Sector-6 Airoli,19.1537891,72.9629435
Mumbai,Sector-7 Kamothe,19.0173837,73.0954838
Mumbai,Sector 9 Airoli,19.1486945,72.9922501
Mumbai,24 Sector Number 3 Road,,
Mumbai,Sector 7,19.0294234,72.8696192
Mumbai,Shraddhanand Road,19.0960823,72.8460114
Mumbai,IIT POWAI,19.1326186,72.9149702
Mumbai,Anand Vihar,19.1521227,72.83094
Mumbai,D N Ngr,,
Mumbai,Khemani Industry Area,,
Mumbai,Airoli Sector 20,19.1611244,72.9904244
Mumbai,Kopri Colony,,
Mumbai,Bhandup Village Road,19.1523238,72.9404824
Mumbai,Bhakti Park Wadala East,,
Mumbai,Green World,,
Mumbai,Pandurang Budhkar Marg,19.0062232,72.8297898
Mumbai,Lallubhai Park Road 2,,
Mumbai,Sector 14 Vashi,19.0318761,72.8882146
Mumbai,Bhakti Park,19.028972,72.8775722
Mumbai,Mahaveer Nagar,19.2148204,72.8426273
Mumbai,Ambedkar Nagar,19.0708218,72.8288647
Mumbai,Sector 11 Belapur,19.0166466,73.041358
Mumbai,27 Sector 15 Road,,
Mumbai,Sector 8,19.1202459,72.9959529
Mumbai,Sector-18 Ulwe,,
Mumbai,Palm Beach,19.0463561,73.0091368
Mumbai,Sector 5 Ulwe,,
Mumbai,Sector 21 Ulwe,,
Mumbai,Tilak Chowk,,
Mumbai,Sunil Nagar,19.1073198,72.828028
Mumbai,Bhakti Mandir,19.0514795,72.8757873
Mumbai,Mahatma Jyotiba Phule Nagar,,
Mumbai,Balrajeshwar Road,19.1609925,72.9445125
Mumbai,Kolshet Road,,
Mumbai,Tirandaz,19.124241,72.9178737
Mumbai,Khandelwal Layout Extension,,
Mumbai,Raheja Complex Road,19.1914938,72.8609389
Mumbai,Ramgad Nagar,,
Mumbai,Kadam Wadi,19.0894525,72.9050293
Mumbai,Vasant Vihar,19.069717,72.8331727
Mumbai,Pokhran 2,,
Mumbai,Godrej Hill,19.1116978,72.9234406
Mumbai,Joseph Patel Wadi,19.1312,72.8149
Mumbai,Dighe,19.0082224,72.8337786
Mumbai,Madh,19.1375285,72.7918857
Mumbai,Upper Govind Nagar,,
Mumbai,Dhokali Naka,,
Mumbai,Vijay Society,19.1138594,72.8476435
Mumbai,Lokpuram,,
Mumbai,azad nagar,19.0920602,72.8994007
Mumbai,Old MHB Colony Mumbai,,
Mumbai,yogi nagar,19.2384522,72.8424406
Mumbai,chikuwadi,,
Mumbai,eksar road,19.2315586,72.8468951
Mumbai,Kastur Park,19.2249852,72.8458342
Mumbai,link road borivali west,,
Mumbai,Vasant Vihar Complex,19.0441,72.9027
Mumbai,Satya Nagar,19.2183953,72.843846
Mumbai,Babhai,19.228336,72.848131
Mumbai,Vazira,19.2289622,72.8448146
Mumbai,Sai Baba Nagar,19.0627075,72.8910418
Mumbai,Jay Raj Nagar Road,,
Mumbai,Devidas Rd,19.2382196,72.8527
Mumbai,IC Colony Ext,,
Mumbai,Sakinaka Andheri east,,
Mumbai,New Dindoshi Green Hill Society Mumbai,,
Mumbai,kopari,,
Mumbai,Nere,,
Mumbai,Shahpur,19.446212,73.3167061
Mumbai,Borivali,19.229068,72.8573628
Mumbai,andheri lokhndwala,,
Mumbai,Andheri West Sahakar Nagar,,
Mumbai,Majiwada,,
Mumbai,Shivdham Complex,,
Mumbai,Shilphata Road Thane,,
Mumbai,Swastik Park,19.0565684,72.890296
Mumbai,Ghatla,19.0517387,72.9103117
Mumbai,Katemanivali,,
Mumbai,Veer Savarkar Nagar,19.1724907,72.9670724
Mumbai,Manjarli,,
Mumbai,DN Nagar Road,19.1278285,72.8308602
Mumbai,New Nagardas Road,19.1214432,72.8476159
Mumbai,Azad ngr Metro station,,
Mumbai,Mahakali Cave Road,,
Mumbai,Eden Gardens,19.0445055,72.9098089
Mumbai,Govandi East,19.0566802,72.9224217
Mumbai,Mumbai Nashik Expressway,,
Mumbai,Sion Trombay Road,19.0539721,72.8879109
Mumbai,Deonar Village Road,19.0501723,72.9198683
Mumbai,Sindhi Society,19.050289,72.8915885
Mumbai,Gorai,19.2364095,72.8187174
Mumbai,Tolaram Colony,,
Mumbai,RC Marg,19.0526419,72.8942789
Mumbai,Diva Gaothan,19.1484813,72.9910368
Mumbai,VN Purav Marg,19.0366365,72.9456677
Mumbai,Rambaug,19.2170865,72.8521491
Mumbai,Syndicate,18.9738655,72.8090463
Mumbai,Yogidham,,
Mumbai,Andheri Railway Station East Middle Overpass,,
Mumbai,Shivaji Nagar,19.0637885,72.9249
Mumbai,Kalina,19.079273,72.8612672
Mumbai,ULWE SECTOR 19,,
Mumbai,Krishna Nagar,19.0998652,72.8879689
Mumbai,Hendre Pada,,
Mumbai,Sector 19 Nerul,19.033685,73.008969
Mumbai,vile parle,19.0999098,72.8440038
Mumbai,Amarant Road,,
Mumbai,Balkum,,
Mumbai,Manish Nagar,19.1269786,72.8269802
Mumbai,Oshiwara Park Road,,
Mumbai,Bhawani Nagar,19.1211602,72.8820645
Mumbai,Sagarli Gaon,,
Mumbai,Kanjurmarg East Nehru Nagar,,
Mumbai,Akshar 2,19.202513,72.8408313
Mumbai,Highland Park,19.1450535,72.82856
Mumbai,Sector 15 Vashi,19.0318761,72.8882146
Mumbai,wakad,18.6067613,73.822095
Mumbai,Vile Parle E,19.103908,72.840301
Mumbai,Mandvi,18.9576845,72.8355858
Mumbai,Amrut Nagar,19.1008449,72.9118196
Mumbai,Vasind,19.4115443,73.2691755
Mumbai,Kon,,
Mumbai,Sector-16 Koparkhairane,19.1074355,72.9984805
Mumbai,Bhoir Wadi,,
Mumbai,Jogeshwari Vikhroli Link Road,19.1198185,72.9052264
Mumbai,Kondivita Road,19.112413,72.8710949
Mumbai,Vasai Road east,,
Mumbai,Navade,,
Mumbai,Padle Gaon,,
Mumbai,Sector 21 Nerul,19.0370749,73.0124752
Mumbai,Katrap,,
Mumbai,Eksar Rd,19.2315586,72.8468951
Mumbai,Saki Vihar Complex Road,,
Mumbai,Mahavir Nagar,19.2133846,72.8419734
Mumbai,Sector19 Koper Khairane,,
Mumbai,Vazira Naka,19.2289622,72.8448146
Mumbai,Antop Hill,19.0301805,72.8669504
Mumbai,Chembur Shell Colony,19.0654915,72.8931985
Mumbai,29 Sector 3 Airoli Road,,
Mumbai,TPS Road,19.2221131,72.8399902
Mumbai,poonam nagar,19.1369178,72.869128
Mumbai,Jambli Galli,19.2260508,72.8543007
Mumbai,CBD Belapur East,19.0234849,73.0384895
Mumbai,Devidas Cross Lane,,
Mumbai,Powai Vihar Road,19.116362,72.9038517
Mumbai,BANDRA RECLEMATION,,
Mumbai,Eksar Village,,
Mumbai,Chandavarkar Road,,
Mumbai,Sahyadri Nagar,19.037232,72.906763
Mumbai,Sector-12 Kopar Khairane,19.1056227,72.9988648
Mumbai,New MHB Colony Mumbai,19.2282086,72.838496
Mumbai,IC Colony Cross Road Number 6,,
Mumbai,Borivali West New Ashok Nagar,,
Mumbai,malwani malad west,19.1966847,72.8227304
Mumbai,Saibaba Nagar,19.0841614,72.9105915
Mumbai,dhanukarwadi,,
Mumbai,Gulmohar Cross Road Number 6,,
Mumbai,Tembhi Naka Dhobi Ali,,
Mumbai,1 Sector Number 3 Road,,
Mumbai,Powai MHADA Colony,,
Mumbai,Bhuleshwar,18.9537706,72.8274755
Mumbai,Ramayan Nagar,,
Mumbai,jvlr andheri east,,
Mumbai,Mulund West Mumbai,19.1724355,72.9530767
Mumbai,Ambivli,19.1315938,72.8346293
Mumbai,Rabale Station Road,19.1365763,73.0020717
Mumbai,Malad West Gaikwad Nagar,,
Mumbai,Curry Road Bridge,18.9950815,72.832883
Mumbai,Linking Road   Santacruz West,19.0844724,72.8346157
Mumbai,Sector 8 Kopar Khairane Road,19.1069664,73.0095196
Mumbai,Taloja Phase 1 Road,,
Mumbai,Sector 7 Kharghar,,
Mumbai,Diva,19.2300117,73.0281438
Mumbai,Bonshet,,
Mumbai,Khalapur,18.7996882,73.2860473
Mumbai,Bhoomi Park Phase 2 Road,19.2019214,72.8181718
Mumbai,BKC Bandra,19.0592671,72.861326
Mumbai,Cusrow Baug Colony,,
Mumbai,Bapgoan,,
Mumbai,Khopoli,18.7963261,73.2884961
Mumbai,Evershine City,,
Mumbai,Sector12 Kopar Khairane,19.1056227,72.9988648
Mumbai,20 Vashi Kopar Khairane Road,,
Mumbai,Kasheli,,
Mumbai,Kalyan Shilphata Road,,
Mumbai,Eranjad,,
Mumbai,Vadavali Section,,
Mumbai,Mulund Check Naka,19.1831456,72.9540881
Mumbai,Uran,19.0375563,73.0290014
Mumbai,Asangaon,19.4397472,73.3080116
Mumbai,MSES Colony,,
Mumbai,Sector 8 Charkop,19.2141193,72.8258652
Mumbai,Lallubhai Park Road,,
Mumbai,Pankti Co operative Housing Society,,
Mumbai,Teli Galli Cross Road,,
Mumbai,Vihighar,,
Mumbai,Samata nagar,19.2068605,72.8697453
Mumbai,Press Bazar,,
Mumbai,Jacob Circle,18.9810531,72.8267863
Mumbai,Kunchi Kurve Nagar Kalina,,
Mumbai,Oberoi Splendor,19.1404894,72.8647504
Mumbai,Shastri Nagar,19.0928654,72.8515077
Mumbai,Tejpal Scheme Road Number 3,19.1081165,72.8502764
Mumbai,Saat Rasta,18.9810531,72.8267863
Mumbai,Lal Chowki,,
Mumbai,Bhangarwadi,,
Mumbai,J B Nagar,19.1067657,72.8639412
Mumbai,Sion Koliwada,19.0407302,72.8642303
Mumbai,Shell Colony Sahakar Nagar,,
Mumbai,PARSIK NAGAR,19.2056319,73.0078003
Mumbai,Maneklal Estate,,
Mumbai,Narendra Complex,19.252261,72.87286
Mumbai,Kurar Village,,
Mumbai,Kalher,,
Mumbai,Mhatre Nagar,19.2072381,72.8365782
Mumbai,dindoshi,19.1740198,72.8695219
Mumbai,Shelwadi,,
Mumbai,Shahapur,19.453876,73.327579
Mumbai,Paranjape Nagar,19.1349978,72.9351016
Mumbai,Chakala,19.1152873,72.8618085
Mumbai,Kailash Colony,19.0793369,72.910051
Mumbai,Padgha,19.3643184,73.1757195
Mumbai,old panvel,,
Mumbai,new Panvel navi mumbai,18.9904678,73.1279357
Mumbai,Sector 23 Nerul,19.0370749,73.0124752
Mumbai,Chandrabai Nagar,19.0875,72.8277
Mumbai,Ashoknagar,,
Mumbai,Kolegaon,,
Mumbai,Ramabai Ambedkar Nagar,19.1247542,72.9201221
Mumbai,Kharghar Sector 34C,19.0712057,73.079077
Mumbai,Sector-27 Nerul,19.0370909,73.0233188
Pune,Mundhwa,18.5343218,73.9298264
Pune,Wakad,18.6022495,73.7644454
Pune,Wagholi,18.5806299,73.9833099
Pune,Kothrud,18.5072618,73.8056676
Pune,Yerawada,18.5586854,73.8954953
Pune,Ganj Peth,18.5076459,73.8667489
Pune,Pimple Saudagar,18.5981553,73.7977661
Pune,Hinjewadi,18.5924659,73.7606865
Pune,Dhanori,18.5906707,73.8913189
Pune,Nigdi,18.6598134,73.7772821
Pune,Bopkhel,18.5775917,73.8533183
Pune,Viman Nagar,18.5703877,73.9133336
Pune,Dhayari,18.4373984,73.8190432
Pune,Chakan,18.7623111,73.8625448
Pune,Chinchwad,18.6403548,73.7917128
Pune,Kharadi,18.5512763,73.9416575
Pune,Kalyani Nagar,18.5481382,73.9025513
Pune,Ravet,18.643269,73.7450557
Pune,Lohegaon,18.5803749,73.9182265
Pune,Parvati Darshan,,
Pune,Chikhali,18.6642449,73.8266835
Pune,Baner,18.5589937,73.7845232
Pune,Pimple Gurav,18.5874457,73.8213076
Pune,Bhosari,18.6210093,73.8501298
Pune,Undri,18.4519302,73.8913901
Pune,Dighi,18.6227121,73.8738776
Pune,Sus,18.5536672,73.752727
Pune,Hadapsar,18.5007741,73.9379146
Pune,Sinhgad Road,18.4644244,73.8323998
Pune,Tathawade,18.6153997,73.7501907
Pune,Ambegaon 1,19.1430582,73.638586
Pune,Karve Nagar,18.4894205,73.821347
Pune,Bavdhan,18.5209541,73.7780873
Pune,Warje,18.4820444,73.8001705
Pune,Kondhwa,18.4779905,73.8940627
Pune,Manjari,18.5236232,73.9871692
Pune,Daund,18.4834351,74.3621686
Pune,Manjari Budruk,18.5122093,73.9719339
Pune,Wadegaon,18.5560689,74.0658057
Pune,New Sangavi,,
Pune,Pimpri,18.6231854,73.8019932
Pune,Alandi,18.6772446,73.8981129
Pune,Gahunje,18.6668233,73.7020767
Pune,Wadgaon Sheri,18.548967,73.9149296
Pune,Sopan Baug,18.5141709,73.9014013
Pune,Katraj,18.4536792,73.8563196
Pune,Pimple Nilakh,18.5696605,73.794051
Pune,Bhawani Peth,,
Pune,Anand Nagar,18.4782576,73.823807
Pune,Siddharth nagar,18.565532,73.8135828
Pune,Thergaon,18.609275,73.7729374
Pune,Talwade,18.6966651,73.7916232
Pune,Tingre Nagar,18.5847495,73.8927069
Pune,Akurdi,18.6486418,73.7647081
Pune,Sangamvadi,,
Pune,Pirangut,18.5112818,73.6790069
Pune,Kasba Peth,18.5213749,73.8596235
Pune,Wanowrie,18.4883683,73.8986672
Pune,Aundh,18.5618834,73.8101957
Pune,Balewadi,18.5820266,73.7689831
Pune,Handewadi,18.4851264,73.9316774
Pune,New Kalyani Nagar,,
Pune,Punawale,18.6382904,73.7461948
Pune,Fursungi,18.4726271,73.9791077
Pune,Budhwar Peth,18.5175599,73.858037
Pune,Dhayari Phata,18.4589198,73.8093956
Pune,Talegaon Dabhade,18.7337107,73.6728593
Pune,Ambegaon Budruk,18.4490308,73.8528624
Pune,Pashan,18.5386704,73.7952542
Pune,Rahatani,18.6024826,73.7959899
Pune,hingne Khurd,18.4796701,73.8250995
Pune,NIBM Annex Mohammadwadi,,
Pune,Ganesh Nagar,18.5927116,73.8625967
Pune,Magarpatta,18.5111545,73.9273823
Pune,Wanwadi,18.4880464,73.8937064
Pune,Ghorpadi,18.5268544,73.9000956
Pune,Vadgaon Budruk,18.4674971,73.825365
Pune,Chandan Nagar,18.5570956,73.9280864
Pune,Mahalunge,19.0931323,73.7526518
Pune,Shewalewadi,18.4954862,73.9713563
Pune,Vishrantwadi,18.57263,73.87825
Pune,Hinjewadi Phase 1,18.5920682,73.7576392
Pune,Ambegaon Pathar,18.4539864,73.8409138
Pune,Shivaji Nagar,18.532172,73.8496602
Pune,Koregaon Park,18.5366225,73.8932738
Pune,Manjari Khurd,18.5258016,73.9920372
Pune,Agalambe,18.4311498,73.7181376
Pune,Nanded,18.4562606,73.7860232
Pune,Charholi Budruk,18.6428729,73.8780697
Pune,Shivane,18.4670411,73.7930648
Pune,Bhugaon,18.5000084,73.7501119
Pune,Rasta Peth,18.5196867,73.8649373
Pune,Kondhwa Budruk,18.4576183,73.8865816
Pune,NIBM Annexe,,
Pune,Mohammed wadi,,
Pune,Sinhagad Fort,18.3647205,73.757511
Pune,Ashok Nagar,18.1546781,74.5832768
Pune,Perugate,18.5110983,73.8472978
Pune,Morwadi,18.6393407,73.8057105
Pune,Sunarwadi,,
Pune,Khadakwasla,18.4392428,73.7757659
Pune,Old Sangvi,18.574108,73.8203773
Pune,Khadki,18.5681753,73.8507787
Pune,Dhankawadi Police Station Road,18.4649597,73.8488673
Pune,Erandwane,18.5087486,73.8318432
Pune,Dhaygude Wada,18.5635136,73.8118462
Pune,Karegaon,18.7828131,74.2966193
Pune,Nere,18.6337128,73.6956843
Pune,Bibwewadi,18.4752329,73.8562486
Pune,Moshi,18.6523154,73.8442032
Pune,Yashwantnagar,18.7420484,73.6752363
Pune,Fatima Nagar,18.5045098,73.902129
Pune,Bhukum,18.4945396,73.7214015
Pune,Koregaon Bhima,,
Pune,Deccan Gymkhana,18.5158926,73.84116
Pune,Sheela Vihar Colony,,
Pune,Sasane Nagar,18.4934732,73.9326269
Pune,Kalewadi,18.6069696,73.7835393
Pune,Warje Malwadi,,
Pune,Jambhe,,
Pune,Shukrawar Peth,18.5113537,73.8540109
Pune,Bhegade Aali,,
Pune,Vakil Nagar,,
Pune,Rambaug Colony,18.5113684,73.8155321
Pune,Sadashiv Peth,18.5107764,73.8502149
Pune,Shaniwar Peth,18.5192839,73.8524863
Pune,Sanaswadi,18.3689135,73.8134158
Pune,bavdhan patil nagar,,
Pune,Bund Garden,18.5405933,73.8834394
Pune,Vikas Nagar,18.4656426,73.8176244
Pune,Gultekdi,18.4938936,73.8676329
Pune,Vadgaon,18.7425866,73.6366603
Pune,Narhe,18.1919971,73.8594505
Pune,Talegaon,18.7351057,73.6720899
Pune,Balaji Nagar,18.4532267,73.8583793
Pune,Pimpri Chinchwad,18.6279288,73.8009829
Pune,Mangawadi,,
Pune,Dattwadi,,
Pune,Ubale Nagar,18.5726091,73.9559404
Pune,DP Road,18.5024761,73.8017103
Pune,Shinde Vasti,18.6491079,74.1935839
Pune,Nigdi Sector 24,,
Pune,Vishal Nagar,18.5853217,73.7829378
Pune,Baramati,18.2198538,74.4534054
Pune,Law College Road,18.5183802,73.8302027
Pune,Dange Chowk,18.6156694,73.765352
Pune,Keshav Nagar,18.5322658,73.9383844
Pune,Bopodi,18.5696611,73.8381029
Pune,Koregaon Park Annexe,18.5304765,73.9135448
Pune,Satara road,18.4551685,73.8587833
Pune,Ghorapdi,,
Pune,Akurdi Chowk,18.6502166,73.7853094
Pune,Dhanakwadi,,
Pune,Pradhikaran Nigdi,18.6568824,73.7751023
Pune,Yamuna Nagar,18.6641129,73.7868217
Pune,Shivtirth Nagar,18.5119944,73.8085172
Pune,Happy Colony,18.4955779,73.8146034
Pune,Somwar Peth,18.5220747,73.8652393
Pune,Ideal Colony,18.5090654,73.8168618
Pune,Chinchwad Gaon,18.6214749,73.7824318
Pune,NIBM,18.463108,73.9115982
Pune,Jambhulwadi Road,18.4329353,73.841346
Pune,Handewadi Road,18.4851264,73.9316774
Pune,Pisoli Road,18.4516288,73.8927589
Pune,bhusari colony,18.5101794,73.795932
Pune,Wadgaon Budruk,18.4643291,73.824498
Pune,Paud Road,18.5077601,73.7880593
Pune,Chikhali Sector 16,18.6317878,73.8030817
Pune,Bhairav Nagar,,
Pune,Dhanukar Colony,,
Pune,Karve Road Kothrud,18.5032107,73.8200655
Pune,Wagholi Road,18.5825533,73.9809035
Pune,Vijay Nagar,18.4425944,73.8122914
Pune,Kalewadi Phata PimpriChinchwad,,
Pune,Adarsh Nagar Kiwale,,
Pune,Kothrud Depot Road,18.5065196,73.7952473
Pune,Vanaz corner,18.5072076,73.8077817
Pune,Ramkrishna Paramhans Nagar,,
Pune,Bhelkenagar,,
Pune,Chandani Chowk,18.5075453,73.7810091
Pune,Eklavya Colony,,
Pune,Dhole Patil Road,18.534898,73.8767171
Pune,Awhalwadi,,
Pune,Kasarwadi,18.6080927,73.8208678
Pune,Satar Nagar,,
Pune,Lulla Nagar,,
Pune,Kausar Baugh,18.4766241,73.8940071
Pune,Salunke Vihar,,
Pune,Vishal Nagar Main,,
Pune,Kolwadi,18.8187004,73.5038052
Pune,Loni Kalbhor,18.488353,74.0221934
Pune,Bhusari colony right,18.5101794,73.795932
Pune,Bhusari colony left,18.5059863,73.793386
Pune,Kharadi bypass,18.5496557,73.9369177
Pune,Bharati Vidyapeeth,18.4602808,73.8519484
Pune,Market yard,18.4877859,73.8575177
Pune,Kalyani Nagar Annexe,,
Pune,Wanawadi Gaon,,
Pune,Dehu Road Cantonment,18.6691412,73.7511152
Pune,Dattavadi,,
Pune,Ambegaon PuneMumbai Hwy,,
Pune,Bibwewadi Kondhwa Road,,
Pune,Mamurdi,18.6852443,73.722612
Pune,Mulshi,18.5000153,73.513737
Pune,Walvekar Nagar,18.4817599,73.8561387
Pune,BT Kawde,18.5180975,73.9073985
Pune,Dhankawadi,18.4654198,73.850152
Pune,Kondhwa Khurd,,
Pune,Sukhsagar Nagar,,
Pune,Shikshak nagar,18.5541388,73.8070404
Pune,Pune Satara Road,18.8250074,74.3745183
Pune,Dhankawadi Road,18.4652848,73.8550257
Pune,katraj kondhwa road,18.452592,73.8833497
Pune,Kirkatwadi,18.4463007,73.7888904
Pune,Dhamalwadi Bhekrai Nagar,,
Pune,Boat Club Road,18.539366,73.8782661
Pune,Gururaj Society,18.4745314,73.8567338
Pune,Sector No1 Bhosari,18.6349426,73.8491402
Pune,Shantiban Society,18.5025633,73.7972047
Pune,Teen Hatti Chowk Road,,
Pune,Sahakar Nagar II,18.4900796,73.8475301
Pune,Mohan Nagar,18.5579177,73.7659639
Pune,Pune Satara Rd,18.8250074,74.3745183
Pune,Bharati Vidyapeeth Campus,18.4578364,73.8547476
Pune,Wakad Pune,18.6026961,73.7646584
Pune,Pune Solapur Road,18.5063001,73.9082484
Pune,Taljai Road,18.4807319,73.8470406
Pune,Hadapsar Gaon,,
Pune,Wagholi Kesnand Wadegaon Road,,
Pune,Yewalewadi,18.4358283,73.8963635
Pune,Dashrath Nagar Bhekrai Nagar,,
Pune,Raviwar Peth,,
Pune,Baner Road,18.5453931,73.8221682
Pune,Mahalunge Ingale,,
Pune,Someshwarwadi,18.5511317,73.7981099
Pune,Baner Pashan Link Road,18.5522541,73.7975149
Pune,Manjri Village Road,,
Pune,Laxman Nagar,18.570425,73.7684672
Pune,Rajas Society,18.4539472,73.8654247
Pune,National Society,18.5524922,73.8130384
Pune,Jambhul,,
Pune,ITI road,18.554654,73.8093996
Pune,L&T Labour Colony,,
Pune,Kokane Mala,,
Pune,AWHO Hadapsar Colony,,
Pune,Jagdishnagar,18.5553733,73.816335
Pune,Subhas Nagar,,
Pune,Pandhari Nagar,,
Pune,Kranti Nagar,18.5845974,73.7857185
Pune,Baner Hill Trail,18.5534181,73.7890418
Pune,Santhosh Nagar,,
Pune,Wakad Chowk Road,18.6067469,73.7591649
Pune,Shivajinagar,18.5325915,73.8513115
Pune,Elite 27,18.5083436,73.7875678
Pune,Narayan Peth,18.5155793,73.8510765
Pune,Madhav Nagar,18.5025763,73.8163545
Pune,Vardhaman Township Sasane Nagar,,
Pune,Dahanukar Colony,18.4953587,73.811635
Pune,MAE Campus,,
Pune,Vittalvadi,,
Pune,SNBP School Road,18.5086948,73.7633261
Pune,Blue Ridge   Paranjpe Schemes,,
Pune,Vishal nagar square new dp road,,
Pune,Tilekar Nagar,18.4467271,73.8807158
Pune,Om Colony,18.6128437,73.763069
Pune,Model Colony,18.5314302,73.8374513
Pune,Prabhat Road,18.5119748,73.8316078
Pune,Bhandarkar Road,,
Pune,paud,18.5242717,73.6155138
Pune,Tulaja Bhawani Nagar,,
Pune,Skylights Road,,
Pune,EON Free Zone,18.551815,73.951153
Pune,Pune Station,18.5271719,73.8729107
Pune,Salunke Vihar Road,,
Pune,Sainath Nagar,18.5404184,73.9317499
Pune,Megapolis Sunway Internal Road,,
Pune,Vascon Paradise Society,,
Pune,Mukai Nagar,18.5896553,73.7875034
Pune,Ramtekdi Industrial Area,18.4960605,73.9191747
Pune,kesnand,18.5726953,74.0219361
Pune,Vadgoan Sheri Rajendri Nagar,,
Pune,Sakal Nagar,18.5476545,73.8196771
Pune,Uttam Nagar,,
Pune,Siddartha Nagar,,
Pune,Phase 2,18.5711945,73.8833816
Pune,Pisoli,18.4516863,73.8927611
Pune,Nerhe,,
Pune,Balewadi High Street,18.5707189,73.7743082
Pune,Kondhwa Budrukh,,
Pune,Balewadi Phata,18.5635538,73.7828703
Pune,Madhala Vada,,
Pune,Salisbury Park,,
Pune,Swargate,18.5004949,73.8529037
Pune,Jambhulwadi,18.4360932,73.8415744
Pune,Pune Cantonment,18.5109073,73.8851018
Pune,Marunji,18.6116702,73.7156487
Pune,Munjaba Vasti,,
Pune,Mukesh Nagar,18.6285864,73.8228412
Pune,KondhwaUndriSaswad Road,,
Pune,Vasant Vihar,18.5595847,73.7736621
Pune,Marvel Fria Road,18.582591,73.9702664
Pune,Tapodham,18.4801832,73.8087201
Pune,Sindhi Colony,,
Pune,Gokhalenagar,,
Pune,Anand Tirth Nagar,,
Pune,Guruwar Peth,18.5113589,73.8576197
Pune,Kalwad,18.5938423,73.9071203
Pune,Baderaj Colony,,
Pune,Shedge Vasti PimpriChinchwad,,
Pune,Marunji Road,18.6195037,73.6984219
Pune,Satavwadi,,
Pune,Nimbalkar Nagar Lohgaon,,
Pune,Adarsh Nagar Lohgaon,,
Pune,Varsha Park Society,,
Pune,Vallabh Nagar,18.6142061,73.8161931
Pune,Maan,18.5746155,73.7092529
Pune,Gulab Nagar Pune,18.465875,73.8538299
Pune,Camp,18.5216239,73.8717527
Pune,Netaji Nagar,18.5841767,73.8144984
Pune,BT Kawade Road,,
Pune,Satyapuram Co operative Housing Society,,
Pune,Shastri Nagar,18.5562781,73.8944124
Pune,Bodkewadi,,
Pune,New DP Road,18.5661261,73.7899844
Pune,Murlidhar Housing Society,,
Pune,Pan Card Club Road,,
Pune,New Sanghvi,18.576661,73.818573
Pune,Sanjay Park,18.570778,73.9038798
Pune,chintamani park,18.4875017,73.8745415
Pune,Munjaba Basti,,
Pune,Sharad Nagar,18.5367118,73.9461812
Pune,Mundhwa Kharadi Road,,
Pune,Sahakar Nagar,18.4900796,73.8475301
Pune,Varale Pune,,
Pune,Kanhe,18.7620969,73.594046
Pune,Indryani nagar,,
Pune,Tukaram Nagar,18.6145958,73.8156786
Pune,Kalewadi Pandhapur Road,,
Pune,Mayur Nagari,,
Pune,Senapati Bapat Road,,
Pune,Lokmanya Nagar,18.5047565,73.8461351
Pune,Jangali Maharaj Road,,
Pune,Kondwa khurd road,,
Pune,Purnanagar,,
Pune,Balewadi Gaon,18.5762113,73.7797577
Pune,Empire Estate Phase 1,18.6315095,73.7975794
Pune,Shree Sidhivinayaka Nagri,,
Pune,Sector 27 Pradhikaran,18.6450834,73.7697721
Pune,Nehru Nagar,19.9730032,73.8170492
Pune,Ganesh Peth,18.5154218,73.8647366
Pune,Hanuman Nagar,18.6751368,73.7903647
Pune,Siddharth Residency,18.5004864,73.8202833
Pune,Bakhori,,
Pune,Kolte Patil,18.6235219,73.7158999
Pune,Uruli Devachi,,
Pune,Sky Water Road,,
Pune,Sadhu Vaswani Chowk,18.5248517,73.876534
Pune,mandai,18.5123544,73.8570331
Pune,Vadgaon Sheri,,
Pune,Porwal Rd,18.6085742,73.9111294
Pune,Amar Srushti,,
Pune,Phursungi Village Road,,
Pune,Dehu,18.7208189,73.7660439
Pune,Shikrapur,18.695989,74.1369009
Pune,Blue Ridge Approach Road,18.5751219,73.7430597
Pune,Bopdev Ghat,18.4120515,73.8992068
Pune,Veerbhadra Nagar,,
Pune,Nigdi Sector 26,18.6607674,73.7778262
Pune,sinhagad road,18.4644587,73.8157646
Pune,Dapodi,18.5816816,73.8326689
Pune,Kunal Icon Road,18.5938257,73.7927638
Pune,Mukund Nagar,18.4952174,73.8662236
Pune,aranyeshwar,18.4854423,73.8512225
Pune,maharshi nagar,18.4933317,73.8711103
Pune,Padmavati,18.4610069,73.8580973
Pune,Tilak Road,18.5080208,73.8501091
Pune,Shankarseth Road,,
Pune,Shankar Sheth Rd,18.5026113,73.8734318
Pune,Shree Sant Eknath Nagar,,
Pune,Sant Nagar,18.4812253,73.8600329
Pune,Yashwantrao Chavan Nagar,18.4930978,73.853733
Pune,Chhatrapati Sambhaji Nagar,,
Pune,Pashan Sus Road,18.5432281,73.7875039
Pune,Pune Nagar Road,18.5516855,73.8952195
Pune,Manaji Nagar,18.4508912,73.8270567
Pune,Deshmukhwadi,18.8633921,73.6574829
Pune,Kutwal Colony,,
Pune,Garmal,,
Pune,Kale Padal,18.4880073,73.9334953
Pune,Shindenagar,,
Pune,MG Road,18.50643,73.8785414
Pune,Wakadkar Wasti,,
Pune,Narayangaon,19.1202895,73.9732877
Pune,Ram Nagar,18.5588259,73.8057142
Pune,Kaspate Vasti,18.5930207,73.77287
Pune,Kaspate Vasti Road,18.5902997,73.7734193
Pune,Vanaz Corner Pedestrian Crossing,,
Pune,Maval,18.7428521,73.4253207
Pune,Pratik Nagar,18.5688477,73.8836992
Pune,Kothrud Bus Stand Road,,
Pune,Yashwant Nagar,18.5400691,73.8346416
Pune,Udyog Nagar,18.481662,73.9333845
Pune,Gujrat Colony,,
Pune,Ghule Vasti,,
Pune,Sector 29,18.5213738,73.8545071
Pune,Lonikand,18.5946327,74.032192
Pune,Old Sanghvi,,
Pune,Dattanagar,18.4694413,73.8312361
Pune,Bhoirwadi,,
Pune,Ranjangaon,18.7536353,74.2445791
Pune,Laxmi Chowk Road,18.6006921,73.7390408
Pune,Bhau Patil Road,,
Pune,Bhumkar Das Gugre Road,,
Pune,Marutirao Gaikwad Nagar,,
Pune,Mundhwa Manjari Road,,
Pune,Saswad,18.3444347,74.0295234
Pune,Indrayani Nagar Sector 2,18.6349426,73.8491402
Pune,Walhekarwadi Chinchwad,18.6312428,73.7754879
Pune,Jawalkar Nagar,,
Pune,Olkaiwadi,,
Pune,Pandav Nagar,,
Pune,Kolhewadi,19.3555262,73.8309359
Pune,Kiwale,18.8496805,73.8034486
Pune,Wadarvadi,,
Pune,Shirgaon,18.6788722,73.6868794
Pune,Junnar,19.2006808,73.976819
Pune,Sant tukaram Nagar,18.6144701,73.8157149
Pune,Rajgurunagar,18.8555378,73.8863954
Pune,Mangdewadi,,
Pune,Gananjay Society Chaitanya Nagar,,
Pune,wadebolhai,18.585783,74.078205
Pune,Somatane,18.703448,73.680582
Pune,Nanded Phata,18.4546606,73.7964817
Pune,Karve Road Erandwane,18.5032107,73.8200655
Pune,Vitthal Wadi,18.6771153,73.8226576
Pune,Giridhar Nagar,18.4932971,73.8691437
Pune,Dadachi Wasti,,
Pune,Kondhawe Dhawade,,
Pune,Kamshet,18.7669374,73.5524324
Pune,bhekarai nagar,,
Pune,Modi Colony,18.5188864,73.8729217
Pune,Chandkhed,18.6482986,73.6488247
Pune,Shirur,18.7610989,74.209529
Pune,Yerwada Village,,
Pune,Valvan Lonavla,,
Pune,Dehu Phata,18.671332,73.891951
Pune,Pangoli,,
Pune,Digambar Nagar,18.48159,73.810947
Pune,Hingne Budrukh,,
Pune,Bakori Road,18.5936875,74.0132518
Pune,Tukai Darshan,18.491412,73.9491227
Pune,Saibaba Nagar,,
Pune,Mohan Nagar MIDC,,
Pune,Indrayani Nagar,18.6308141,73.8358906
Pune,Talegaon Dhamdhere,18.6676999,74.1527672
Pune,Renuka Nagar,18.5350478,73.9458793
Pune,Gananjay Society,18.500126,73.8047754
Pune,Aundh Gaon,18.566766,73.8116529
